# SIPES, Base de Titulos Universitarios (DNGU), https://sipes.siu.edu.ar/buscar_titulos_form.php . Todas las paginas del buscador para las cinco instituciones, consultado el 2026-09-08 (hora de Argentina, noche del 7) con el formulario y su paginado. UTN es la universidad entera (no se puede filtrar por Facultad Regional); Siglo 21 dicta a distancia.
cod_institucion,institucion,titulo,carrera,resolucion_reconocimiento_oficial,modalidad,nivel
36,Universidad Nacional de Tucumán,ABOGADO,ABOGACÍA,R.M./3207/2021,PRESENCIAL,Grado
36,Universidad Nacional de Tucumán,ABOGADO/A, ,R.M.1153/01,PRESENCIAL,Grado
36,Universidad Nacional de Tucumán,ACTOR/ACTRIZ,TECNICATURA UNIVERSITARIA EN ACTUACIÓN TEATRAL,R.M./913/2024,PRESENCIAL,Pregrado
36,Universidad Nacional de Tucumán,AGRIMENSOR/A,INGENIERÍA EN AGRIMENSURA,R.M./1954/2017,PRESENCIAL,Grado
36,Universidad Nacional de Tucumán,ANALISTA EN COMPUTACIÓN,INGENIERÍA EN COMPUTACIÓN,R.M.1486/05,PRESENCIAL,Grado
36,Universidad Nacional de Tucumán,ARQUEOLOGO, ,R.M.2150/88 - R.M.1227/99,PRESENCIAL,Grado
36,Universidad Nacional de Tucumán,ARQUITECTO/A,ARQUITECTURA,D./82/2025,PRESENCIAL,Grado
36,Universidad Nacional de Tucumán,ARQUITECTO/A,ARQUITECTURA,C.S. - R.M./1461/2012,PRESENCIAL,Grado
36,Universidad Nacional de Tucumán,ASISTENTE DE INGENIERO/A EN COMPUTACIÓN,INGENIERÍA EN COMPUTACIÓN,R.M.1486/05,PRESENCIAL,Pregrado
36,Universidad Nacional de Tucumán,AYUDANTE DE LABORATORIO DE BIOLOGIA Y QUIMICA DE LAS ESCUELAS DE ENSEÑANZA MEDIA, ,R.M.0009/95,PRESENCIAL,Pregrado
36,Universidad Nacional de Tucumán,BACHILLER EN ARTES PLÁSTICAS Y VISUALES,BACHILLER EN ARTES PLÁSTICAS Y VISUALES,R.M./2596/2021,PRESENCIAL,Posgrado
36,Universidad Nacional de Tucumán,"BACHILLER EN ARTES VISUALES, ESPECIALIZACIÓN EN PINTURA; BACHILLER EN ARTES VISUALES, ESPECIALIZACIÓN EN ESCULTURA; BACHILLER EN ARTES VISUALES, ESPECIALIZACIÓN EN CERÁMICA Y BACHILLER EN ARTES VISUALES, ESPECIALIZACIÓN EN ARTE IMPRESO","BACHILLER EN ARTES VISUALES, ESPECIALIZACIÓN EN PINTURA; BACHILLER EN ARTES VISUALES, ESPECIALIZACIÓN EN ESCULTURA; BACHILLER EN ARTES VISUALES, ESPECIALIZACIÓN EN CERÁMICA Y BACHILLER EN ARTES VISUALES, ESPECIALIZACIÓN EN ARTE IMPRESO",R.M./55/2018,PRESENCIAL,Preuniversitario
36,Universidad Nacional de Tucumán,BACHILLER EN CIENCIAS NATURALES,BACHILLERATO EN CIENCIAS NATURALES,R.M./2881/2019,PRESENCIAL,Preuniversitario
36,Universidad Nacional de Tucumán,BACHILLER EN CIENCIAS SOCIALES Y HUMANIDADES,BACHILLER EN CIENCIAS SOCIALES Y HUMANIDADES,R.M./2732/2019,PRESENCIAL,Preuniversitario
36,Universidad Nacional de Tucumán,BAILARÍN/BAILARINA EN DANZA CONTEMPORÁNEA,PROFESORADO EN DANZA CONTEMPORÁNEA,R.M./2466/2019,PRESENCIAL,Grado
36,Universidad Nacional de Tucumán,BAILARIN DE DANZA CONTEMPORANEA, ,R.M.1228/88,PRESENCIAL,Pregrado
36,Universidad Nacional de Tucumán,BIOQUÍMICO/A,BIOQUÍMICA,R.M.0972/98 - R.M.0072/08 - R.M./2350/2015 - R.M./2762/2017,PRESENCIAL,Grado
36,Universidad Nacional de Tucumán,DECORADOR DE INTERIORES, ,R.M.1342/94,PRESENCIAL,Pregrado
36,Universidad Nacional de Tucumán,DISEÑADOR/A DE ILUMINACIÓN,DISEÑO DE ILUMINACIÓN,R.M./2378/2019,PRESENCIAL,Grado
36,Universidad Nacional de Tucumán,DISEÑADOR DE INTERIORES Y EQUIPAMIENTO, ,R.M.2449/98,PRESENCIAL,Grado
36,Universidad Nacional de Tucumán,"DOCTOR/A EN ALIMENTOS, ORIENTACIÓN EN CIENCIA O INGENIERÍA",DOCTORADO EN CIENCIA Y TECNOLOGÍA DE LOS ALIMENTOS,R.M./120/2018,PRESENCIAL,Posgrado
36,Universidad Nacional de Tucumán,DOCTOR/A EN ARQUEOLOGÍA,DOCTORADO EN ARQUEOLOGÍA -ACREDIT CONEAU 250-17,R.M./1828/2019,PRESENCIAL,Posgrado
36,Universidad Nacional de Tucumán,DOCTOR/A EN ARQUITECTURA,DOCTORADO EN ARQUITECTURA,R.M./227/2023,PRESENCIAL,Posgrado
36,Universidad Nacional de Tucumán,DOCTOR/A EN BIOQUÍMICA,DOCTORADO EN BIOQUÍMICA,R.M./960/2024,PRESENCIAL,Posgrado
36,Universidad Nacional de Tucumán,DOCTOR/A EN BIOTECNOLOGÍA,DOCTORADO EN BIOTECNOLOGÍA,R.M./2170/2022,PRESENCIAL,Posgrado
36,Universidad Nacional de Tucumán,DOCTOR/A EN CIENCIAS BIOLÓGICAS,DOCTORADO EN CIENCIAS BIOLÓGICAS,R.M./387/2023,PRESENCIAL,Posgrado
36,Universidad Nacional de Tucumán,DOCTOR/A EN CIENCIAS BIOLÓGICAS,DOCTORADO EN CIENCIAS BIOLÓGICAS,R.M./1396/2013 - R.M./3106/2015,PRESENCIAL,Posgrado
36,Universidad Nacional de Tucumán,DOCTOR/A EN CIENCIAS ECONÓMICAS: MENCIÓN ADMINISTRACIÓN,"DOCTORADO EN CIENCIAS ECONÓMICAS CON MENCIÓN EN ECONOMÍA POLÍTICA, CON MENCIÓN EN ADMINISTRACIÓN Y CON MENCIÓN EN ESTADÍSTICA",R.M./3439/2022,PRESENCIAL,Posgrado
36,Universidad Nacional de Tucumán,DOCTOR/A EN CIENCIAS ECONÓMICAS: MENCIÓN ECONOMÍA POLÍTICA,"DOCTORADO EN CIENCIAS ECONÓMICAS CON MENCIÓN EN ECONOMÍA POLÍTICA, CON MENCIÓN EN ADMINISTRACIÓN Y CON MENCIÓN EN ESTADÍSTICA",R.M./3439/2022,PRESENCIAL,Posgrado
36,Universidad Nacional de Tucumán,DOCTOR/A EN CIENCIAS ECONÓMICAS: MENCIÓN ESTADÍSTICA,"DOCTORADO EN CIENCIAS ECONÓMICAS CON MENCIÓN EN ECONOMÍA POLÍTICA, CON MENCIÓN EN ADMINISTRACIÓN Y CON MENCIÓN EN ESTADÍSTICA",R.M./3439/2022,PRESENCIAL,Posgrado
36,Universidad Nacional de Tucumán,DOCTOR/A EN CIENCIAS EXACTAS E INGENIERÍA,DOCTORADO EN CIENCIAS EXACTAS E INGENIERÍA,R.M./6/2019 - R.M./65/2023,PRESENCIAL,Posgrado
36,Universidad Nacional de Tucumán,DOCTOR/A EN CIENCIAS QUÍMICAS,DOCTORADO EN CIENCIAS QUÍMICAS,R.M./275/2023,PRESENCIAL,Posgrado
36,Universidad Nacional de Tucumán,DOCTOR/A EN CIENCIAS Y TECNOLOGÍAS DE LA LUZ,DOCTORADO EN CIENCIAS Y TECNOLOGÍAS DE LA LUZ,R.M./453/2022,PRESENCIAL,Posgrado
36,Universidad Nacional de Tucumán,DOCTOR/A EN DERECHO,DOCTORADO EN DERECHO,R.M./1489/2018,PRESENCIAL,Posgrado
36,Universidad Nacional de Tucumán,DOCTOR/A EN DERECHO,DOCTORADO EN DERECHO,D./1259/2025,PRESENCIAL,Posgrado
36,Universidad Nacional de Tucumán,DOCTOR/A EN DERECHO PRIVADO,DOCTORADO EN DERECHO PRIVADO,R.M./156/2018,PRESENCIAL,Posgrado
36,Universidad Nacional de Tucumán,DOCTOR/A EN EDUCACIÓN,DOCTORADO EN EDUCACIÓN,D./422/2025,PRESENCIAL,Posgrado
36,Universidad Nacional de Tucumán,DOCTOR/A EN ESTUDIOS SOCIALES,DOCTORADO EN ESTUDIOS SOCIALES Y POLÍTICOS REGIONALES,R.M./3016/2022,PRESENCIAL,Posgrado
36,Universidad Nacional de Tucumán,DOCTOR/A EN FARMACIA,DOCTORADO EN FARMACIA,D./307/2025,PRESENCIAL,Posgrado
36,Universidad Nacional de Tucumán,DOCTOR/A EN FILOSOFÍA, ,R.M.1357/10,PRESENCIAL,Posgrado
36,Universidad Nacional de Tucumán,DOCTOR/A EN GEOLOGÍA,DOCTORADO EN GEOLOGÍA,R.M./2761/2019,PRESENCIAL,Posgrado
36,Universidad Nacional de Tucumán,DOCTOR/A EN HUMANIDADES (PUDIENDO INCORPORARSE EL ÁREA DE CONOCIMIENTO INVOLUCRADA EN LA TESIS DOCTORAL),DOCTORADO EN HUMANIDADES,D./609/2025,PRESENCIAL,Posgrado
36,Universidad Nacional de Tucumán,DOCTOR/A EN INGENIERÍA,DOCTORADO EN INGENIERÍA,R.M./1527/2015 - R.M./1082/2012 - R.M./161/2023,PRESENCIAL,Posgrado
36,Universidad Nacional de Tucumán,DOCTOR/A EN INGENIERÍA INDUSTRIAL,DOCTORADO EN INGENIERÍA INDUSTRIAL,R.M./3059/2017,PRESENCIAL,Posgrado
36,Universidad Nacional de Tucumán,DOCTOR/A EN LETRAS,DOCTORADO EN LETRAS,D./200/2026,PRESENCIAL,Posgrado
36,Universidad Nacional de Tucumán,DOCTOR/A EN MEDICINA,DOCTORADO EN MEDICINA,R.M./749/2018,PRESENCIAL,Posgrado
36,Universidad Nacional de Tucumán,DOCTOR/A EN MEDIO AMBIENTE VISUAL E ILUMINACIÓN EFICIENTE,DOCTORADO EN MEDIO AMBIENTE VISUAL E ILUMINACIÓN EFICIENTE,R.M./1400/2018,PRESENCIAL,Posgrado
36,Universidad Nacional de Tucumán,DOCTOR/A EN ODONTOLOGÍA,DOCTORADO EN ODONTOLOGÍA,R.M./1108/2018,PRESENCIAL,Posgrado
36,Universidad Nacional de Tucumán,DOCTOR/A EN ODONTOLOGÍA,DOCTORADO EN ODONTOLOGÍA,R.M./1578/2019,PRESENCIAL,Posgrado
36,Universidad Nacional de Tucumán,DOCTOR/A EN PSICOLOGÍA,DOCTORADO EN PSICOLOGÍA,R.M./4070/2017,PRESENCIAL,Posgrado
36,Universidad Nacional de Tucumán,DOCTOR/A EN PSICOLOGÍA, ,R.M.-0277/09,PRESENCIAL,Posgrado
36,Universidad Nacional de Tucumán,DOCTOR/A EN PSICOLOGÍA,DOCTORADO EN PSICOLOGÍA,R.M./949/2024,PRESENCIAL,Posgrado
36,Universidad Nacional de Tucumán,DOCTOR EN ALIMENTOS CON ORIENTACION EN CIENCIA, ,R.M.1593/08,PRESENCIAL,Posgrado
36,Universidad Nacional de Tucumán,DOCTOR EN ALIMENTOS CON ORIENTACION EN INGENIERIA, ,R.M.1593/08,PRESENCIAL,Posgrado
36,Universidad Nacional de Tucumán,DOCTOR EN BIOQUÍMICA,DOCTORADO EN BIOQUÍMICA,R.M./1394/2015,PRESENCIAL,Posgrado
36,Universidad Nacional de Tucumán,DOCTOR EN CIENCIA DE LA EDUCACIÓN, ,R.M.1335/10,PRESENCIAL,Posgrado
36,Universidad Nacional de Tucumán,DOCTOR EN CIENCIAS ECONÓMICAS CON ORIENTACIÓN EN CONTABILIDAD,DOCTORADO EN CIENCIAS ECONÓMICAS CON ORIENTACIÓN EN CONTABILIDAD Y CON ORIENTACIÓN EN GESTIÓN PÚBLICA, ,PRESENCIAL,Posgrado
36,Universidad Nacional de Tucumán,DOCTOR EN CIENCIAS ECONÓMICAS CON ORIENTACIÓN EN GESTIÓN PÚBLICA,DOCTORADO EN CIENCIAS ECONÓMICAS CON ORIENTACIÓN EN CONTABILIDAD Y CON ORIENTACIÓN EN GESTIÓN PÚBLICA, ,PRESENCIAL,Posgrado
36,Universidad Nacional de Tucumán,DOCTOR EN CIENCIAS EXACTAS E INGENIERIA, ,R.M.1810/06,PRESENCIAL,Posgrado
36,Universidad Nacional de Tucumán,DOCTOR EN CIENCIAS QUÍMICAS,DOCTORADO EN CIENCIAS QUÍMICAS,R.M./1528/2015 - R.M./1903/2015,PRESENCIAL,Posgrado
36,Universidad Nacional de Tucumán,DOCTOR EN CIENCIAS SOCIALES CON ORIENTACIÓN EN HISTORIA O DOCTOR EN CIENCIAS SOCIALES CON ORIENTACIÓN EN GEOGRAFÍA,DOCTORADO EN CIENCIAS SOCIALES CON ORIENTACIÓN EN HISTORIA O GEOGRAFÍA,R.M./447/2021,PRESENCIAL,Posgrado
36,Universidad Nacional de Tucumán,DOCTOR EN CIENCIAS SOCIALES CON ORIENTACIÓN EN HISTORIA O EN GEOGRAFÍA,DOCTORADO EN CIENCIAS SOCIALES,R.M./1659/2016,PRESENCIAL,Posgrado
36,Universidad Nacional de Tucumán,DOCTOR EN CIENCIAS SOCIALES CON ORIENTACION EN HISTORIA O GEOGRAFIA, ,R.M.2074/10,PRESENCIAL,Posgrado
36,Universidad Nacional de Tucumán,DOCTOR EN DERECHO PÚBLICO Y ECONOMÍA DE GOBIERNO, ,R.M.1522/10,PRESENCIAL,Posgrado
36,Universidad Nacional de Tucumán,DOCTOR EN EDUCACIÓN,DOCTORADO EN EDUCACIÓN,R.M./145/2017,PRESENCIAL,Posgrado
36,Universidad Nacional de Tucumán,DOCTOR EN GEOLOGÍA,DOCTORADO EN GEOLOGÍA,R.M./645/2017,PRESENCIAL,Posgrado
36,Universidad Nacional de Tucumán,DOCTOR EN HUMANIDADES (PUDIENDO LA UNIVERSIDAD INCORPORAR EL ÁREA DE CONOCIMIENTO INVOLUCRADA EN SU TESIS DOCTORAL), ,R.M.0171/10,PRESENCIAL,Posgrado
36,Universidad Nacional de Tucumán,DOCTOR EN HUMANIDADES (PUDIENDO LA UNIVERSIDAD INCORPORAR EL ÁREA DE CONOCIMIENTO INVOLUCRADA EN SU TESIS DOCTORAL),DOCTORADO EN HUMANIDADES,R.M./1395/2016 - R.M./687/2018,PRESENCIAL,Posgrado
36,Universidad Nacional de Tucumán,DOCTOR EN LETRAS,DOCTORADO EN LETRAS,R.M./607/2017,PRESENCIAL,Posgrado
36,Universidad Nacional de Tucumán,DOCTOR EN LETRAS CON ORIENTACION EN LINGÜÍSTICA, ,R.M.0057/11,PRESENCIAL,Posgrado
36,Universidad Nacional de Tucumán,DOCTOR EN LETRAS CON ORIENTACION EN LITERATURA, ,R.M.0057/11,PRESENCIAL,Posgrado
36,Universidad Nacional de Tucumán,DOCTOR EN ODONTOLOGÍA, ,R.M.0044/08,PRESENCIAL,Posgrado
36,Universidad Nacional de Tucumán,DOCTOR EN RIESGOS NATURALES Y ESTUDIOS GEOLOGICOS DE CAMPO,DOCTORADO EN RIESGOS NATURALES Y ESTUDIOS GEOLÓGICOS DE CAMPO,R.M./0900/2014 - R.M./900/2014,PRESENCIAL,Posgrado
36,Universidad Nacional de Tucumán,ENFERMERO, ,R.M.2405/94 - R.M.0538/11,PRESENCIAL,Pregrado
36,Universidad Nacional de Tucumán,ENFERMERO/A UNIVERSITARIO/A,LICENCIATURA EN ENFERMERÍA,R.M./176/2021,PRESENCIAL,Pregrado
36,Universidad Nacional de Tucumán,ENFERMERO/A UNIVERSITARIO/A,LICENCIATURA EN ENFERMERÍA,R.M./81/2021,PRESENCIAL,Pregrado
36,Universidad Nacional de Tucumán,ESCRIBANO, ,R.M.1153/01,PRESENCIAL,Grado
36,Universidad Nacional de Tucumán,ESCRIBANO/A,ESCRIBANÍA,R.M./270/2025,PRESENCIAL,Grado
36,Universidad Nacional de Tucumán,ESPECIALISTA EN ADMINISTRACION PUBLICA,ESPECIALIZACIÓN EN ADMINISTRACIÓN PÚBLICA,R.M./0828/2013 - R.M./828/2013,PRESENCIAL,Posgrado
36,Universidad Nacional de Tucumán,ESPECIALISTA EN ADMINISTRACIÓN Y POLÍTICAS PÚBLICAS,ESPECIALIZACIÓN EN ADMINISTRACIÓN Y POLÍTICAS PÚBLICAS,D./560/2026,PRESENCIAL,Posgrado
36,Universidad Nacional de Tucumán,"ESPECIALISTA EN ADMINISTRACIÓN Y POLÍTICAS PÚBLICAS, CON ORIENTACIÓN EN: GESTIÓN DE LA ADMINISTRACIÓN PÚBLICA, GESTIÓN DE POLÍTICAS PÚBLICAS O POLÍTICA ELECTORAL Y MODELOS DE DECISIÓN POLÍTICA",ESPECIALIZACIÓN EN ADMINISTRACIÓN Y POLÍTICAS PÚBLICAS,R.M./1821/2021,PRESENCIAL,Posgrado
36,Universidad Nacional de Tucumán,ESPECIALISTA EN ANATOMÍA PATOLÓGICA,ESPECIALIZACIÓN EN ANATOMÍA PATOLÓGICA,R.M./1917/2016,PRESENCIAL,Posgrado
36,Universidad Nacional de Tucumán,ESPECIALISTA EN ANESTESIOLOGÍA,ESPECIALIZACIÓN EN ANESTESIOLOGÍA,R.M./4029/2019,PRESENCIAL,Posgrado
36,Universidad Nacional de Tucumán,ESPECIALISTA EN ARQUITECTURA SUSTENTABLE,ESPECIALIZACIÓN EN ARQUITECTURA SUSTENTABLE,R.M./1374/2018,PRESENCIAL,Posgrado
36,Universidad Nacional de Tucumán,ESPECIALISTA EN AUDITORIA,ESPECIALIZACIÓN EN AUDITORÍA,R.M./2353/2012,PRESENCIAL,Posgrado
36,Universidad Nacional de Tucumán,ESPECIALISTA EN AUDITORÍA DE SERVICIOS DE SALUD,ESPECIALIZACIÓN EN AUDITORÍA DE SERVICIOS DE SALUD,D./660/2026,PRESENCIAL,Posgrado
36,Universidad Nacional de Tucumán,ESPECIALISTA EN AUDITORÍA Y CONTABILIDAD,ESPECIALIZACIÓN EN AUDITORÍA Y CONTABILIDAD,R.M./4243/2019,PRESENCIAL,Posgrado
36,Universidad Nacional de Tucumán,ESPECIALISTA EN BIOQUÍMICA CLÍNICA,ESPECIALIZACIÓN EN BIOQUÍMICA CLÍNICA,R.M./1114/2024,PRESENCIAL,Posgrado
36,Universidad Nacional de Tucumán,ESPECIALISTA EN BIOQUÍMICA CLÍNICA,ESPECIALIZACIÓN EN BIOQUÍMICA CLÍNICA,R.M./405/2016,PRESENCIAL,Posgrado
36,Universidad Nacional de Tucumán,ESPECIALISTA EN BIOQUÍMICA CLÍNICA ÁREA ENDOCRINOLOGÍA,ESPECIALIZACIÓN EN BIOQUÍMICA CLÍNICA ÁREA ENDOCRINOLOGÍA,R.M./982/2018,PRESENCIAL,Posgrado
36,Universidad Nacional de Tucumán,ESPECIALISTA EN BIOQUÍMICA CLÍNICA - ÁREA HEMATOLOGÍA,ESPECIALIZACIÓN EN BIOQUÍMICA CLÍNICA - ÁREA HEMATOLOGÍA,R.M./895/2015 - R.M./1937/2022,PRESENCIAL,Posgrado
36,Universidad Nacional de Tucumán,ESPECIALISTA EN CARDIOLOGÍA,ESPECIALIZACIÓN EN CARDIOLOGÍA,R.M./2218/2021,PRESENCIAL,Posgrado
36,Universidad Nacional de Tucumán,ESPECIALISTA EN CARDIOLOGÍA,ESPECIALIZACIÓN EN CARDIOLOGÍA,R.M./821/2022,PRESENCIAL,Posgrado
36,Universidad Nacional de Tucumán,ESPECIALISTA EN CARDIOLOGÍA,ESPECIALIZACIÓN EN CARDIOLOGÍA,R.M./3040/2022,PRESENCIAL,Posgrado
36,Universidad Nacional de Tucumán,ESPECIALISTA EN CARDIOLOGÍA,ESPECIALIZACIÓN EN CARDIOLOGÍA,R.M./1549/2012,PRESENCIAL,Posgrado
36,Universidad Nacional de Tucumán,ESPECIALISTA EN CARDIOLOGÍA,ESPECIALIZACIÓN EN CARDIOLOGÍA,R.M./3272/2021,PRESENCIAL,Posgrado
36,Universidad Nacional de Tucumán,ESPECIALISTA EN CARDIOLOGÍA,ESPECIALIZACIÓN EN CARDIOLOGÍA,R.M./677/2021,PRESENCIAL,Posgrado
36,Universidad Nacional de Tucumán,ESPECIALISTA EN CARDIOLOGÍA,ESPECIALIZACIÓN EN CARDIOLOGÍA,R.M./3325/2021,PRESENCIAL,Posgrado
36,Universidad Nacional de Tucumán,ESPECIALISTA EN CARDIOLOGÍA,ESPECIALIZACIÓN EN CARDIOLOGÍA,R.M./2191/2021,PRESENCIAL,Posgrado
36,Universidad Nacional de Tucumán,ESPECIALISTA EN CARDIOLOGÍA,ESPECIALIZACIÓN EN CARDIOLOGÍA,R.M./3523/2021,PRESENCIAL,Posgrado
36,Universidad Nacional de Tucumán,ESPECIALISTA EN CARDIOLOGÍA,ESPECIALIZACIÓN EN CARDIOLOGÍA,D./584/2025,PRESENCIAL,Posgrado
36,Universidad Nacional de Tucumán,ESPECIALISTA EN CARDIOLOGÍA,ESPECIALIZACIÓN EN CARDIOLOGÍA,R.M./1732/2021,PRESENCIAL,Posgrado
36,Universidad Nacional de Tucumán,ESPECIALISTA EN CIRUGÍA Y TRAUMATOLOGÍA BUCO-MÁXILO-FACIAL,ESPECIALIZACIÓN EN CIRUGÍA Y TRAUMATOLOGÍA BUCO-MÁXILO-FACIAL,R.M./663/2024,PRESENCIAL,Posgrado
36,Universidad Nacional de Tucumán,ESPECIALISTA EN CIRUGÍA Y TRAUMATOLOGÍA BUCO-MÁXILO-FACIAL,ESPECIALIZACIÓN EN CIRUGÍA Y TRAUMATOLOGÍA BUCO-MÁXILO-FACIAL,R.M./2459/2013,PRESENCIAL,Posgrado
36,Universidad Nacional de Tucumán,ESPECIALISTA EN CITRICULTURA,ESPECIALIZACIÓN EN CITRICULTURA,R.M./1420/2022,PRESENCIAL,Posgrado
36,Universidad Nacional de Tucumán,ESPECIALISTA EN COMERCIO INTERNACIONAL,ESPECIALIZACIÓN EN COMERCIO INTERNACIONAL,R.M./307/2023,PRESENCIAL,Posgrado
36,Universidad Nacional de Tucumán,ESPECIALISTA EN COSTOS Y GESTIÓN EMPRESARIAL,ESPECIALIZACIÓN EN COSTOS Y GESTIÓN EMPRESARIAL,D./1211/2025,PRESENCIAL,Posgrado
36,Universidad Nacional de Tucumán,ESPECIALISTA EN COSTOS Y GESTIÓN EMPRESARIAL,ESPECIALIZACIÓN EN COSTOS Y GESTIÓN EMPRESARIAL,R.M./1378/2012 - R.M./3474/2017,PRESENCIAL,Posgrado
36,Universidad Nacional de Tucumán,ESPECIALISTA EN COSTOS Y GESTIÓN EMPRESARIAL,ESPECIALIZACIÓN EN COSTOS Y GESTIÓN EMPRESARIAL,R.M./396/2023,PRESENCIAL,Posgrado
36,Universidad Nacional de Tucumán,ESPECIALISTA EN CULTURAS DEL NOROESTE ARGENTINO,ESPECIALIZACION EN CULTURAS DEL NOROESTE ARGENTINO,R.M./2819/2022,PRESENCIAL,Posgrado
36,Universidad Nacional de Tucumán,ESPECIALISTA EN DERECHO ADMINISTRATIVO,ESPECIALIZACIÓN EN DERECHO ADMINISTRATIVO,R.M./4361/2017,PRESENCIAL,Posgrado
36,Universidad Nacional de Tucumán,ESPECIALISTA EN DERECHO ADMINISTRATIVO, ,R.M.0465/10,PRESENCIAL,Posgrado
36,Universidad Nacional de Tucumán,ESPECIALISTA EN DERECHO DE DAÑOS,ESPECIALIZACIÓN EN DERECHO DE DAÑOS,R.M./506/2018,PRESENCIAL,Posgrado
36,Universidad Nacional de Tucumán,ESPECIALISTA EN DERECHO DE DAÑOS,ESPECIALIZACIÓN EN DERECHO DE DAÑOS,D./950/2025,PRESENCIAL,Posgrado
36,Universidad Nacional de Tucumán,ESPECIALISTA EN DERECHO PENAL,ESPECIALIZACIÓN EN DERECHO PENAL,R.M./1075/2018,PRESENCIAL,Posgrado
36,Universidad Nacional de Tucumán,ESPECIALISTA EN DERECHO PENAL, ,R.M.0225/10,PRESENCIAL,Posgrado
36,Universidad Nacional de Tucumán,ESPECIALISTA EN DERECHO PENAL,ESPECIALIZACIÓN EN DERECHO PENAL,D./895/2025,PRESENCIAL,Posgrado
36,Universidad Nacional de Tucumán,ESPECIALISTA EN DERECHO PROCESAL CON ORIENTACIÓN CIVIL O PENAL,ESPECIALIZACIÓN EN DERECHO PROCESAL CON ORIENTACIÓN CIVIL O PENAL,D./1040/2025,PRESENCIAL,Posgrado
36,Universidad Nacional de Tucumán,ESPECIALISTA EN DERECHO PROCESAL CON ORIENTACIÓN CIVIL O PENAL,ESPECIALIZACIÓN EN DERECHO PROCESAL CON ORIENTACIÓN CIVIL O PENAL,R.M./4268/2017,PRESENCIAL,Posgrado
36,Universidad Nacional de Tucumán,ESPECIALISTA EN DIDÁCTICA Y CURRICULUM,ESPECIALIZACIÓN EN DIDÁCTICA Y CURRÍCULUM,R.M./1258/2014,PRESENCIAL,Posgrado
36,Universidad Nacional de Tucumán,ESPECIALISTA EN DIRECCIÓN DE RECURSOS HUMANOS,ESPECIALIZACIÓN EN DIRECCIÓN DE RECURSOS HUMANOS,R.M./351/2021,PRESENCIAL,Posgrado
36,Universidad Nacional de Tucumán,ESPECIALISTA EN DIRECCIÓN DE RECURSOS HUMANOS,ESPECIALIZACIÓN EN DIRECCIÓN DE RECURSOS HUMANOS,R.M./1495/2012,PRESENCIAL,Posgrado
36,Universidad Nacional de Tucumán,ESPECIALISTA EN DIRECCIÓN DE SISTEMAS DE SALUD,ESPECIALIZACIÓN EN DIRECCIÓN DE SISTEMAS DE SALUD,R.M./3874/2017,PRESENCIAL,Posgrado
36,Universidad Nacional de Tucumán,ESPECIALISTA EN DISEÑO DE LA ESPACIALIDAD ESCENICA,ESPECIALIZACION EN DISEÑO DE LA ESPACIALIDAD ESCENICA,D./410/2026,PRESENCIAL,Posgrado
36,Universidad Nacional de Tucumán,ESPECIALISTA EN DOCENCIA UNIVERSITARIA EN CIENCIAS DE LA SALUD,ESPECIALIZACION EN DOCENCIA UNIVERSITARIA EN CIENCIAS DE LA SALUD - ORIENTACIÓN MEDICINA Y ENFERMERÍA,R.M./1598/2015,PRESENCIAL,Posgrado
36,Universidad Nacional de Tucumán,ESPECIALISTA EN DROGADEPENDENCIAS,ESPECIALIZACIÓN EN DROGADEPENDENCIAS,R.M./2070/2014,PRESENCIAL,Posgrado
36,Universidad Nacional de Tucumán,ESPECIALISTA EN DROGADEPENDENCIAS,ESPECIALIZACIÓN EN DROGADEPENDENCIAS,R.M./639/2017,PRESENCIAL,Posgrado
36,Universidad Nacional de Tucumán,ESPECIALISTA EN DROGADEPENDENCIAS,ESPECIALIZACIÓN EN DROGADEPENDENCIAS,R.M./2224/2023,A DISTANCIA,Posgrado
36,Universidad Nacional de Tucumán,ESPECIALISTA EN DROGADEPENDENCIAS,ESPECIALIZACIÓN EN DROGADEPENDENCIAS,R.M./3186/2019,PRESENCIAL,Posgrado
36,Universidad Nacional de Tucumán,ESPECIALISTA EN EDUCACIÓN FÍSICA EN INSTITUCIONES EDUCATIVAS,ESPECIALIZACIÓN EN EDUCACIÓN FÍSICA EN INSTITUCIONES EDUCATIVAS,R.M./140/2022,PRESENCIAL,Posgrado
36,Universidad Nacional de Tucumán,ESPECIALISTA EN EDUCACIÓN Y ENSEÑANZA EN EL NIVEL SUPERIOR,ESPECIALIZACIÓN EN EDUCACIÓN Y ENSEÑANZA EN EL NIVEL SUPERIOR,D./271/2025,A DISTANCIA,Posgrado
36,Universidad Nacional de Tucumán,ESPECIALISTA EN ENDOCRINOLOGÍA,ESPECIALIZACIÓN EN ENDOCRINOLOGÍA,R.M./1497/2012,PRESENCIAL,Posgrado
36,Universidad Nacional de Tucumán,ESPECIALISTA EN ENDODONCIA,ESPECIALIZACIÓN EN ENDODONCIA,R.M./1595/2018,PRESENCIAL,Posgrado
36,Universidad Nacional de Tucumán,ESPECIALISTA EN ENSEÑANZA DEL ESPAÑOL COMO LENGUA EXTRANJERA,ESPECIALIZACIÓN EN ENSEÑANZA DEL ESPAÑOL COMO LENGUA EXTRANJERA,D./545/2025,PRESENCIAL,Posgrado
36,Universidad Nacional de Tucumán,ESPECIALISTA EN ESTERILIZACIÓN,ESPECIALIZACIÓN EN ESTERILIZACIÓN,R.M./1197/2023,PRESENCIAL,Posgrado
36,Universidad Nacional de Tucumán,ESPECIALISTA EN ESTERILIZACIÓN,ESPECIALIZACIÓN EN ESTERILIZACIÓN,R.M./1471/2023,PRESENCIAL,Posgrado
36,Universidad Nacional de Tucumán,ESPECIALISTA EN ESTERILIZACIÓN PARA FARMACÉUTICOS,ESPECIALIZACIÓN EN ESTERILIZACIÓN PARA FARMACÉUTICOS,R.M./505/2021,PRESENCIAL,Posgrado
36,Universidad Nacional de Tucumán,ESPECIALISTA EN EVALUACIÓN Y DIAGNÓSTICO PSICOLÓGICO,ESPECIALIZACIÓN EN EVALUACIÓN Y DIAGNÓSTICO PSICOLÓGICO,R.M./365/2024,PRESENCIAL,Posgrado
36,Universidad Nacional de Tucumán,ESPECIALISTA EN EVALUACIÓN Y DIAGNÓSTICO PSICOLÓGICO,ESPECIALIZACIÓN EN EVALUACIÓN Y DIAGNÓSTICO PSICOLÓGICO,R.M./2865/2015,PRESENCIAL,Posgrado
36,Universidad Nacional de Tucumán,ESPECIALISTA EN FINANZAS,ESPECIALIZACIÓN EN FINANZAS,R.M./179/2023,PRESENCIAL,Posgrado
36,Universidad Nacional de Tucumán,ESPECIALISTA EN FINANZAS,ESPECIALIZACIÓN EN FINANZAS,R.M./1894/2018,PRESENCIAL,Posgrado
36,Universidad Nacional de Tucumán,ESPECIALISTA EN FINANZAS,ESPECIALIZACIÓN EN FINANZAS,D./728/2026,PRESENCIAL,Posgrado
36,Universidad Nacional de Tucumán,ESPECIALISTA EN GERENCIA Y VINCULACIÓN TECNOLÓGICA,ESPECIALIZACIÓN EN GERENCIA Y VINCULACIÓN TECNOLÓGICA,R.M./3740/2021,PRESENCIAL,Posgrado
36,Universidad Nacional de Tucumán,ESPECIALISTA EN GERENCIA Y VINCULACIÓN TECNOLÓGICA,ESPECIALIZACIÓN EN GERENCIA Y VINCULACIÓN TECNOLÓGICA,R.M./3597/2017,PRESENCIAL,Posgrado
36,Universidad Nacional de Tucumán,ESPECIALISTA EN GESTIÓN INDUSTRIAL,ESPECIALIZACIÓN EN GESTIÓN INDUSTRIAL,R.M./303/2022,PRESENCIAL,Posgrado
36,Universidad Nacional de Tucumán,ESPECIALISTA EN GESTIÓN INDUSTRIAL,ESPECIALIZACIÓN EN GESTIÓN INDUSTRIAL,R.M./4371/2017,PRESENCIAL,Posgrado
36,Universidad Nacional de Tucumán,ESPECIALISTA EN GESTIÓN INTEGRAL DEL PROYECTO ARQUITECTÓNICO,ESPECIALIZACIÓN EN GESTIÓN INTEGRAL DEL PROYECTO ARQUITECTÓNICO,R.M./2941/2022,PRESENCIAL,Posgrado
36,Universidad Nacional de Tucumán,ESPECIALISTA EN HISTORIA CULTURAL DE TUCUMÁN,ESPECIALIZACIÓN EN HISTORIA CULTURAL DE TUCUMÁN,R.M./446/2023,PRESENCIAL,Posgrado
36,Universidad Nacional de Tucumán,ESPECIALISTA EN HISTORIA DEL ARTE DE TUCUMÁN,ESPECIALIZACIÓN EN HISTORIA DEL ARTE DE TUCUMÁN,D./742/2025,A DISTANCIA,Posgrado
36,Universidad Nacional de Tucumán,ESPECIALISTA EN INTEGRACIÓN DE TECNOLOGÍAS INFORMÁTICAS,ESPECIALIZACIÓN EN INTEGRACIÓN DE TECNOLOGÍAS INFORMÁTICAS,R.M./2159/2018 - R.M./783/2022 - R.M./265/2023,PRESENCIAL,Posgrado
36,Universidad Nacional de Tucumán,ESPECIALISTA EN LA ENSEÑANZA DEL ESPAÑOL COMO LENGUA EXTRANJERA,ESPECIALIZACIÓN EN LA ENSEÑANZA DEL ESPAÑOL COMO LENGUA EXTRANJERA,R.M./1673/2016 - R.M./221/2018,PRESENCIAL,Posgrado
36,Universidad Nacional de Tucumán,ESPECIALISTA EN MEDICINA DEL DEPORTE,ESPECIALIZACIÓN EN MEDICINA DEL DEPORTE,R.M./1074/2012,PRESENCIAL,Posgrado
36,Universidad Nacional de Tucumán,ESPECIALISTA EN MEDICINA DEL TRABAJO,ESPECIALIZACION EN MEDICINA DEL TRABAJO,R.M./598/2012,PRESENCIAL,Posgrado
36,Universidad Nacional de Tucumán,ESPECIALISTA EN MEDICINA LEGAL,ESPECIALIZACIÓN EN MEDICINA LEGAL,R.M./1488/2012,PRESENCIAL,Posgrado
36,Universidad Nacional de Tucumán,ESPECIALISTA EN MEDIO AMBIENTE VISUAL E ILUMINACIÓN EFICIENTE,ESPECIALIZACIÓN EN MEDIO AMBIENTE VISUAL E ILUMINACIÓN EFICIENTE,D./653/2026,A DISTANCIA,Posgrado
36,Universidad Nacional de Tucumán,ESPECIALISTA EN MEDIO AMBIENTE VISUAL E ILUMINACIÓN EFICIENTE,ESPECIALIZACIÓN EN MEDIO AMBIENTE VISUAL E ILUMINACIÓN EFICIENTE,R.M./1225/2014 - R.M./378/2023,PRESENCIAL,Posgrado
36,Universidad Nacional de Tucumán,ESPECIALISTA EN NUTRICIÓN,ESPECIALISTA EN NUTRICIÓN,R.M./0631/2012 - R.M./631/2012,PRESENCIAL,Posgrado
36,Universidad Nacional de Tucumán,ESPECIALISTA EN OPERATORIA DENTAL Y BIOMATERIALES,ESPECIALIZACIÓN EN OPERATORIA DENTAL Y BIOMATERIALES,R.M./1563/2018,PRESENCIAL,Posgrado
36,Universidad Nacional de Tucumán,ESPECIALISTA EN PLANIFICACIÓN E INTERVENCIÓN DESDE LA COMUNICACIÓN,ESPECIALIZACIÓN EN PLANIFICACIÓN E INTERVENCIÓN DESDE LA COMUNICACIÓN,D./658/2025,PRESENCIAL,Posgrado
36,Universidad Nacional de Tucumán,ESPECIALISTA EN PSICOLOGÍA CLÍNICA DE NIÑOS Y ADOLESCENTES CON ORIENTACIÓN PSICOANALÍTICA,"ESPECIALIZACIÓN EN PSICOLOGÍA CLÍNICA DE NIÑOS Y ADOLESCENTES, CON ORIENTACIÓN PSICOANALÍTICA",R.M./1763/2018,PRESENCIAL,Posgrado
36,Universidad Nacional de Tucumán,"ESPECIALISTA EN PSICOLOGÍA CLÍNICA DE NIÑOS Y ADOLESCENTES, ORIENTACIÓN PSICOANALÍTICA","ESPECIALIZACIÓN EN PSICOLOGÍA CLÍNICA DE NIÑOS Y ADOLESCENTES, ORIENTACIÓN PSICOANALÍTICA",R.M./74/2018,PRESENCIAL,Posgrado
36,Universidad Nacional de Tucumán,ESPECIALISTA EN PSICOLOGÍA JURÍDICO FORENSE,ESPECIALIZACIÓN EN PSICOLOGÍA JURÍDICO FORENSE,R.M./701/2021,PRESENCIAL,Posgrado
36,Universidad Nacional de Tucumán,ESPECIALISTA EN SALUD SOCIAL Y COMUNITARIA,ESPECIALIZACIÓN EN SALUD SOCIAL Y COMUNITARIA,R.M./1496/2012,PRESENCIAL,Posgrado
36,Universidad Nacional de Tucumán,ESPECIALISTA EN SINDICATURA CONCURSAL,ESPECIALIZACIÓN EN SINDICATURA CONCURSAL,R.M./2498/2019,PRESENCIAL,Posgrado
36,Universidad Nacional de Tucumán,ESPECIALISTA EN SINDICATURAS CONCURSALES,ESPECIALIZACIÓN EN SINDICATURAS CONCURSALES,R.M./2532/2017,PRESENCIAL,Posgrado
36,Universidad Nacional de Tucumán,ESPECIALISTA EN TOCOGINECOLOGÍA,ESPECIALIZACIÓN EN TOCOGINECOLOGÍA,R.M./3935/2019,PRESENCIAL,Posgrado
36,Universidad Nacional de Tucumán,ESPECIALISTA EN TRIBUTACIÓN,ESPECIALIZACIÓN EN TRIBUTACIÓN,R.M./1494/2012,PRESENCIAL,Posgrado
36,Universidad Nacional de Tucumán,ESPECIALISTA EN TRIBUTACIÓN,ESPECIALIZACIÓN EN TRIBUTACIÓN,R.M./1940/2019,PRESENCIAL,Posgrado
36,Universidad Nacional de Tucumán,ESPECIALISTA EN TRIBUTACIÓN,ESPECIALIZACIÓN EN TRIBUTACIÓN,R.M./2304/2021,PRESENCIAL,Posgrado
36,Universidad Nacional de Tucumán,ESPECIALISTA EN TURISMO CULTURAL DE LA REGIÓN DEL NOROESTE ARGENTINO,ESPECIALIZACIÓN EN TURISMO CULTURAL DE LA REGIÓN DEL NOROESTE ARGENTINO,R.M./2752/2017,PRESENCIAL,Posgrado
36,Universidad Nacional de Tucumán,FARMACÉUTICO/A,FARMACIA,R.M.0972/98 - R.M./2134/2015 - R.M./2761/2017,PRESENCIAL,Grado
36,Universidad Nacional de Tucumán,FARMACÉUTICO/A ESPECIALISTA EN ESTERILIZACIÓN,ESPECIALIZACIÓN EN ESTERILIZACIÓN PARA FARMACÉUTICOS,R.M./2616/2018,PRESENCIAL,Posgrado
36,Universidad Nacional de Tucumán,GEOLOGO/A,GEOLOGÍA,R.M./2889/2017,PRESENCIAL,Grado
36,Universidad Nacional de Tucumán,GEOLOGO/A,GEOLOGÍA,R.M./33/2019,PRESENCIAL,Grado
36,Universidad Nacional de Tucumán,GEÓLOGO/A,GEOLOGÍA,R.M./272/2025,PRESENCIAL,Grado
36,Universidad Nacional de Tucumán,INGENIERO/A AGRIMENSOR/A, ,R.M.2500/98 - R.M./0069/2011,PRESENCIAL,Grado
36,Universidad Nacional de Tucumán,INGENIERO/A AGRÓNOMO/A, ,R.M.0974/10,PRESENCIAL,Grado
36,Universidad Nacional de Tucumán,INGENIERO/A AGRÓNOMO/A,INGENIERÍA AGRONÓMICA,R.M./310/2018,PRESENCIAL,Grado
36,Universidad Nacional de Tucumán,INGENIERO/A CIVIL,INGENIERÍA CIVIL,C.S. - R.M./0725/2012 - R.M./725/2012 - R.M./363/2017 - R.M./1054/2014 - R.M./1913/2017 - R.M./2651/2019,PRESENCIAL,Grado
36,Universidad Nacional de Tucumán,INGENIERO/A ELECTRÓNICO/A,INGENIERÍA ELECTRÓNICA,R.M.0340/00 - R.M./0074/2011 - R.M./74/2011,PRESENCIAL,Grado
36,Universidad Nacional de Tucumán,INGENIERO/A ELECTRÓNICO/A,INGENIERÍA ELECTRÓNICA,R.M./597/2016,PRESENCIAL,Grado
36,Universidad Nacional de Tucumán,INGENIERO/A EN COMPUTACIÓN,INGENIERÍA EN COMPUTACIÓN,R.M./1486/2005 - R.M./379/2015 - R.M./3660/2017 - R.M./329/2021,PRESENCIAL,Grado
36,Universidad Nacional de Tucumán,INGENIERO/A INDUSTRIAL,INGENIERÍA INDUSTRIAL,R.M.0347/99 - R.M./1054/2014,PRESENCIAL,Grado
36,Universidad Nacional de Tucumán,INGENIERO/A QUÍMICO/A,INGENIERÍA QUÍMICA,R.M.2400/97 - R.M./0265/2011 - R.M./265/2011,PRESENCIAL,Grado
36,Universidad Nacional de Tucumán,INGENIERO/A QUÍMICO/A,INGENIERÍA QUÍMICA,R.M./389/2017,PRESENCIAL,Grado
36,Universidad Nacional de Tucumán,INGENIERO/A ZOOTECNISTA,INGENIERÍA ZOOTECNISTA,R.M./1613/2015,PRESENCIAL,Grado
36,Universidad Nacional de Tucumán,INGENIERO BIOMÉDICO,INGENIERÍA BIOMÉDICA,R.M./1862/2017,PRESENCIAL,Grado
36,Universidad Nacional de Tucumán,INGENIERO BIOMÉDICO, ,R.M.0813/05,PRESENCIAL,Grado
36,Universidad Nacional de Tucumán,INGENIERO ELECTRICISTA, ,R.M.0340/00 - R.M.1499/11,PRESENCIAL,Grado
36,Universidad Nacional de Tucumán,INGENIERO ELECTRICISTA,INGENIERÍA ELÉCTRICA,R.M./1875/2017,PRESENCIAL,Grado
36,Universidad Nacional de Tucumán,INGENIERO EN COMPUTACION, ,R.M.0340/00 - R.M.1486/05,PRESENCIAL,Grado
36,Universidad Nacional de Tucumán,INGENIERO EN INFORMÁTICA,INGENIERÍA EN INFORMÁTICA,R.M./606/2021,PRESENCIAL,Grado
36,Universidad Nacional de Tucumán,INGENIERO MECÁNICO,INGENERÍA MECÁNICA,R.M./2166/2016,PRESENCIAL,Grado
36,Universidad Nacional de Tucumán,INGENIERO MECÁNICO, ,R.M.1495/11,PRESENCIAL,Grado
36,Universidad Nacional de Tucumán,INTÉRPRETE DRAMÁTICO, ,R.M.1197/87,PRESENCIAL,Pregrado
36,Universidad Nacional de Tucumán,KINESIOLOGO, ,R.M.1370/97,PRESENCIAL,Pregrado
36,Universidad Nacional de Tucumán,LICENCIADO/A EN ADMINISTRACIÓN,LICENCIATURA EN ADMINISTRACIÓN,R.M./439/2017,PRESENCIAL,Grado
36,Universidad Nacional de Tucumán,LICENCIADO/A EN ADMINISTRACIÓN,LICENCIADO EN ADMINISTRACIÓN - DISPOSICIÓN-,R.M./2402/2019,PRESENCIAL,Grado
36,Universidad Nacional de Tucumán,LICENCIADO/A EN ARTES VISUALES,LICENCIATURA EN ARTES VISUALES,R.M./1152/2017,PRESENCIAL,Grado
36,Universidad Nacional de Tucumán,LICENCIADO/A EN BIOTECNOLOGÍA, ,R.M.2079/98,PRESENCIAL,Grado
36,Universidad Nacional de Tucumán,LICENCIADO/A EN BIOTECNOLOGÍA,LICENCIATURA EN BIOTECNOLOGÍA, ,PRESENCIAL,Grado
36,Universidad Nacional de Tucumán,LICENCIADO/A EN BIOTECNOLOGÍA,LICENCIATURA EN BIOTECNOLOGÍA,R.M./318/2020,PRESENCIAL,Grado
36,Universidad Nacional de Tucumán,LICENCIADO/A EN CIENCIAS BIOLOGICAS,LICENCIATURA EN CIENCIAS BIOLÓGICAS,R.M./2618/2017 - R.M./569/2020,PRESENCIAL,Grado
36,Universidad Nacional de Tucumán,LICENCIADO/A EN CIENCIAS DE LA COMUNICACIÓN, ,R.M.0016/04,PRESENCIAL,Grado
36,Universidad Nacional de Tucumán,LICENCIADO/A EN CIENCIAS DE LA EDUCACIÓN,LICENCIATURA EN CIENCIAS DE LA EDUCACIÓN,R.M./2746/2019,PRESENCIAL,Grado
36,Universidad Nacional de Tucumán,LICENCIADO/A EN CINEMATOGRAFÍA,LICENCIATURA EN CINEMATOGRAFÍA,R.M./229/2020,PRESENCIAL,Grado
36,Universidad Nacional de Tucumán,LICENCIADO/A EN DISEÑO DE SONIDO,LICENCIATURA EN DISEÑO DE SONIDO, ,PRESENCIAL,Grado
36,Universidad Nacional de Tucumán,LICENCIADO/A EN ECONOMÍA,LICENCIATURA EN ECONOMÍA,R.M./1292/2015,PRESENCIAL,Grado
36,Universidad Nacional de Tucumán,LICENCIADO/A EN EDUCACIÓN FÍSICA,LICENCIATURA EN EDUCACIÓN FÍSICA-CICLO DE COMPLEMENTACIÓN CURRICULAR,D./207/2024,PRESENCIAL,Grado
36,Universidad Nacional de Tucumán,LICENCIADO/A EN EDUCACIÓN FÍSICA, ,R.M.1470/98,PRESENCIAL,Grado
36,Universidad Nacional de Tucumán,LICENCIADO/A EN EDUCACIÓN FÍSICA,LICENCIATURA EDUCACIÓN FÍSICA,R.M./1983/2023,PRESENCIAL,Grado
36,Universidad Nacional de Tucumán,LICENCIADO/A EN EDUCACIÓN FÍSICA,LICENCIATURA EN EDUCACIÓN FÍSICA,R.M./2810/2023,PRESENCIAL,Grado
36,Universidad Nacional de Tucumán,LICENCIADO/A EN EDUCACIÓN INICIAL,LICENCIATURA DE EDUCACIÓN FÍSICA,R.M./790/2018,PRESENCIAL,Grado
36,Universidad Nacional de Tucumán,LICENCIADO/A EN ENFERMERÍA,LICENCIATURA EN ENFERMERÍA,R.M./3737/2021,PRESENCIAL,Grado
36,Universidad Nacional de Tucumán,LICENCIADO/A EN ENFERMERÍA,LICENCIATURA EN ENFERMERÍA,R.M./93/2023,PRESENCIAL,Grado
36,Universidad Nacional de Tucumán,LICENCIADO/A EN ENFERMERÍA,LICENCIATURA EN ENFERMERÍA,R.M./837/2020 - R.M./780/2022,PRESENCIAL,Grado
36,Universidad Nacional de Tucumán,LICENCIADO/A EN ENFERMERÍA,LICENCIATURA EN ENFERMERÍA,D./674/2026,PRESENCIAL,Grado
36,Universidad Nacional de Tucumán,LICENCIADO/A EN ENFERMERÍA, ,R.M.2405/94 - R.M.0538/11,PRESENCIAL,Grado
36,Universidad Nacional de Tucumán,LICENCIADO/A EN ENFERMERÍA,LICENCIATURA EN ENFERMERÍA,R.M./275/2022,PRESENCIAL,Grado
36,Universidad Nacional de Tucumán,LICENCIADO/A EN FILOSOFÍA, ,R.M.0586/05,PRESENCIAL,Grado
36,Universidad Nacional de Tucumán,LICENCIADO/A EN FISICA,LICENCIATURA EN FÍSICA,R.M./4792/2017,PRESENCIAL,Grado
36,Universidad Nacional de Tucumán,LICENCIADO/A EN FONOAUDIOLOGÍA,LICENCIATURA EN FONOAUDIOLOGÍA -CICLO DE COMPLEMENTACIÓN CURRICULAR-,R.M./2482/2019,PRESENCIAL,Grado
36,Universidad Nacional de Tucumán,LICENCIADO/A EN GEOGRAFÍA, ,R.M.0800/05,PRESENCIAL,Grado
36,Universidad Nacional de Tucumán,LICENCIADO/A EN GEOGRAFÍA,LICENCIATURA EN GEOGRAFÍA, ,PRESENCIAL,Grado
36,Universidad Nacional de Tucumán,LICENCIADO/A EN HISTORIA,LICENCIATURA EN HISTORIA,R.M./291/2018,PRESENCIAL,Grado
36,Universidad Nacional de Tucumán,LICENCIADO/A EN INFORMÁTICA,LICENCIATURA EN INFORMÁTICA,R.M./1740/2015 - R.M./292/2021,PRESENCIAL,Grado
36,Universidad Nacional de Tucumán,LICENCIADO/A EN KINESIOLOGÍA Y FISIATRÍA,LICENCIATURA EN KINESIOLOGÍA Y FISIATRÍA,R.M./2678/2023,PRESENCIAL,Grado
36,Universidad Nacional de Tucumán,LICENCIADO/A EN LUTHERIA,LICENCIATURA EN LUTHERIA,R.M./672/2021,PRESENCIAL,Grado
36,Universidad Nacional de Tucumán,LICENCIADO/A EN OBSTETRICIA,LICENCIATURA EN OBSTETRICIA,R.M./2855/2017,PRESENCIAL,Grado
36,Universidad Nacional de Tucumán,LICENCIADO/A EN OBSTETRICIA,LICENCIATURA EN OBSTETRICIA,R.M./693/2018,PRESENCIAL,Grado
36,Universidad Nacional de Tucumán,LICENCIADO/A EN QUÍMICA,LICENCIATURA EN QUÍMICA,R.M./406/2024,PRESENCIAL,Grado
36,Universidad Nacional de Tucumán,LICENCIADO/A EN QUÍMICA,LICENCIATURA EN QUÍMICA,R.M.0972/98 - R.M./1117/2015 - R.M./2407/2019,PRESENCIAL,Grado
36,Universidad Nacional de Tucumán,LICENCIADO/A EN QUÍMICA,LICENCIATURA EN QUIMICA,R.M./2364/2019,PRESENCIAL,Grado
36,Universidad Nacional de Tucumán,LICENCIADO/A EN SEGURIDAD PÚBLICA,LICENCIATURA EN SEGURIDAD PÚBLICA - CICLO DE COMPLEMENTACIÓN CURRICULAR,D./695/2025,A DISTANCIA,Grado
36,Universidad Nacional de Tucumán,LICENCIADO/A EN TEATRO,LICENCIATURA EN TEATRO,R.M./288/2025,PRESENCIAL,Grado
36,Universidad Nacional de Tucumán,LICENCIADO/A EN TRABAJO SOCIAL, ,R.M.0959/89 - R.M.0568/05,PRESENCIAL,Grado
36,Universidad Nacional de Tucumán,LICENCIADO EN CIENCIAS BIOLÓGICAS, ,R.M.0212/00 - R.M.0376/02,PRESENCIAL,Grado
36,Universidad Nacional de Tucumán,LICENCIADO EN CIENCIAS SOCIALES -CICLO DE LICENCIATURA, ,R.M.0567/03,PRESENCIAL,Grado
36,Universidad Nacional de Tucumán,LICENCIADO EN CINEMATOGRAFIA, ,R.M.0964/05,PRESENCIAL,Grado
36,Universidad Nacional de Tucumán,LICENCIADO EN EDUCACIÓN ESPECIAL -CICLO DE LICENCIATURA-, ,R.M.1554/04,PRESENCIAL,Grado
36,Universidad Nacional de Tucumán,LICENCIADO EN EDUCACIÓN FÍSICA,LICENCIATURA EN EDUCACIÓN FÍSICA - CICLO DE COMPLEMENTACIÓN CURRICULAR,R.M./1631/2015,PRESENCIAL,Grado
36,Universidad Nacional de Tucumán,LICENCIADO EN EDUCACION INICIAL -CICLO DE LICENCIATURA, ,R.M.0039/06,PRESENCIAL,Grado
36,Universidad Nacional de Tucumán,LICENCIADO EN FRANCES CON ORIENTACION ALTERNATIVA EN LINGÜISTICA, ,R.M.1347/04,PRESENCIAL,Grado
36,Universidad Nacional de Tucumán,LICENCIADO EN FRANCES CON ORIENTACION ALTERNATIVA EN LITERATURA, ,R.M.1347/04,PRESENCIAL,Grado
36,Universidad Nacional de Tucumán,LICENCIADO EN GESTION UNIVERSITARIA,LICENCIATURA EN GESTIÓN UNIVERSITARIA,R.M./0689/2013 - R.M./689/2013,PRESENCIAL,Grado
36,Universidad Nacional de Tucumán,LICENCIADO EN INFORMÁTICA, ,R.M.0777/05,PRESENCIAL,Grado
36,Universidad Nacional de Tucumán,LICENCIADO EN INGLES CON ORIENTACION ALTERNATIVA EN HISTORIA,LICENCIATURA EN INGLÉS,R.M.0540/06,PRESENCIAL,Grado
36,Universidad Nacional de Tucumán,LICENCIADO EN INGLES CON ORIENTACION ALTERNATIVA EN LINGÜÍSTICA,LICENCIATURA EN INGLÉS,R.M.0540/06,PRESENCIAL,Grado
36,Universidad Nacional de Tucumán,LICENCIADO EN INGLES CON ORIENTACION ALTERNATIVA EN LITERATURA,LICENCIATURA EN INGLÉS,R.M.0540/06,PRESENCIAL,Grado
36,Universidad Nacional de Tucumán,LICENCIADO EN KINESIOLOGIA, ,R.M.1370/97,PRESENCIAL,Grado
36,Universidad Nacional de Tucumán,LICENCIADO EN LETRAS, ,R.M.0016/06,PRESENCIAL,Grado
36,Universidad Nacional de Tucumán,LICENCIADO EN LETRAS -CICLO DE LICENCIATURA, ,R.M.0569/03,PRESENCIAL,Grado
36,Universidad Nacional de Tucumán,LICENCIADO EN MUSICA CON ORIENTACION ALTERNATIVA EN DIRECCION CORAL -CICLO DE LICENCIATURA, ,R.M.1099/04,PRESENCIAL,Grado
36,Universidad Nacional de Tucumán,LICENCIADO EN MUSICA CON ORIENTACION ALTERNATIVA EN EDUCACION MUSICAL -CICLO DE LICENCIATURA, ,R.M.1099/04,PRESENCIAL,Grado
36,Universidad Nacional de Tucumán,LICENCIADO EN MUSICA CON ORIENTACION ALTERNATIVA EN INSTRUMENTO -CICLO DE LICENCIATURA, ,R.M.1099/04,PRESENCIAL,Grado
36,Universidad Nacional de Tucumán,LICENCIADO EN TEATRO, ,R.M.1194/87,PRESENCIAL,Grado
36,Universidad Nacional de Tucumán,LICENCIADO EN TELEVISION, ,R.M.0964/05,PRESENCIAL,Grado
36,Universidad Nacional de Tucumán,MAESTRO EN ARTES PLÁSTICAS,MAGISTERIO EN ARTES PLÁSTICAS,R.M./2174/2021,PRESENCIAL,Posgrado
36,Universidad Nacional de Tucumán,MAESTRO MAYOR DE OBRAS, ,R.M.0212/06,PRESENCIAL,Preuniversitario
36,Universidad Nacional de Tucumán,MAESTRO MAYOR DE OBRAS,MAESTRO MAYOR DE OBRAS,R.M./181/2025,PRESENCIAL,Pregrado
36,Universidad Nacional de Tucumán,MAGÍSTER EN ADMINISTRACIÓN,MAESTRIA EN ADMINISTRACION,R.M./1068/2023,PRESENCIAL,Posgrado
36,Universidad Nacional de Tucumán,MAGÍSTER EN ADMINISTRACIÓN,MAESTRIA EN ADMINISTRACION,R.M./378/2021,PRESENCIAL,Posgrado
36,Universidad Nacional de Tucumán,MAGÍSTER EN ADMINISTRACIÓN,MAESTRÍA EN ADMINISTRACIÓN,R.M./2346/2012 - R.M./2345/2012,PRESENCIAL,Posgrado
36,Universidad Nacional de Tucumán,MAGISTER EN ALIMENTOS CON ORIENTACION EN CIENCIA, ,R.M.0907/08,PRESENCIAL,Posgrado
36,Universidad Nacional de Tucumán,MAGISTER EN ALIMENTOS CON ORIENTACION EN TECNOLOGIA, ,R.M.0907/08,PRESENCIAL,Posgrado
36,Universidad Nacional de Tucumán,MAGÍSTER EN ARGUMENTACIÓN Y RETÓRICA,MAESTRÍA EN RETÓRICA Y ARGUMENTACIÓN,R.M./2663/2021,PRESENCIAL,Posgrado
36,Universidad Nacional de Tucumán,MAGÍSTER EN AUDITORÍA ENERGÉTICA,MAESTRÍA EN AUDITORÍA ENERGÉTICA,R.M./2123/2016,PRESENCIAL,Posgrado
36,Universidad Nacional de Tucumán,MAGISTER EN BIOINGENIERIA,MAESTRIA EN BIOINGENIERIA,R.M./1200/2012,PRESENCIAL,Posgrado
36,Universidad Nacional de Tucumán,MAGÍSTER EN CIENCIAS AGRARIAS CON ORIENTACIÓN EN PRODUCCIÓN SOSTENIBLE,MAESTRÍA EN CIENCIAS AGRARIAS CON ORIENTACIÓN EN PRODUCCIÓN SOSTENIBLE,R.M./567/2023,PRESENCIAL,Posgrado
36,Universidad Nacional de Tucumán,MAGÍSTER EN CIENCIAS AGRARIAS CON ORIENTACIÓN EN PRODUCCIÓN SOSTENIBLE,MAESTRÍA EN CIENCIAS AGRARIAS CON ORIENTACIÓN EN PRODUCCIÓN SOSTENIBLE,R.M./390/2015,PRESENCIAL,Posgrado
36,Universidad Nacional de Tucumán,MAGISTER EN CIENCIAS AGRARIAS ORIENTACION PRODUCCION SOSTENIBLE, ,R.M.1553/07,PRESENCIAL,Posgrado
36,Universidad Nacional de Tucumán,MAGÍSTER EN CIENCIAS QUÍMICAS,MAESTRÍA EN CIENCIAS QUÍMICAS,R.M./1255/2012,PRESENCIAL,Posgrado
36,Universidad Nacional de Tucumán,MAGISTER EN CIENCIAS SOCIALES, ,R.M.2076/10,PRESENCIAL,Posgrado
36,Universidad Nacional de Tucumán,MAGÍSTER EN CIENCIAS SOCIALES CON ORIENTACIÓN EN HISTORIA O GEOGRAFÍA,MAESTRÍA EN CIENCIAS SOCIALES,R.M./4016/2019,PRESENCIAL,Posgrado
36,Universidad Nacional de Tucumán,MAGISTER EN CIENCIAS VEGETALES,MAESTRÍA EN CIENCIAS VEGETALES,R.M./2043/2013,PRESENCIAL,Posgrado
36,Universidad Nacional de Tucumán,MAGÍSTER EN CLÍNICA PSICOANALÍTICA,MAESTRÍA EN CLÍNICA PSICOANALÍTICA,D./372/2025,PRESENCIAL,Posgrado
36,Universidad Nacional de Tucumán,MAGÍSTER EN DERECHO ADMINISTRATIVO Y ADMINISTRACIÓN PÚBLICA,MAESTRÍA EN DERECHO ADMINISTRATIVO Y ADMINISTRACIÓN PÚBLICA,R.M./182/2024,PRESENCIAL,Posgrado
36,Universidad Nacional de Tucumán,MAGÍSTER EN DERECHO PROCESAL CON ORIENTACIÓN CIVIL O PENAL,MAESTRÍA EN DERECHO PROCESAL CON ORIENTACIÓN CIVIL O PENAL, ,PRESENCIAL,Posgrado
36,Universidad Nacional de Tucumán,MAGISTER EN DESARROLLO DE ZONAS ÁRIDAS Y SEMIÁRIDAS, ,R.M.0233/09,PRESENCIAL,Posgrado
36,Universidad Nacional de Tucumán,MAGISTER EN DESARROLLO DE ZONAS ÁRIDAS Y SEMIÁRIDAS,MAESTRÍA EN DESARROLLO DE ZONAS ÁRIDAS Y SEMIÁRIDAS,R.M./1564/2018,PRESENCIAL,Posgrado
36,Universidad Nacional de Tucumán,MAGISTER EN DESARROLLO DE ZONAS ÁRIDAS Y SEMIÁRIDAS,MAESTRIA EN DESARROLLO DE ZONAS ÁRIDAS Y SEMIÁRIDAS,R.M./754/2023,PRESENCIAL,Posgrado
36,Universidad Nacional de Tucumán,MAGÍSTER EN DOCENCIA SUPERIOR UNIVERSITARIA,MAESTRÍA EN DOCENCIA SUPERIOR UNIVERSITARIA,R.M./1121/2015,PRESENCIAL,Posgrado
36,Universidad Nacional de Tucumán,MAGISTER EN ECONOMIA (AREA: POLITICAS ECONOMICAS Y SOCIALES),MAESTRÍA EN ECONOMÍA (ÁREA:POLÍTICAS ECONÓMICAS Y SOCIALES),R.M./1249/2012,PRESENCIAL,Posgrado
36,Universidad Nacional de Tucumán,MAGISTER EN ECONOMIA AREA: POLITICAS ECONÓMICAS Y SOCIALES,MAESTRÍA EN ECONOMÍA ÁREA: POLÍTICAS ECONÓMICAS Y SOCIALES,R.M./1768/2022,PRESENCIAL,Posgrado
36,Universidad Nacional de Tucumán,MAGISTER EN ECONOMIA. ÁREA: POLITICAS ECONÓMICAS Y SOCIALES,MAESTRÍA EN ECONOMÍA. ÁREA: POLITICAS ECONÓMICAS Y SOCIALES,R.M./3177/2021,PRESENCIAL,Posgrado
36,Universidad Nacional de Tucumán,MAGISTER EN EDUCACION FISICA PARA LA SALUD,MAESTRÍA EN EDUCACIÓN FÍSICA PARA LA SALUD,R.M./850/2023,PRESENCIAL,Posgrado
36,Universidad Nacional de Tucumán,MAGISTER EN EDUCACIÓN MÉDICA,MAESTRÍA EN EDUCACIÓN MÉDICA,R.M./1554/2012,PRESENCIAL,Posgrado
36,Universidad Nacional de Tucumán,MAGISTER EN EDUCACIÓN MÉDICA,MAESTRÍA EN EDUCACIÓN MÉDICA,R.M./326/2020,PRESENCIAL,Posgrado
36,Universidad Nacional de Tucumán,MAGÍSTER EN ELECTRÓNICA,MAESTRÍA EN ELECTRÓNICA,R.M./502/2024,A DISTANCIA,Posgrado
36,Universidad Nacional de Tucumán,MAGÍSTER EN ENTOMOLOGÍA,MAESTRÍA EN ENTOMOLOGÍA,R.M./89822420/2022 - R.M./109648643/2022 - R.M./134322334/2022 - R.M./56899463/2023 - R.M./515/2023,PRESENCIAL,Posgrado
36,Universidad Nacional de Tucumán,MAGÍSTER EN ENTOMOLOGÍA,MAESTRÍA EN ENTOMOLOGÍA,R.M./1863/2012,PRESENCIAL,Posgrado
36,Universidad Nacional de Tucumán,MAGÍSTER EN ENTOMOLOGÍA,MAESTRÍA EN ENTOMOLOGÍA,R.M./889/2019,PRESENCIAL,Posgrado
36,Universidad Nacional de Tucumán,MAGÍSTER EN ESTADÍSTICA APLICADA,MAGÍSTER EN ESTADÍSTICA APLICADA,R.M./1252/2012,PRESENCIAL,Posgrado
36,Universidad Nacional de Tucumán,MAGÍSTER EN ESTADÍSTICA APLICADA,MAESTRÍA EN ESTADÍSTICA APLICADA,R.M./585/2022 - R.M./547/2025,PRESENCIAL,Posgrado
36,Universidad Nacional de Tucumán,MAGÍSTER EN GESTIÓN AMBIENTAL,MAESTRÍA EN GESTIÓN AMBIENTAL,R.M./838/2016 - R.M./4514/2017,PRESENCIAL,Posgrado
36,Universidad Nacional de Tucumán,MAGÍSTER EN GESTIÓN DE LA TECNOLOGÍA Y LA INNOVACIÓN,MAESTRÍA EN GESTIÓN DE LA TECNOLOGÍA Y LA INNOVACIÓN,R.M./2186/2021,PRESENCIAL,Posgrado
36,Universidad Nacional de Tucumán,MAGÍSTER EN HIPERTENSIÓN ARTERIAL,MAESTRÍA EN HIPERTENSIÓN ARTERIAL,R.M./645/2019,PRESENCIAL,Posgrado
36,Universidad Nacional de Tucumán,MAGÍSTER EN HISTORIA DE LA ARQUITECTURA Y DEL URBANISMO LATINOAMERICANO,MAESTRÍA EN HISTORIA DE LA ARQUITECTURA Y DEL URBANISMO LATINOAMERICANO,R.M./2158/2018,PRESENCIAL,Posgrado
36,Universidad Nacional de Tucumán,MAGÍSTER EN HISTORIA DE LA ARQUITECTURA Y URBANISMO LATINOAMERICANOS,MAESTRÍA EN HISTORIA DE LA ARQUITECTURA Y URBANISMO LATINOAMERICANOS,R.M./2299/2019,PRESENCIAL,Posgrado
36,Universidad Nacional de Tucumán,MAGÍSTER EN HISTORIA DE LA ARQUITECTURA Y URBANISMO LATINOAMERICANOS, ,R.M.0951/11,PRESENCIAL,Posgrado
36,Universidad Nacional de Tucumán,MAGISTER EN HISTORIA DEL ARTE,MAESTRIA EN HISTORIA DEL ARTE,R.M./1295/2012,PRESENCIAL,Posgrado
36,Universidad Nacional de Tucumán,MAGISTER EN INGENIERÍA ELECTRÓNICA,MAESTRÍA EN INGENIERÍA ELECTRÓNICA,R.M./1025/2014,PRESENCIAL,Posgrado
36,Universidad Nacional de Tucumán,MAGÍSTER EN INGENIERÍA ESTRUCTURAL,MAESTRÍA EN INGENIERÍA ESTRUCTURAL,R.M./1299/2012 - R.M./1333/2012,PRESENCIAL,Posgrado
36,Universidad Nacional de Tucumán,MAGÍSTER EN INGENIERÍA ESTRUCTURAL,MAESTRÍA EN INGENIERÍA ESTRUCTURAL,R.M./274/2023,PRESENCIAL,Posgrado
36,Universidad Nacional de Tucumán,MAGÍSTER EN INGENIERÍA GEOTÉCNICA,MAESTRÍA EN INGENIERÍA GEOTÉCNICA,R.M./1541/2023,PRESENCIAL,Posgrado
36,Universidad Nacional de Tucumán,MAGÍSTER EN INVESTIGACIÓN EN CIENCIAS DE LA SALUD,MAESTRÍA EN INVESTIGACIÓN EN CIENCIAS DE LA SALUD,R.M./4639/2017,PRESENCIAL,Posgrado
36,Universidad Nacional de Tucumán,MAGISTER EN LA ENSEÑANZA DE LA MATEMATICA EN EL NIVEL SUPERIOR,MAESTRÍA DE LA ENSEÑANZA DE LA MATEMÁTICA EN NIVEL SUPERIOR,R.M./1248/2012,PRESENCIAL,Posgrado
36,Universidad Nacional de Tucumán,MAGISTER EN LENGUA Y LITERATURA, ,R.M.0472/05,PRESENCIAL,Posgrado
36,Universidad Nacional de Tucumán,MAGISTER EN LUMINOTECNIA,MAESTRÍA EN LUMINOTECNIA,R.M./2764/2019 - R.M./266/2023,PRESENCIAL,Posgrado
36,Universidad Nacional de Tucumán,MAGÍSTER EN MATEMÁTICA,MAESTRÍA EN MATEMÁTICA,R.M.0962/11 - R.M./962/2011 - R.M./1495/2018 - R.M./63/2023,PRESENCIAL,Posgrado
36,Universidad Nacional de Tucumán,MAGÍSTER EN MÉTODOS NUMÉRICOS Y COMPUTACIONALES EN INGENIERÍA,MAESTRÍA EN MÉTODOS NUMÉRICOS Y COMPUTACIONALES EN INGENIERÍA,R.M./089/2001 - R.M./912/2015 - R.M./1141/2012 - R.M./573/2022,PRESENCIAL,Posgrado
36,Universidad Nacional de Tucumán,MAGÍSTER EN MUSEOLOGÍA,MAESTRÍA EN MUSEOLOGÍA,D./243/2025,PRESENCIAL,Posgrado
36,Universidad Nacional de Tucumán,MAGÍSTER EN MUSEOLOGÍA,MAESTRÍA EN MUSEOLOGÍA,R.M./1190/2015,PRESENCIAL,Posgrado
36,Universidad Nacional de Tucumán,MAGÍSTER EN MUSEOLOGÍA,MAESTRÍA EN MUSEOLOGÍA,R.M./201/2020,PRESENCIAL,Posgrado
36,Universidad Nacional de Tucumán,MAGÍSTER EN PRODUCCIÓN ANIMAL,MAESTRÍA EN PRODUCCIÓN ANIMAL,R.M./1627/2015,PRESENCIAL,Posgrado
36,Universidad Nacional de Tucumán,MAGÍSTER EN PRODUCCIÓN ANIMAL,MAESTRÍA EN PRODUCCIÓN ANIMAL,R.M./918/2024,PRESENCIAL,Posgrado
36,Universidad Nacional de Tucumán,MAGÍSTER EN PROYECTOS DE INGENIERÍA,MAESTRÍA EN PROYECTOS DE INGENIERÍA,R.M./4517/2017,PRESENCIAL,Posgrado
36,Universidad Nacional de Tucumán,MAGÍSTER EN PROYECTOS DE INGENIERÍA,MAESTRÍA EN PROYECTOS DE INGENIERÍA,R.M./1153/2013,PRESENCIAL,Posgrado
36,Universidad Nacional de Tucumán,MAGÍSTER EN PSICOLOGÍA EDUCACIONAL, ,R.M.0621/09,PRESENCIAL,Posgrado
36,Universidad Nacional de Tucumán,MAGÍSTER EN PSICOLOGÍA EDUCACIONAL,MAESTRIA EN PSICOLOGIA EDUCACIONAL,R.M./1383/2018,PRESENCIAL,Posgrado
36,Universidad Nacional de Tucumán,MAGÍSTER EN PSICOLOGÍA SOCIAL,MAESTRÍA EN PSICOLOGÍA SOCIAL,R.M./3077/2017,PRESENCIAL,Posgrado
36,Universidad Nacional de Tucumán,MAGISTER EN PSICOLOGIA SOCIAL (ORIENTACION EN GRUPOS E INSTITUCIONES), ,R.M.0212/09,PRESENCIAL,Posgrado
36,Universidad Nacional de Tucumán,MAGÍSTER EN RELACIONES INTERNACIONALES,MAESTRÍA EN RELACIONES INTERNACIONALES,R.M./451/2018,PRESENCIAL,Posgrado
36,Universidad Nacional de Tucumán,MAGÍSTER EN RIEGO Y USO AGROPECUARIO DEL AGUA,MAESTRÍA EN RIEGO Y USO AGROPECUARIO DEL AGUA, ,PRESENCIAL,Posgrado
36,Universidad Nacional de Tucumán,MAGISTER EN SALUD PÚBLICA,MAESTRÍA EN SALUD PÚBLICA,R.M./2472/2013 - R.M./2474/2013,PRESENCIAL,Posgrado
36,Universidad Nacional de Tucumán,MAGÍSTER EN TECNOLOGÍAS PARA LA COMUNICACIÓN,MAESTRÍA EN TECNOLOGÍAS PARA LA COMUNICACIÓN,R.M./2595/2020,A DISTANCIA,Posgrado
36,Universidad Nacional de Tucumán,MÉDICO,MEDICINA (SEDE SALTA),D./1318/2025,PRESENCIAL,Grado
36,Universidad Nacional de Tucumán,MÉDICO/A,MEDICINA,R.M.0775/90,PRESENCIAL,Grado
36,Universidad Nacional de Tucumán,MÉDICO/A,MEDICINA,R.M./3639/2019,PRESENCIAL,Grado
36,Universidad Nacional de Tucumán,MÉDICO/A,MEDICINA,R.M./1746/2022,PRESENCIAL,Grado
36,Universidad Nacional de Tucumán,MÉDICO/A,MEDICINA,D./1032/2025,PRESENCIAL,Grado
36,Universidad Nacional de Tucumán,MÉDICO/A VETERINARIO/A,MEDICINA VETERINARIA,R.M./4578/2017,PRESENCIAL,Grado
36,Universidad Nacional de Tucumán,MÉDICO/A VETERINARIO/A, ,R.M.0189/03,PRESENCIAL,Grado
36,Universidad Nacional de Tucumán,MÉDICO/A VETERINARIO/A,MEDICINA VETERINARIA,R.M./1735/2021,PRESENCIAL,Grado
36,Universidad Nacional de Tucumán,ODONTÓLOGO/A,ODONTOLOGÍA,R.M./4751/2017 - R.M./655/2019,PRESENCIAL,Grado
36,Universidad Nacional de Tucumán,ODONTÓLOGO/A,ODONTOLOGÍA,R.M./2620/2019,PRESENCIAL,Grado
36,Universidad Nacional de Tucumán,ODONTÓLOGO/A, ,R.M.1429/90,PRESENCIAL,Grado
36,Universidad Nacional de Tucumán,PROCURADOR/A, ,R.M.1153/01,PRESENCIAL,Pregrado
36,Universidad Nacional de Tucumán,PROFESOR/A DE HISTORIA,PROFESORADO DE HISTORIA,R.M./1486/2018,PRESENCIAL,Grado
36,Universidad Nacional de Tucumán,PROFESOR/A EN CIENCIAS DE LA EDUCACIÓN,PROFESORADO EN CIENCIAS DE LA EDUCACIÓN,R.M./2744/2019,PRESENCIAL,Grado
36,Universidad Nacional de Tucumán,PROFESOR/A EN CIENCIAS DE LA EDUCACIÓN,LICENCIATURA EN CIENCIAS DE LA EDUCACIÓN,R.M.0594/96 - R.M.0715/97 - R.M./0175/2012 - R.M./175/2012,PRESENCIAL,Grado
36,Universidad Nacional de Tucumán,PROFESOR/A EN DANZA CONTEMPORANEA,PROFESORADO EN DANZA CONTEMPORÁNEA,R.M./2466/2019,PRESENCIAL,Grado
36,Universidad Nacional de Tucumán,PROFESOR/A EN LETRAS, ,R.M.0016/06,PRESENCIAL,Grado
36,Universidad Nacional de Tucumán,PROFESOR/A EN PSICOLOGÍA,PROFESORADO EN PSICOLOGÍA - CICLO DE COMPLEMENTACIÓN CURRICULAR,R.M./12/2023,PRESENCIAL,Grado
36,Universidad Nacional de Tucumán,PROFESOR/A UNIVERSITARIO/A DE EDUCACIÓN INICIAL, ,R.M.0098/99 - R.M.0494/09,PRESENCIAL,Grado
36,Universidad Nacional de Tucumán,PROFESOR/A UNIVERSITARIO/A DE EDUCACIÓN PRIMARIA, ,R.M.0305/11,PRESENCIAL,Grado
36,Universidad Nacional de Tucumán,PROFESOR/A UNIVERSITARIO/A EN TEATRO,PROFESORADO UNIVERSITARIO EN TEATRO,R.M./388/2019,PRESENCIAL,Grado
36,Universidad Nacional de Tucumán,PROFESOR/A UNIVERSITARIO/A EN TEATRO,PROFESORADO UNIVERSITARIO EN TEATRO-CICLO DE COMPLEMENTACIÓN CURRICULAR,R.M./831/2019,PRESENCIAL,Grado
36,Universidad Nacional de Tucumán,PROFESOR DE ARTES CON ORIENTACION EN MUSICA, ,R.M.1676/99,PRESENCIAL,Grado
36,Universidad Nacional de Tucumán,PROFESOR DE ARTES VISUALES, ,R.M.0940/09,PRESENCIAL,Grado
36,Universidad Nacional de Tucumán,PROFESOR DE CIENCIAS BIOLOGICAS, ,R.M.0515/00,PRESENCIAL,Grado
36,Universidad Nacional de Tucumán,PROFESOR DE DANZA CONTEMPORANEA, ,R.M.1228/88,PRESENCIAL,Grado
36,Universidad Nacional de Tucumán,PROFESOR DE EDUCACION FISICA, ,R.M.0876/01,PRESENCIAL,Grado
36,Universidad Nacional de Tucumán,"PROFESOR DE EDUCACION GENERAL BASICA, 1º Y 2º CICLO", ,R.M.0098/99,PRESENCIAL,Pregrado
36,Universidad Nacional de Tucumán,PROFESOR DE MÚSICA CON ORIENTACIÓN EDUCACIÓN MUSICAL,PROFESORADO DE MÚSICA,R.M./1525/2015,PRESENCIAL,Grado
36,Universidad Nacional de Tucumán,PROFESOR DE MÚSICA CON ORIENTACIÓN EN DIRECCIÓN CORAL,PROFESORADO DE MÚSICA,R.M./1525/2015,PRESENCIAL,Grado
36,Universidad Nacional de Tucumán,PROFESOR DE MÚSICA CON ORIENTACIÓN INSTRUMENTO,PROFESORADO DE MÚSICA,R.M./1525/2015,PRESENCIAL,Grado
36,Universidad Nacional de Tucumán,PROFESOR EN ARTES CON ORIENTACION EN PLASTICA VISUAL PARA EL NIVEL INICIAL Y 1º Y 2º CICLO DE LA ENSEÑANZA GENERAL BASICA, ,R.M.0652/00 - R.M.0076/02,PRESENCIAL,Pregrado
36,Universidad Nacional de Tucumán,PROFESOR EN ARTES PLASTICAS -CICLO DE PROFESORADO, ,R.M.0646/05,PRESENCIAL,Grado
36,Universidad Nacional de Tucumán,PROFESOR EN CIENCIAS DE LA EDUCACION, ,R.M.0594/96 - R.M.0715/97 - R.M./0174/2012,PRESENCIAL,Grado
36,Universidad Nacional de Tucumán,PROFESOR EN CIENCIAS JURIDICAS -CICLO DE PROFESORADO, ,R.M.0311/05,PRESENCIAL,Grado
36,Universidad Nacional de Tucumán,PROFESOR EN CIENCIAS NATURALES, ,R.M.0009/95,PRESENCIAL,Grado
36,Universidad Nacional de Tucumán,PROFESOR EN EDUCACION FISICA, ,R.M.1470/98,PRESENCIAL,Grado
36,Universidad Nacional de Tucumán,PROFESOR EN EDUCACION FISICA PARA LA EDUCACION INICIAL Y GENERAL BASICA, ,R.M.1470/98,PRESENCIAL,Pregrado
36,Universidad Nacional de Tucumán,PROFESOR EN FILOSOFÍA, ,R.M.0586/05,PRESENCIAL,Grado
36,Universidad Nacional de Tucumán,PROFESOR EN FRANCES, ,R.M.1347/04,PRESENCIAL,Grado
36,Universidad Nacional de Tucumán,PROFESOR EN GEOGRAFIA, ,R.M.0800/05,PRESENCIAL,Grado
36,Universidad Nacional de Tucumán,PROFESOR EN INGLÉS,PROFESORADO EN INGLÉS,R.M.0540/06,PRESENCIAL,Grado
36,Universidad Nacional de Tucumán,PROFESOR EN JUEGOS TEATRALES, ,R.M.1197/87,PRESENCIAL,Pregrado
36,Universidad Nacional de Tucumán,PROFESOR EN MATEMÁTICA, ,R.M.1391/05,PRESENCIAL,Grado
36,Universidad Nacional de Tucumán,PROFESOR EN QUIMICA, ,R.M.1085/05,PRESENCIAL,Grado
36,Universidad Nacional de Tucumán,PROFESOR EN TEATRO,PROFESORADO EN TEATRO, ,PRESENCIAL,Grado
36,Universidad Nacional de Tucumán,PROFESOR EN TEATRO, ,R.M.1194/87,PRESENCIAL,Grado
36,Universidad Nacional de Tucumán,PROGRAMADOR/A UNIVERSITARIO/A,PROGRAMADOR UNIVERSITARIO,R.M./2013/2020,PRESENCIAL,Pregrado
36,Universidad Nacional de Tucumán,PROGRAMADOR UNIVERSITARIO, ,R.M.1148/98,PRESENCIAL,Pregrado
36,Universidad Nacional de Tucumán,PSICÓLOGO,PSICOLOGÍA,R.M./2313/2017,PRESENCIAL,Grado
36,Universidad Nacional de Tucumán,PSICÓLOGO, ,R.M.1215/94,PRESENCIAL,Grado
36,Universidad Nacional de Tucumán,TÉCNICO/A AGROPECUARIO/A,TÉCNICO/A AGROPECUARIO/A,R.M./3076/2022,PRESENCIAL,Preuniversitario
36,Universidad Nacional de Tucumán,TÉCNICO/A AGROPECUARIO/A,TÉCNICO AGROPECUARIO,R.M./3240/2019,PRESENCIAL,Preuniversitario
36,Universidad Nacional de Tucumán,TÉCNICO/A EN ILUMINACIÓN DE ESPECTÁCULOS,DISEÑO DE ILUMINACIÓN,R.M./2378/2019,PRESENCIAL,Pregrado
36,Universidad Nacional de Tucumán,TÉCNICO/A EN PRODUCCIÓN AGROPECUARIA,TECNICATURA EN PRODUCCIÓN AGROPECUARIA,R.M./2491/2022,PRESENCIAL,Preuniversitario
36,Universidad Nacional de Tucumán,TÉCNICO/A LABORATORISTA UNIVERSITARIO/A EN SALUD,TECNICATURA LABORATORISTA UNIVERSITARIO EN SALUD,R.M./4328/2017,PRESENCIAL,Pregrado
36,Universidad Nacional de Tucumán,TÉCNICO/A QUÍMICO/A,TÉCNICO/A QUÍMICO/A,R.M./2490/2022,PRESENCIAL,Preuniversitario
36,Universidad Nacional de Tucumán,TÉCNICO/A QUÍMICO AGROINDUSTRIAL,TÉCNICO/A QUÍMICO AGROINDUSTRIAL,R.M./534/2024,PRESENCIAL,Preuniversitario
36,Universidad Nacional de Tucumán,TÉCNICO/A SUPERIOR EN CONTROLES AUTOMÁTICOS INDUSTRIALES,TECNICATURA SUPERIOR EN CONTROLES AUTOMÁTICOS INDUSTRIALES,R.M./971/2018,PRESENCIAL,Pregrado
36,Universidad Nacional de Tucumán,TÉCNICO/A SUPERIOR EN DISEÑO INDUSTRIAL,TECNICATURA SUPERIOR EN DISEÑO INDUSTRIAL,R.M./3119/2019,PRESENCIAL,Pregrado
36,Universidad Nacional de Tucumán,TÉCNICO/A SUPERIOR EN ELECTRICIDAD INDUSTRIAL,TÉCNICO SUPERIOR EN ELECTRICIDAD INDUSTRIAL,R.M./406/2021,PRESENCIAL,Pregrado
36,Universidad Nacional de Tucumán,TÉCNICO/A UNIVERSITARIO/A DE GESTIÓN EN CALIDAD ALIMENTICIA,TECNICATURA UNIVERSITARIA DE GESTIÓN EN CALIDAD ALIMENTICIA,R.M./331/2021,PRESENCIAL,Pregrado
36,Universidad Nacional de Tucumán,TÉCNICO/A UNIVERSITARIO/A EN ACOMPAÑAMIENTO TERAPÉUTICO,TECNICATURA UNIVERSITARIA EN ACOMPAÑAMIENTO TERAPÉUTICO,D./235/2026,A DISTANCIA,Grado
36,Universidad Nacional de Tucumán,TÉCNICO/A UNIVERSITARIO/A EN COMUNICACIÓN, ,R.M.0016/04,PRESENCIAL,Pregrado
36,Universidad Nacional de Tucumán,TÉCNICO/A UNIVERSITARIO/A EN CONSTRUCCIÓN Y RESTAURACIÓN DE INSTRUMENTOS DE CUERDAS PULSADAS,TECNICATURA UNIVERSITARIA EN CONSTRUCCIÓN Y RESTAURACIÓN DE INSTRUMENTOS DE CUERDAS PULSADAS,R.M./4226/2017,PRESENCIAL,Pregrado
36,Universidad Nacional de Tucumán,TÉCNICO/A UNIVERSITARIO/A EN DISEÑO DE ANIMACIÓN MULTIMEDIA,TECNICATURA UNIVERSITARIA EN DISEÑO DE ANIMACIÓN MULTIMEDIA,R.M./2526/2022,PRESENCIAL,Pregrado
36,Universidad Nacional de Tucumán,TÉCNICO/A UNIVERSITARIO/A EN DISEÑO DE CERÁMICA,TECNICATURA UNIVERSITARIA EN DISEÑO DE CERÁMICA,R.M./2895/2022,PRESENCIAL,Pregrado
36,Universidad Nacional de Tucumán,TÉCNICO/A UNIVERSITARIO/A EN DISEÑO DE JOYERÍA,TECNICATURA UNIVERSITARIA EN DISEÑO DE JOYERÍA,R.M./2485/2022,PRESENCIAL,Pregrado
36,Universidad Nacional de Tucumán,TÉCNICO/A UNIVERSITARIO/A EN FÍSICA,TECNICATURA UNIVERSITARIA EN FÍSICA,R.M./2416/2021,PRESENCIAL,Pregrado
36,Universidad Nacional de Tucumán,TÉCNICO/A UNIVERSITARIO/A EN FÍSICA AMBIENTAL,TECNICATURA UNIVERSITARIA EN FÍSICA AMBIENTAL,R.M./1275/2018,PRESENCIAL,Pregrado
36,Universidad Nacional de Tucumán,TÉCNICO/A UNIVERSITARIO/A EN PRÓTESIS DENTAL,TECNICATURA UNIVERSITARIA EN PRÓTESIS DENTAL,R.M./494/2021,PRESENCIAL,Pregrado
36,Universidad Nacional de Tucumán,TÉCNICO/A UNIVERSITARIO/A EN SANEAMIENTO Y DESINFECCIÓN DE LOS SERVICIOS DE SALUD,TECNICATURA UNIVERSITARIA EN SANEAMIENTO Y DESINFECCIÓN DE LOS SERVICIOS DE SALUD,R.M./382/2019,PRESENCIAL,Pregrado
36,Universidad Nacional de Tucumán,TÉCNICO/A UNIVERSITARIO/A EN TECNOLOGÍA AZUCARERA E INDUSTRIAS DERIVADAS,TECNICATURA UNIVERSITARIA EN TECNOLOGÍA AZUCARERA E INDUSTRIAS DERIVADAS, ,PRESENCIAL,Pregrado
36,Universidad Nacional de Tucumán,TÉCNICO/A UNIVERSITARIO/A IMPOSITIVO CONTABLE,CONTADOR PÚBLICO NACIONAL,R.M.0306/11,PRESENCIAL,Grado
36,Universidad Nacional de Tucumán,TÉCNICO/A UNIVERSITARIO EN SONORIZACIÓN,LICENCIATURA EN DISEÑO DE SONIDO, ,PRESENCIAL,Pregrado
36,Universidad Nacional de Tucumán,TÉCNICO/A VIAL,TÉCNICO/A VIAL,R.M./3306/2022 - R.M./671/2025,PRESENCIAL,Preuniversitario
36,Universidad Nacional de Tucumán,TÉCNICO DISEÑADOR UNIVERSITARIO DE INDUMENTARIA Y TEXTIL,TECNICATURA UNIVERSITARIA EN DISEÑO DE INDUMENTARIA Y TEXTIL,R.M./182/2017,PRESENCIAL,Pregrado
36,Universidad Nacional de Tucumán,TECNICO DISEÑADOR UNIVERSITARIO EN ILUMINACION, ,R.M.0073/02,PRESENCIAL,Pregrado
36,Universidad Nacional de Tucumán,TECNICO EN AREAS NATURALES PROTEGIDAS, ,R.M.1449/99,PRESENCIAL,Pregrado
36,Universidad Nacional de Tucumán,TECNICO EN DOCUMENTACION Y MUSEOLOGIA ARQUEOLOGICA, ,R.M.2150/88,PRESENCIAL,Pregrado
36,Universidad Nacional de Tucumán,TÉCNICO EN ESTADÍSTICAS DE SALUD,TECNICATURA EN ESTADÍSTICAS DE SALUD,R.M./1856/2014,PRESENCIAL,Pregrado
36,Universidad Nacional de Tucumán,"TÉCNICO EN PINTURA, ESPECIALIDAD PRODUCCIÓN Y GESTIÓN; TÉCNICO EN ESCULTURA, ESPECIALIDAD PRODUCCIÓN Y GESTIÓN; TÉCNICO EN CERÁMICA, ESPECIALIDAD PRODUCCIÓN Y GESTIÓN; TÉCNICO EN ARTE IMPRESO, ESPECIALIDAD PRODUCCIÓN Y GESTIÓN","TÉCNICO EN PINTURA, ESPECIALIDAD PRODUCCIÓN Y GESTIÓN; TÉCNICO EN ESCULTURA, ESPECIALIDAD PRODUCCIÓN Y GESTIÓN; TÉCNICO EN CERÁMICA, ESPECIALIDAD PRODUCCIÓN Y GESTIÓN; TÉCNICO EN ARTE IMPRESO, ESPECIALIDAD PRODUCCIÓN Y GESTIÓN",R.M./198/2019,PRESENCIAL,Preuniversitario
36,Universidad Nacional de Tucumán,TECNICO MECANICO ELECTRICISTA, ,R.M.0212/06,PRESENCIAL,Preuniversitario
36,Universidad Nacional de Tucumán,TÉCNICO SUPERIOR EN GESTIÓN UNIVERSITARIA,LICENCIATURA EN GESTIÓN UNIVERSITARIA,R.M./0689/2013 - R.M./689/2013,PRESENCIAL,Pregrado
36,Universidad Nacional de Tucumán,TECNICO SUPERIOR EN GESTION UNIVERSITARIA CON ORIENTACION ALTERNATIVA EN ADMINISTRACION ACADEMICA, ,R.M.2102/07,PRESENCIAL,Pregrado
36,Universidad Nacional de Tucumán,TECNICO SUPERIOR EN GESTION UNIVERSITARIA CON ORIENTACION ALTERNATIVA EN ADMINISTRACION ECONOMICO-FINANCIERA, ,R.M.2102/07,PRESENCIAL,Pregrado
36,Universidad Nacional de Tucumán,TECNICO SUPERIOR EN GESTION UNIVERSITARIA CON ORIENTACION ALTERNATIVA EN MANTENIMIENTO PRODUCCION Y SERVICIOS GENERALES, ,R.M.2102/07,PRESENCIAL,Pregrado
36,Universidad Nacional de Tucumán,TECNICO SUPERIOR EN GESTION UNIVERSITARIA CON ORIENTACION ALTERNATIVA EN RECURSOS ASISTENCIALES, ,R.M.2102/07,PRESENCIAL,Pregrado
36,Universidad Nacional de Tucumán,TECNICO SUPERIOR EN GESTION UNIVERSITARIA CON ORIENTACION ALTERNATIVA EN RECURSOS TECNICOS, ,R.M.2102/07,PRESENCIAL,Pregrado
36,Universidad Nacional de Tucumán,TÉCNICO UNIVERSITARIO/A EN ASISTENCIA DENTAL,TECNICATURA UNIVERSITARIA EN ASISTENCIA DENTAL,R.M./965/2023,PRESENCIAL,Pregrado
36,Universidad Nacional de Tucumán,TECNICO UNIVERSITARIO EN ADMINISTRACION DE AREAS PROTEGIDAS, ,R.M.1253/99,PRESENCIAL,Pregrado
36,Universidad Nacional de Tucumán,TECNICO UNIVERSITARIO EN AGROINDUSTRIA, ,R.M.0647/05,PRESENCIAL,Pregrado
36,Universidad Nacional de Tucumán,TECNICO UNIVERSITARIO EN CONTABILIDAD,CONTADOR PÚBLICO,R.M./1741/2021,PRESENCIAL,Grado
36,Universidad Nacional de Tucumán,TECNICO UNIVERSITARIO EN DOCUMENTACION Y MUSEOLOGIA ARQUEOLOGICA, ,R.M.1227/99,PRESENCIAL,Pregrado
36,Universidad Nacional de Tucumán,TÉCNICO UNIVERSITARIO EN FOTOGRAFÍA, ,R.M.0093/03,PRESENCIAL,Pregrado
36,Universidad Nacional de Tucumán,TECNICO UNIVERSITARIO EN MEDIOS AUDIOVISUALES, ,R.M.0964/05,PRESENCIAL,Pregrado
36,Universidad Nacional de Tucumán,TECNICO UNIVERSITARIO EN SONORIZACION, ,R.M.0012/03,PRESENCIAL,Pregrado
36,Universidad Nacional de Tucumán,TECNICO UNIVERSITARIO EN TECNOLOGIA AZUCARERA E INDUSTRIAS DERIVADAS, ,R.M.0674/99,PRESENCIAL,Pregrado
36,Universidad Nacional de Tucumán,TERAPISTA FISICO, ,R.M.1389/96,PRESENCIAL,Pregrado
36,Universidad Nacional de Tucumán,VETERINARIO/A, ,R.M.0714/97,PRESENCIAL,Grado
172,Universidad del Norte Santo Tomás de Aquino,ABOGADO,ABOGACÍA- SEDE CENTRAL-,R.M./3497/2021,PRESENCIAL,Grado
172,Universidad del Norte Santo Tomás de Aquino,ABOGADO/A, ,DIS.0003/70,PRESENCIAL,Grado
172,Universidad del Norte Santo Tomás de Aquino,ABOGADO/A,ABOGACÍA -SEDE CENTRAL,R.M./2690/2018,PRESENCIAL,Grado
172,Universidad del Norte Santo Tomás de Aquino,ABOGADO/A,ABOGACÍA - CONCEPCION,R.M./486/2018 - R.M./827/2018 - R.M./238/2018,PRESENCIAL,Grado
172,Universidad del Norte Santo Tomás de Aquino,ABOGADO/A,ABOGACÍA,R.M./259/2022,PRESENCIAL,Grado
172,Universidad del Norte Santo Tomás de Aquino,ANALISTA EN INFORMÁTICA, ,R.M.1440/90,PRESENCIAL,Pregrado
172,Universidad del Norte Santo Tomás de Aquino,BACHILLER EN FILOSOFIA,LICENCIATURA EN FILOSOFÍA,D./864/2025,A DISTANCIA,Pregrado
172,Universidad del Norte Santo Tomás de Aquino,BACHILLER EN TEOLOGIA, ,R.M.0641/75,PRESENCIAL,Pregrado
172,Universidad del Norte Santo Tomás de Aquino,BACHILLER UNIVERSITARIO EN ADMINISTRACION AGRARIA, ,DIS.0003/70,PRESENCIAL,Pregrado
172,Universidad del Norte Santo Tomás de Aquino,BACHILLER UNIVERSITARIO EN ADMINISTRACION DE EMPRESAS, ,DIS.0003/70,PRESENCIAL,Pregrado
172,Universidad del Norte Santo Tomás de Aquino,BACHILLER UNIVERSITARIO EN ADMINISTRACION HOSPITALARIA, ,DIS.0003/70,PRESENCIAL,Pregrado
172,Universidad del Norte Santo Tomás de Aquino,BACHILLER UNIVERSITARIO EN ADMINISTRACION PUBLICA, ,DIS.0003/70,PRESENCIAL,Pregrado
172,Universidad del Norte Santo Tomás de Aquino,BACHILLER UNIVERSITARIO EN FILOSOFÍA, ,R.M.0641/75 - DIS.0150/78 - R.M.0826/05 - R.M.0306/06,PRESENCIAL,Pregrado
172,Universidad del Norte Santo Tomás de Aquino,BACHILLER UNIVERSITARIO EN FILOSOFÍA,"PROFESORADO DE ENSEÑANZA SECUNDARIA, NORMAL Y ESPECIAL EN FILOSOFÍA- DISPOSICIÓN-",R.M./2571/2019,PRESENCIAL,Pregrado
172,Universidad del Norte Santo Tomás de Aquino,BACHILLER UNIVERSITARIO EN ORGANIZACIÓN DE LA PRODUCCION, ,DIS.0003/70,PRESENCIAL,Pregrado
172,Universidad del Norte Santo Tomás de Aquino,BACHILLER UNIVERSITARIO EN RELACIONES PUBLICAS, ,DIS.0003/70,PRESENCIAL,Pregrado
172,Universidad del Norte Santo Tomás de Aquino,BACHILLER UNIVERSITARIO EN SEGURIDAD INDUSTRIAL, ,DIS.0003/70,PRESENCIAL,Pregrado
172,Universidad del Norte Santo Tomás de Aquino,BIOINGENIERO/A,BIOINGENIERÍA,R.M./3270/2021,PRESENCIAL,Grado
172,Universidad del Norte Santo Tomás de Aquino,CONTADOR/A PÚBLICO/A, ,DIS.0003/70 - R.M.0949/83,PRESENCIAL,Grado
172,Universidad del Norte Santo Tomás de Aquino,CONTADOR/A PÚBLICO/A,CONTADOR PÚBLICO,R.M./337/2022,PRESENCIAL,Grado
172,Universidad del Norte Santo Tomás de Aquino,CONTADOR/A PÚBLICO/A,CONTADOR/A PÚBLICO/A,R.M./378/2025,PRESENCIAL,Grado
172,Universidad del Norte Santo Tomás de Aquino,DOCTOR/A EN FILOSOFÍA, ,DIS.0003/70,PRESENCIAL,Posgrado
172,Universidad del Norte Santo Tomás de Aquino,DOCTOR/A EN HISTORIA, ,DIS.0003/70,PRESENCIAL,Posgrado
172,Universidad del Norte Santo Tomás de Aquino,DOCTOR/A EN PSICOLOGÍA, ,DIS.0003/70,PRESENCIAL,Posgrado
172,Universidad del Norte Santo Tomás de Aquino,DOCTOR EN CIENCIA DE LA EDUCACIÓN, ,DIS.0003/70,PRESENCIAL,Posgrado
172,Universidad del Norte Santo Tomás de Aquino,DOCTOR EN LETRAS, ,DIS.0003/70,PRESENCIAL,Posgrado
172,Universidad del Norte Santo Tomás de Aquino,DOCTOR EN TEOLOGÍA, ,R.M.0641/75,PRESENCIAL,Posgrado
172,Universidad del Norte Santo Tomás de Aquino,ECONOMISTA, ,DIS.0003/70,PRESENCIAL,Grado
172,Universidad del Norte Santo Tomás de Aquino,ESPECIALISTA EN COMUNICACIÓN DE GOBIERNO Y MARKETING POLÍTICO,ESPECIALIZACIÓN EN COMUNICACIÓN DE GOBIERNO Y MARKETING POLÍTICO,D./632/2025,A DISTANCIA,Posgrado
172,Universidad del Norte Santo Tomás de Aquino,ESPECIALISTA EN COMUNICACIÓN ESTRATÉGICA DIGITAL,ESPECIALIZACIÓN EN COMUNICACIÓN ESTRATÉGICA DIGITAL,D./733/2025,A DISTANCIA,Posgrado
172,Universidad del Norte Santo Tomás de Aquino,ESPECIALISTA EN DIAGNÓSTICO POR IMÁGENES,ESPECIALIZACIÓN EN DIAGNÓSTICO POR IMÁGENES,D./491/2025,PRESENCIAL,Posgrado
172,Universidad del Norte Santo Tomás de Aquino,ESPECIALISTA EN DIRECCIÓN ESTRATÉGICA EN RECURSOS HUMANOS,ESPECIALIZACIÓN EN DIRECCIÓN ESTRATÉGICA EN RECURSOS HUMANOS,R.M./1987/2023,PRESENCIAL,Posgrado
172,Universidad del Norte Santo Tomás de Aquino,ESPECIALISTA EN DOCENCIA UNIVERSITARIA,ESPECIALIZACIÓN EN DOCENCIA UNIVERSITARIA,R.M./2416/2020,A DISTANCIA,Posgrado
172,Universidad del Norte Santo Tomás de Aquino,ESPECIALISTA EN LOGÍSTICA,ESPECIALIZACIÓN EN LOGÍSTICA,R.M./368/2018,PRESENCIAL,Posgrado
172,Universidad del Norte Santo Tomás de Aquino,ESPECIALISTA EN MARKETING ESTRATÉGICO Y NEGOCIOS DIGITALES,ESPECIALIZACIÓN EN MARKETING ESTRATÉGICO Y NEGOCIOS DIGITALES,R.M./1154/2024,PRESENCIAL,Posgrado
172,Universidad del Norte Santo Tomás de Aquino,ESPECIALISTA EN MARKETING ESTRATÉGICO Y NEGOCIOS DIGITALES,ESPECIALIZACIÓN EN MARKETING ESTRATÉGICO Y NEGOCIOS DIGITALES,D./138/2025,A DISTANCIA,Posgrado
172,Universidad del Norte Santo Tomás de Aquino,ESPECIALISTA EN MÉTODOS ALTERNATIVOS DE RESOLUCIÓN DE CONFLICTOS,ESPECIALIZACIÓN EN MÉTODOS ALTERNATIVOS DE RESOLUCIÓN DE CONFLICTOS,R.M./1538/2022,PRESENCIAL,Posgrado
172,Universidad del Norte Santo Tomás de Aquino,ESPECIALISTA EN NUTRICIÓN CON ORIENTACIÓN EN OBESIDAD,ESPECIALIZACIÓN EN NUTRICIÓN CON ORIENTACIÓN EN OBESIDAD,R.M./38/2023,A DISTANCIA,Posgrado
172,Universidad del Norte Santo Tomás de Aquino,ESPECIALISTA EN PENSAMIENTO MEDIEVAL,ESPECIALIZACIÓN EN PENSAMIENTO MEDIEVAL,R.M./3883/2017 - R.M./499/2024,PRESENCIAL,Posgrado
172,Universidad del Norte Santo Tomás de Aquino,ESPECIALISTA EN TRIBUTACIÓN,ESPECIALIZACIÓN EN TRIBUTACIÓN,D./218/2025,PRESENCIAL,Posgrado
172,Universidad del Norte Santo Tomás de Aquino,ESPECIALISTA EN TRIBUTACIÓN,ESPECIALIZACIÓN EN TRIBUTACIÓN,D./333/2025,A DISTANCIA,Posgrado
172,Universidad del Norte Santo Tomás de Aquino,GUÍA DE TURISMO, ,R.M.1630/83,PRESENCIAL,Pregrado
172,Universidad del Norte Santo Tomás de Aquino,INGENIERO/A AMBIENTAL,INGENIERIA AMBIENTAL,R.M./1763/2021,PRESENCIAL,Grado
172,Universidad del Norte Santo Tomás de Aquino,INGENIERO/A AMBIENTAL, ,R.M.0089/03,PRESENCIAL,Grado
172,Universidad del Norte Santo Tomás de Aquino,INGENIERO/A EN INFORMÁTICA, ,R.M.1440/90,PRESENCIAL,Grado
172,Universidad del Norte Santo Tomás de Aquino,INGENIERO/A EN INFORMÁTICA,INGENIERÍA EN INFORMÁTICA,R.M./4625/2017,PRESENCIAL,Grado
172,Universidad del Norte Santo Tomás de Aquino,INGENIERO/A EN INTELIGENCIA ARTIFICIAL,INGENIERÍA EN INTELIGENCIA ARTIFICIAL,R.M./515/2024,PRESENCIAL,Grado
172,Universidad del Norte Santo Tomás de Aquino,INGENIERO/A INDUSTRIAL,INGENIERÍA INDUSTRIAL,D./1297/2025,PRESENCIAL,Grado
172,Universidad del Norte Santo Tomás de Aquino,INGENIERO/A INDUSTRIAL,INGENIERÍA INDUSTRIAL,D./1295/2025,PRESENCIAL,Grado
172,Universidad del Norte Santo Tomás de Aquino,INGENIERO/A INDUSTRIAL, ,DIS.0003/70,PRESENCIAL,Grado
172,Universidad del Norte Santo Tomás de Aquino,INGENIERO/A INDUSTRIAL,INGENIERÍA INDUSTRIAL,R.M./2304/2019,PRESENCIAL,Grado
172,Universidad del Norte Santo Tomás de Aquino,INGENIERO/A INDUSTRIAL,INGENIERÍA INDUSTRIAL,R.M./138/2019,PRESENCIAL,Grado
172,Universidad del Norte Santo Tomás de Aquino,INGENIERO/A INDUSTRIAL,INGENIERÍA INDUSTRIAL - ACREDITACIÓN 2012,R.M./117/2019,PRESENCIAL,Grado
172,Universidad del Norte Santo Tomás de Aquino,LICENCIADA/O EN ADMINISTRACIÓN DE EMPRESAS,LICENCIATURA EN ADMINISTRACIÓN DE EMPRESAS,R.M./640/2018,PRESENCIAL,Grado
172,Universidad del Norte Santo Tomás de Aquino,LICENCIADA/O EN ADMINISTRACIÓN DE EMPRESAS, ,DIS.0003/70,PRESENCIAL,Grado
172,Universidad del Norte Santo Tomás de Aquino,LICENCIADO/A EN ADMINISTRACIÓN, ,R.M.1041/76,PRESENCIAL,Grado
172,Universidad del Norte Santo Tomás de Aquino,LICENCIADO/A EN ADMINISTRACIÓN DE EMPRESAS,LICENCIATURA EN ADMINISTRACIÓN DE EMPRESAS,R.M./3939/2019,PRESENCIAL,Grado
172,Universidad del Norte Santo Tomás de Aquino,LICENCIADO/A EN ALFABETIZACIÓN,LICENCIATURA EN ALFABETIZACIÓN - CICLO DE COMPLEMENTACIÓN CURRICULAR,D./570/2026,PRESENCIAL Y A DISTANCIA,Grado
172,Universidad del Norte Santo Tomás de Aquino,LICENCIADO/A EN CIENCIAS DEL COMPORTAMIENTO,LICENCIATURA EN CIENCIAS DEL COMPORTAMIENTO,R.M./697/2023,A DISTANCIA,Grado
172,Universidad del Norte Santo Tomás de Aquino,LICENCIADO/A EN CIENCIAS POLÍTICAS,LICENCIATURA EN CIENCIAS POLÍTICAS,R.M./3275/2021,A DISTANCIA,Grado
172,Universidad del Norte Santo Tomás de Aquino,LICENCIADO/A EN CIENCIAS POLÍTICAS, ,R.M.0600/02,PRESENCIAL,Grado
172,Universidad del Norte Santo Tomás de Aquino,LICENCIADO/A EN CIENCIAS POLÍTICAS,LICENCIATURA EN CIENCIAS POLÍTICAS,R.M./3482/2021,PRESENCIAL,Grado
172,Universidad del Norte Santo Tomás de Aquino,LICENCIADO/A EN CIENCIAS SOCIALES,LICENCIATURA EN CIENCIAS SOCIALES,R.M./2966/2022,A DISTANCIA,Grado
172,Universidad del Norte Santo Tomás de Aquino,LICENCIADO/A EN CIENCIAS SOCIALES,LICENCIATURA EN CIENCIAS SOCIALES,R.M./730/2022 - R.M./547/2023,PRESENCIAL,Grado
172,Universidad del Norte Santo Tomás de Aquino,LICENCIADO/A EN COMERCIALIZACIÓN, ,R.M.1680/99,PRESENCIAL,Grado
172,Universidad del Norte Santo Tomás de Aquino,LICENCIADO/A EN COMUNICACIÓN, ,R.M.0022/99,PRESENCIAL,Grado
172,Universidad del Norte Santo Tomás de Aquino,LICENCIADO/A EN COMUNICACIÓN DIGITAL,LICENCIATURA EN COMUNICACIÓN DIGITAL -CCC-,R.M./1109/2023,A DISTANCIA,Grado
172,Universidad del Norte Santo Tomás de Aquino,LICENCIADO/A EN COMUNICACIÓN SOCIAL,LICENCIATURA EN COMUNICACIÓN SOCIAL -CICLO DE COMPLEMENTACIÓN CURRICULAR-,D./574/2026,PRESENCIAL Y A DISTANCIA,Grado
172,Universidad del Norte Santo Tomás de Aquino,LICENCIADO/A EN DIAGNÓSTICO POR IMÁGENES,LICENCIATURA EN DIAGNÓSTICO POR IMÁGENES-CICLO DE COMPLEMENTACIÓN CURRICULAR-,R.M./1335/2024,A DISTANCIA,Grado
172,Universidad del Norte Santo Tomás de Aquino,LICENCIADO/A EN DISEÑO DE INTERIORES,LICENCIATURA EN DISEÑO DE INTERIORES,R.M./2401/2020,PRESENCIAL,Grado
172,Universidad del Norte Santo Tomás de Aquino,LICENCIADO/A EN DISEÑO GRÁFICO, ,R.M.0113/95,PRESENCIAL,Grado
172,Universidad del Norte Santo Tomás de Aquino,LICENCIADO/A EN DISEÑO GRÁFICO,LICENCIATURA EN DISEÑO GRÁFICO,R.M./616/2020,PRESENCIAL,Grado
172,Universidad del Norte Santo Tomás de Aquino,LICENCIADO/A EN FILOSOFÍA,LICENCIATURA EN FILOSOFÍA,DIS.0003/70 - R.M.0101/03 - R.M.0826/05 - R.M.0874/10,PRESENCIAL,Grado
172,Universidad del Norte Santo Tomás de Aquino,LICENCIADO/A EN FILOSOFÍA,LICENCIATURA EN FILOSOFÍA,D./864/2025,A DISTANCIA,Grado
172,Universidad del Norte Santo Tomás de Aquino,LICENCIADO/A EN GASTRONOMÍA,LICENCIATURA EN GASTRONOMÍA,R.M./464/2017,PRESENCIAL,Grado
172,Universidad del Norte Santo Tomás de Aquino,LICENCIADO/A EN GESTIÓN CULTURAL,LICENCIATURA EN GESTIÓN CULTURAL,R.M./963/2023,A DISTANCIA,Grado
172,Universidad del Norte Santo Tomás de Aquino,LICENCIADO/A EN GESTIÓN EDUCATIVA,LICENCIATURA EN GESTIÓN EDUCATIVA -CICLO DE COMPLEMENTACIÓN CURRICULAR,R.M./262/2022,A DISTANCIA,Grado
172,Universidad del Norte Santo Tomás de Aquino,LICENCIADO/A EN GESTIÓN EDUCATIVA,LICENCIATURA EN GESTIÓN EDUCATIVA,R.M./377/2023,PRESENCIAL,Grado
172,Universidad del Norte Santo Tomás de Aquino,LICENCIADO/A EN GESTIÓN EDUCATIVA,LICENCIATURA EN GESTIÓN EDUCATIVA,R.M./376/2023,A DISTANCIA,Grado
172,Universidad del Norte Santo Tomás de Aquino,LICENCIADO/A EN GESTIÓN EDUCATIVA.,LICENCIATURA EN GESTIÓN EDUCATIVA -CICLO DE COMPLEMENTACIÓN CURRICULAR-,R.M./383/2022,PRESENCIAL,Grado
172,Universidad del Norte Santo Tomás de Aquino,LICENCIADO/A EN GESTIÓN ORGANIZACIONAL CON ORIENTACIÓN EN CAPITAL HUMANO,LICENCIATURA EN GESTIÓN ORGANIZACIONAL CON ORIENTACIÓN EN CAPITAL HUMANO - CICLO DE COMPLEMENTACIÓN CURRICULAR,D./622/2026,PRESENCIAL Y A DISTANCIA,Grado
172,Universidad del Norte Santo Tomás de Aquino,LICENCIADO/A EN HIGIENE Y SEGURIDAD LABORAL,LICENCIATURA EN HIGIENE Y SEGURIDAD LABORAL,R.M./6/2023,A DISTANCIA,Grado
172,Universidad del Norte Santo Tomás de Aquino,LICENCIADO/A EN HISTORIA,LICENCIATURA EN HISTORIA -CICLO DE COMPLEMENTACIÓN CURRICULAR-,R.M./855/2020,PRESENCIAL,Grado
172,Universidad del Norte Santo Tomás de Aquino,LICENCIADO/A EN HISTORIA, ,DIS.0003/70,PRESENCIAL,Grado
172,Universidad del Norte Santo Tomás de Aquino,LICENCIADO/A EN HISTORIA,LICENCIATURA EN HISTORIA -CICLO DE COMPLEMENTACIÓN CURRICULAR-,R.M./1183/2021,A DISTANCIA,Grado
172,Universidad del Norte Santo Tomás de Aquino,LICENCIADO/A EN HISTORIA,LICENCIATURA EN HISTORIA-CICLO DE COMPLEMENTACIÓN CURRICULAR-,R.M./150/2025,A DISTANCIA,Grado
172,Universidad del Norte Santo Tomás de Aquino,LICENCIADO/A EN INGLÉS,LICENCIATURA EN INGLÉS - CICLO DE COMPLEMENTACIÓN CURRICULAR,R.M./878/2020,PRESENCIAL,Grado
172,Universidad del Norte Santo Tomás de Aquino,LICENCIADO/A EN KINESIOLOGÍA Y FISIATRÍA,LICENCIATURA EN KINESIOLOGÍA Y FISIATRÍA,R.M./266/2024,PRESENCIAL,Grado
172,Universidad del Norte Santo Tomás de Aquino,LICENCIADO/A EN LOGÍSTICA Y GESTIÓN DEL TRANSPORTE,LICENCIATURA EN LOGÍSTICA Y GESTIÓN DEL TRANSPORTE,R.M./3477/2022,A DISTANCIA,Grado
172,Universidad del Norte Santo Tomás de Aquino,LICENCIADO/A EN MANAGEMENT TURÍSTICO,LICENCIATURA EN MANAGEMENT TURÍSTICO,D./1225/2025,PRESENCIAL Y A DISTANCIA,Grado
172,Universidad del Norte Santo Tomás de Aquino,LICENCIADO/A EN MARKETING,LICENCIATURA EN MARKETING,R.M./2828/2023,PRESENCIAL,Grado
172,Universidad del Norte Santo Tomás de Aquino,LICENCIADO/A EN MATEMÁTICA,CONTADOR PÚBLICO,R.M./142/2016,PRESENCIAL,Grado
172,Universidad del Norte Santo Tomás de Aquino,LICENCIADO/A EN MEDIOS AUDIOVISUALES,LICENCIATURA EN MEDIOS AUDIOVISUALES- CICLO DE COMPLEMENTACIÓN CURRICULAR-,R.M./1342/2021 - D./751/2025,A DISTANCIA,Grado
172,Universidad del Norte Santo Tomás de Aquino,LICENCIADO/A EN NUTRICIÓN, ,R.M.0903/00,PRESENCIAL,Grado
172,Universidad del Norte Santo Tomás de Aquino,LICENCIADO/A EN PERIODISMO DEPORTIVO,LICENCIATURA EN PERIODISMO DEPORTIVO- CICLO DE COMPLEMENTACIÓN CURRICULAR-,D./572/2026,PRESENCIAL Y A DISTANCIA,Grado
172,Universidad del Norte Santo Tomás de Aquino,LICENCIADO/A EN PSICOLOGÍA,LICENCIATURA EN PSICOLOGÍA,R.M./1391/2017,PRESENCIAL,Grado
172,Universidad del Norte Santo Tomás de Aquino,LICENCIADO/A EN PSICOLOGÍA,LICENCIATURA EN PSICOLOGÍA,R.M./1490/2017,PRESENCIAL,Grado
172,Universidad del Norte Santo Tomás de Aquino,LICENCIADO/A EN PSICOLOGÍA, ,DIS.0003/70,PRESENCIAL,Grado
172,Universidad del Norte Santo Tomás de Aquino,LICENCIADO/A EN PSICOPEDAGOGÍA,LICENCIATURA EN PSICOPEDAGOGÍA,D./348/2026,PRESENCIAL Y A DISTANCIA,Grado
172,Universidad del Norte Santo Tomás de Aquino,LICENCIADO/A EN RELACIONES PÚBLICAS, ,DIS.0003/70,PRESENCIAL,Grado
172,Universidad del Norte Santo Tomás de Aquino,LICENCIADO/A EN SEGURIDAD Y PROTECCIÓN CIUDADANA,LICENCIATURA EN SEGURIDAD Y PROTECCIÓN CIUDADANA -CICLO DE COMPLEMENTACIÓN CURRICULAR,R.M./2613/2018,PRESENCIAL,Grado
172,Universidad del Norte Santo Tomás de Aquino,LICENCIADO/A EN SEGURIDAD Y PROTECCIÓN CIUDADANA.,LICENCIATURA EN SEGURIDAD Y PROTECCIÓN CIUDADANA- CICLO DE COMPLEMENTACIÓN CURRICULAR.,R.M./858/2024,A DISTANCIA,Grado
172,Universidad del Norte Santo Tomás de Aquino,LICENCIADO/A EN SEGURIDAD Y PROTECCIÓN CIUDADANA.,LICENCIATURA EN SEGURIDAD Y PROTECCIÓN CIUDADANA- CICLO DE COMPLEMENTACIÓN CURRICULAR.,R.M./407/2022,PRESENCIAL,Grado
172,Universidad del Norte Santo Tomás de Aquino,LICENCIADO/A EN TEOLOGÍA,LICENCIATURA EN TEOLOGÍA,R.M./3364/2021,PRESENCIAL,Grado
172,Universidad del Norte Santo Tomás de Aquino,LICENCIADO/A EN TEORÍA Y GESTIÓN DE LAS ORGANIZACIONES,LICENCIATURA EN TEORÍA Y GESTIÓN DE LAS ORGANIZACIONES,R.M./546/2023,A DISTANCIA,Grado
172,Universidad del Norte Santo Tomás de Aquino,LICENCIADO/A EN TEORÍA Y GESTIÓN DE LAS ORGANIZACIONES,LICENCIATURA EN TEORÍA Y GESTIÓN DE LAS ORGANIZACIONES  CICLO DE COMPLEMENTACIÓN CURRICULAR ,D./641/2026,PRESENCIAL Y A DISTANCIA,Grado
172,Universidad del Norte Santo Tomás de Aquino,LICENCIADO/A EN TERAPIA OCUPACIONAL, ,R.M.0424/02,PRESENCIAL,Grado
172,Universidad del Norte Santo Tomás de Aquino,LICENCIADO/A EN TRABAJO SOCIAL,LICENCIATURA EN TRABAJO SOCIAL- CICLO DE COMPLEMENTACIÓN CURRICULAR-,D./562/2026,PRESENCIAL Y A DISTANCIA,Grado
172,Universidad del Norte Santo Tomás de Aquino,LICENCIADO/A EN TRABAJO SOCIAL,LICENCIATURA EN TRABAJO SOCIAL- CICLO DE COMPLEMENTACIÓN CURRICULAR,R.M./199/2017,PRESENCIAL,Grado
172,Universidad del Norte Santo Tomás de Aquino,LICENCIADO/A EN TRABAJO SOCIAL, ,R.M.1670/83,PRESENCIAL,Grado
172,Universidad del Norte Santo Tomás de Aquino,LICENCIADO/A EN TURISMO, ,R.M.1481/76 - R.M.1358/97,PRESENCIAL,Grado
172,Universidad del Norte Santo Tomás de Aquino,LICENCIADO EN ADMINISTRACIÓN AGRARIA, ,DIS.0003/70,PRESENCIAL,Grado
172,Universidad del Norte Santo Tomás de Aquino,LICENCIADO EN ADMINISTRACION EDUCATIVA CICLO DE LICENCIATURA, ,R.M.1664/99,PRESENCIAL,Grado
172,Universidad del Norte Santo Tomás de Aquino,LICENCIADO EN ADMINISTRACION-ORIENTACION FINANCIERA, ,R.M.1041/76,PRESENCIAL,Grado
172,Universidad del Norte Santo Tomás de Aquino,LICENCIADO EN CIENCIAS DE LA EDUCACION -CICLO DE LICENCIATURA, ,R.M.1260/99,PRESENCIAL,Grado
172,Universidad del Norte Santo Tomás de Aquino,LICENCIADO EN CIENCIAS DE LA RELIGION, ,R.M.0363/99,PRESENCIAL,Grado
172,Universidad del Norte Santo Tomás de Aquino,LICENCIADO EN DIAGNÓSTICO POR IMÁGENES,LICENCIATURA EN DIAGNÓSTICO POR IMÁGENES,R.M./2380/2016,PRESENCIAL,Grado
172,Universidad del Norte Santo Tomás de Aquino,LICENCIADO EN DISEÑO MULTIMEDIAL,LICENCIATURA EN DISEÑO MULTIMEDIAL,R.M./1337/2017,PRESENCIAL,Grado
172,Universidad del Norte Santo Tomás de Aquino,LICENCIADO EN EDUCACION PARA EL PRIMERO Y SEGUNDO CICLO DE LA EDUCACION GENERAL BASICA - CICLO DE LICENCIATURA, ,R.M.1178/02,PRESENCIAL,Grado
172,Universidad del Norte Santo Tomás de Aquino,LICENCIADO EN EMPRESAS TURISTICAS, ,DIS.0003/70,PRESENCIAL,Grado
172,Universidad del Norte Santo Tomás de Aquino,LICENCIADO EN ENSEÑANZA DE LA ECONOMIA Y DE LA GESTION ORGANIZACIONAL -CICLO DE LICENCIATURA, ,R.M.0998/02,PRESENCIAL,Grado
172,Universidad del Norte Santo Tomás de Aquino,LICENCIADO EN FILOSOFIA -CICLO DE LICENCIATURA,LICENCIATURA EN FILOSOFÍA,R.M./490/2012,PRESENCIAL,Grado
172,Universidad del Norte Santo Tomás de Aquino,LICENCIADO EN FILOSOFIA -CICLO DE LICENCIATURA, ,R.M.1070/09 - R.M.1239/10,PRESENCIAL,Grado
172,Universidad del Norte Santo Tomás de Aquino,LICENCIADO EN GESTION AMBIENTAL Y ECOLOGIA, ,R.M.0298/03,PRESENCIAL,Grado
172,Universidad del Norte Santo Tomás de Aquino,LICENCIADO EN GESTION DE INSTITUCIONES EDUCATIVAS -CICLO DE LICENCIATURA, ,R.M.0484/99,PRESENCIAL,Grado
172,Universidad del Norte Santo Tomás de Aquino,LICENCIADO EN HIGIENE Y SEGURIDAD LABORAL, ,R.M.0010/09,PRESENCIAL,Grado
172,Universidad del Norte Santo Tomás de Aquino,LICENCIADO EN LETRAS, ,DIS.0003/70,PRESENCIAL,Grado
172,Universidad del Norte Santo Tomás de Aquino,LICENCIADO EN LOGISTICA Y GESTION DE TRANSPORTES, ,R.M.0508/03,PRESENCIAL,Grado
172,Universidad del Norte Santo Tomás de Aquino,LICENCIADO EN MARKETING,LICENCIATURA EN MARKETING,R.M./1008/2024,A DISTANCIA,Grado
172,Universidad del Norte Santo Tomás de Aquino,LICENCIADO EN ORGANIZACIÓN DE LA PRODUCCION, ,DIS.0003/70,PRESENCIAL,Grado
172,Universidad del Norte Santo Tomás de Aquino,LICENCIADO EN RECURSOS HUMANOS, ,R.M.0894/07,PRESENCIAL,Grado
172,Universidad del Norte Santo Tomás de Aquino,LICENCIADO EN SEGURIDAD E HIGIENE INDUSTRIAL, ,DIS.0003/70,PRESENCIAL,Grado
172,Universidad del Norte Santo Tomás de Aquino,LICENCIADO EN TEOLOGÍA, ,R.M.0641/75 - R.M.0468/07,PRESENCIAL,Grado
172,Universidad del Norte Santo Tomás de Aquino,LOCUTOR/A NACIONAL,LOCUCIÓN NACIONAL,R.M./422/2023,PRESENCIAL,Pregrado
172,Universidad del Norte Santo Tomás de Aquino,LOCUTOR/A NACIONAL,LOCUCIÓN NACIONAL,D./707/2026,PRESENCIAL Y A DISTANCIA,Pregrado
172,Universidad del Norte Santo Tomás de Aquino,LOCUTOR NACIONAL, ,R.M.0529/97,PRESENCIAL,Pregrado
172,Universidad del Norte Santo Tomás de Aquino,MAGÍSTER DE LA UNIVERSIDAD DE BUENOS AIRES EN GESTIÓN ESTRATÉGICA DE SISTEMAS Y TECNOLOGÍAS DE LA INFORMACIÓN,MAESTRÍA EN GESTIÓN DE TECNOLOGÍAS DE LA INFORMACIÓN,R.M./2541/2019,PRESENCIAL,Posgrado
172,Universidad del Norte Santo Tomás de Aquino,MAGÍSTER EN DERECHO EMPRESARIO,MAESTRÍA EN DERECHO EMPRESARIO,D./1130/2025,PRESENCIAL,Posgrado
172,Universidad del Norte Santo Tomás de Aquino,MAGÍSTER EN DERECHO EMPRESARIO,MAESTRIA EN DERECHO EMPRESARIO,R.M./4510/2017,PRESENCIAL,Posgrado
172,Universidad del Norte Santo Tomás de Aquino,MAGÍSTER EN DIRECCIÓN Y ADMINISTRACIÓN DE EMPRESAS,MAESTRÍA EN DIRECCIÓN Y ADMINISTRACIÓN DE EMPRESAS,R.M./3462/2021,PRESENCIAL,Posgrado
172,Universidad del Norte Santo Tomás de Aquino,MAGÍSTER EN DIRECCIÓN Y ADMINISTRACIÓN DE EMPRESAS, ,R.M.0160/05,PRESENCIAL,Posgrado
172,Universidad del Norte Santo Tomás de Aquino,MAGÍSTER EN DIRECCIÓN Y ADMINISTRACIÓN DE EMPRESAS,MAESTRÍA EN DIRECCIÓN Y ADMINISTRACIÓN DE EMPRESAS,R.M./2244/2019,PRESENCIAL,Posgrado
172,Universidad del Norte Santo Tomás de Aquino,MAGÍSTER EN DIRECCIÓN Y ADMINISTRACIÓN DE EMPRESAS,MAESTRÍA EN DIRECCIÓN Y ADMINISTRACIÓN DE EMPRESAS,R.M./2440/2022,PRESENCIAL,Posgrado
172,Universidad del Norte Santo Tomás de Aquino,MAGISTER EN GESTION E INVESTIGACION AMBIENTAL, ,R.M.0734/88,PRESENCIAL,Posgrado
172,Universidad del Norte Santo Tomás de Aquino,MAGISTER EN INFORMÁTICA,MAESTRÍA EN INFORMÁTICA,R.M./1404/2018,PRESENCIAL,Posgrado
172,Universidad del Norte Santo Tomás de Aquino,MAGISTER EN INFORMÁTICA, ,R.M.0422/83,PRESENCIAL,Posgrado
172,Universidad del Norte Santo Tomás de Aquino,MAGÍSTER EN MAGISTRATURA Y GESTIÓN JUDICIAL, ,R.M.0580/04 - R.M.1409/08,PRESENCIAL,Posgrado
172,Universidad del Norte Santo Tomás de Aquino,MAGISTER EN POLITICA, ,R.M.1710/83,PRESENCIAL,Posgrado
172,Universidad del Norte Santo Tomás de Aquino,MAGISTER EN TECNOLOGIAS ENERGETICAS APROPIADAS, ,R.M.2828/86,PRESENCIAL,Posgrado
172,Universidad del Norte Santo Tomás de Aquino,MARTILLERO/A PÚBLICO/A,MARTILLERO PÚBLICO,D./710/2026,PRESENCIAL Y A DISTANCIA,Pregrado
172,Universidad del Norte Santo Tomás de Aquino,MÉDICO/A,MEDICINA,R.M./2122/2019,PRESENCIAL,Grado
172,Universidad del Norte Santo Tomás de Aquino,MÉDICO/A,MEDICINA,D./682/2025,PRESENCIAL,Grado
172,Universidad del Norte Santo Tomás de Aquino,NOTARIO, ,R.M.1832/94,PRESENCIAL,Grado
172,Universidad del Norte Santo Tomás de Aquino,PERITO UNIVERSITARIO EN TURISMO, ,DIS.0003/70,PRESENCIAL,Pregrado
172,Universidad del Norte Santo Tomás de Aquino,PROCURADOR/A,PROCURACIÓN,R.M./470/2022,PRESENCIAL,Pregrado
172,Universidad del Norte Santo Tomás de Aquino,PROCURADOR/A, ,R.M.2948/86,PRESENCIAL,Pregrado
172,Universidad del Norte Santo Tomás de Aquino,PROCURADOR/A,PROCURACIÓN,D./874/2026,PRESENCIAL Y A DISTANCIA,Pregrado
172,Universidad del Norte Santo Tomás de Aquino,PROFESOR/A DE DERECHO,PROFESORADO DE DERECHO-CICLO DE COMPLEMENTACIÓN CURRICULAR-,R.M./892/2018,PRESENCIAL,Grado
172,Universidad del Norte Santo Tomás de Aquino,"PROFESOR/A DE ENSEÑANZA SECUNDARIA, NORMAL Y ESPECIAL EN FILOSOFÍA","PROFESORADO DE ENSEÑANZA SECUNDARIA, NORMAL Y ESPECIAL EN FILOSOFÍA- DISPOSICIÓN-",R.M./2571/2019,PRESENCIAL,Grado
172,Universidad del Norte Santo Tomás de Aquino,PROFESOR/A EN CIENCIAS DE LA EDUCACIÓN, ,DIS.0003/70 - R.M.0044/99,PRESENCIAL,Grado
172,Universidad del Norte Santo Tomás de Aquino,PROFESOR/A EN HISTORIA, ,DIS.0003/70,PRESENCIAL,Grado
172,Universidad del Norte Santo Tomás de Aquino,PROFESOR/A EN LETRAS, ,DIS.0003/70,PRESENCIAL,Grado
172,Universidad del Norte Santo Tomás de Aquino,PROFESOR/A UNIVERSITARIO/A DE INGLÉS,PROFESORADO UNIVERSITARIO DE INGLÉS,R.M./892/2020 - R.M./358/2023,PRESENCIAL,Grado
172,Universidad del Norte Santo Tomás de Aquino,PROFESOR/A UNIVERSITARIO/A DE INGLÉS,PROFESORADO UNIVERSITARIO DE INGLÉS -CICLO DE COMPLEMENTACIÓN CURRICULAR-,D./531/2026,PRESENCIAL,Grado
172,Universidad del Norte Santo Tomás de Aquino,PROFESOR/A UNIVERSITARIO/A EN CIENCIAS DE LA RELIGIÓN,PROFESORADO UNIVERSITARIO EN CIENCIAS DE LA RELIGIÓN,R.M./523/2020,PRESENCIAL,Grado
172,Universidad del Norte Santo Tomás de Aquino,PROFESOR/A UNIVERSITARIO/A EN CIENCIAS ECONÓMICAS,PROFESORADO UNIVERSITARIO EN CIENCIAS ECONÓMICAS - CICLO DE COMPLEMENTACIÓN CURRICULAR-,R.M./987/2020,PRESENCIAL,Grado
172,Universidad del Norte Santo Tomás de Aquino,PROFESOR/A UNIVERSITARIO EN EDUCACIÓN,PROFESORADO UNIVERSITARIO EN EDUCACIÓN  C.C.C,R.M./1214/2022 - R.M./577/2023,PRESENCIAL,Grado
172,Universidad del Norte Santo Tomás de Aquino,PROFESOR DE CIENCIAS POLÍTICAS,PROFESORADO DE CIENCIAS POLÍTICAS - CICLO DE COMPLEMENTACIÓN CURRICULAR,R.M./1859/2017,PRESENCIAL,Grado
172,Universidad del Norte Santo Tomás de Aquino,PROFESOR EN CIENCIAS DE LA EDUCACION, ,DIS.0003/70,PRESENCIAL,Grado
172,Universidad del Norte Santo Tomás de Aquino,PROFESOR EN CIENCIAS DE LA RELIGION, ,R.M.0071/78,PRESENCIAL,Grado
172,Universidad del Norte Santo Tomás de Aquino,PROFESOR EN FILOSOFÍA, ,DIS.0003/70 - R.M.0101/03 - R.M.0826/05 - R.M.0981/10,PRESENCIAL,Grado
172,Universidad del Norte Santo Tomás de Aquino,PROFESOR EN PSICOLOGÍA, ,DIS.0003/70,PRESENCIAL,Grado
172,Universidad del Norte Santo Tomás de Aquino,SECRETARIA/O EJECUTIVA/O, ,R.M.1735/94,PRESENCIAL,Pregrado
172,Universidad del Norte Santo Tomás de Aquino,TÉCNICO/A EN GESTIÓN UNIVERSITARIA,TECNICATURA EN GESTIÓN UNIVERSITARIA,R.M./447/2023,A DISTANCIA,Pregrado
172,Universidad del Norte Santo Tomás de Aquino,TÉCNICO/A UNIVERSITARIO/A EN AUTOMATIZACIÓN Y ROBÓTICA,TECNICATURA UNIVERSITARIA EN AUTOMATIZACIÓN Y ROBÓTICA,R.M./2435/2023,PRESENCIAL,Pregrado
172,Universidad del Norte Santo Tomás de Aquino,TÉCNICO/A UNIVERSITARIO/A EN AUTOMATIZACIÓN Y ROBÓTICA,TECNICATURA UNIVERSITARIA EN AUTOMATIZACIÓN Y ROBÓTICA,R.M./1287/2024,A DISTANCIA,Pregrado
172,Universidad del Norte Santo Tomás de Aquino,TÉCNICO/A UNIVERSITARIO/A EN DESARROLLO Y CALIDAD DE SOFTWARE,TECNICATURA EN DESARROLLO Y CALIDAD DE SOFTWARE,R.M./2495/2018 - R.M./1186/2021,PRESENCIAL,Pregrado
172,Universidad del Norte Santo Tomás de Aquino,TÉCNICO/A UNIVERSITARIO/A EN DISEÑO DE INTERIORES,LICENCIATURA EN DISEÑO DE INTERIORES,R.M./2401/2020,PRESENCIAL,Pregrado
172,Universidad del Norte Santo Tomás de Aquino,TÉCNICO/A UNIVERSITARIO/A EN GASTRONOMÍA,LICENCIATURA EN GASTRONOMÍA,R.M./464/2017,PRESENCIAL,Pregrado
172,Universidad del Norte Santo Tomás de Aquino,TÉCNICO/A UNIVERSITARIO/A EN INFORMÁTICA,TÉCNICO UNIVERSITARIO EN INFORMÁTICA,R.M./4010/2019,PRESENCIAL,Pregrado
172,Universidad del Norte Santo Tomás de Aquino,TÉCNICO/A UNIVERSITARIO/A EN PERIODISMO, ,R.M.0022/99,PRESENCIAL,Pregrado
172,Universidad del Norte Santo Tomás de Aquino,TÉCNICO/A UNIVERSITARIO/A EN PERIODISMO,TECNICATURA UNIVERSITARIA EN PERIODISMO,D./667/2026,PRESENCIAL Y A DISTANCIA,Pregrado
172,Universidad del Norte Santo Tomás de Aquino,TÉCNICO/A UNIVERSITARIO/A EN SEGURIDAD Y PROTECCIÓN CIUDADANA,TECNICATURA UNIVERSITARIA EN SEGURIDAD Y PROTECCIÓN CIUDADANA,R.M./3474/2022,A DISTANCIA,Pregrado
172,Universidad del Norte Santo Tomás de Aquino,TÉCNICO/A UNIVERSITARIO/A EN SEGURIDAD Y PROTECCIÓN CIUDADANA,TECNICATURA UNIVERSITARIA EN SEGURIDAD Y PROTECCIÓN CIUDADANA,R.M./3240/2022,PRESENCIAL,Pregrado
172,Universidad del Norte Santo Tomás de Aquino,TECNICO EN DISEÑO MULTIMEDIAL, ,R.M.0296/03,PRESENCIAL,Pregrado
172,Universidad del Norte Santo Tomás de Aquino,TECNICO EN EMPRESAS TURISTICAS, ,R.M.1104/94,PRESENCIAL,Pregrado
172,Universidad del Norte Santo Tomás de Aquino,TECNICO EN GESTION AGROPECUARIA, ,R.M.0301/03,PRESENCIAL,Pregrado
172,Universidad del Norte Santo Tomás de Aquino,TÉCNICO EN HIGIENE Y SEGURIDAD EN EL TRABAJO, ,R.M.0005/85,PRESENCIAL,Pregrado
172,Universidad del Norte Santo Tomás de Aquino,TECNICO EN HIGIENE Y SEGURIDAD LABORAL, ,R.M.0297/03,PRESENCIAL,Pregrado
172,Universidad del Norte Santo Tomás de Aquino,TECNICO EN INFORMATICA, ,R.M.1440/90,PRESENCIAL,Pregrado
172,Universidad del Norte Santo Tomás de Aquino,TÉCNICO UNIVERSITARIO EN COMERCIALIZACIÓN, ,R.M.0305/96 - R.M.1680/99,PRESENCIAL,Pregrado
172,Universidad del Norte Santo Tomás de Aquino,TÉCNICO UNIVERSITARIO EN DIAGNÓSTICO POR IMÁGENES,LICENCIATURA EN DIAGNÓSTICO POR IMÁGENES,R.M./2380/2016,PRESENCIAL,Pregrado
172,Universidad del Norte Santo Tomás de Aquino,TRABAJADOR SOCIAL, ,DIS.0003/70,PRESENCIAL,Pregrado
197,Universidad de San Pablo - Tucumán,ABOGADO/A, ,R.M.0398/08,PRESENCIAL,Grado
197,Universidad de San Pablo - Tucumán,ANALISTA EN RELACIONES INTERNACIONALES, ,R.M./0543/2012,PRESENCIAL,Pregrado
197,Universidad de San Pablo - Tucumán,ARQUITECTO/A,ARQUITECTURA,R.M./1830/2021,PRESENCIAL,Grado
197,Universidad de San Pablo - Tucumán,BACHILLER EN CIENCIAS NATURALES,BACHILLER EN CIENCIAS NATURALES,R.M./3193/2021,PRESENCIAL,Posgrado
197,Universidad de San Pablo - Tucumán,BACHILLER EN INFORMÁTICA,BACHILLER EN INFORMÁTICA,R.M./3335/2022,PRESENCIAL,Posgrado
197,Universidad de San Pablo - Tucumán,BACHILLER EN TURISMO,BACHILLER EN TURISMO,R.M./1456/2021,PRESENCIAL,Posgrado
197,Universidad de San Pablo - Tucumán,BROMATOLOGO/A,BROMATOLOGÍA,R.M./3979/2021,PRESENCIAL,Pregrado
197,Universidad de San Pablo - Tucumán,CONTADOR/A PÚBLICO,CONTADOR PÚBLICO,R.M./1739/2023,PRESENCIAL,Grado
197,Universidad de San Pablo - Tucumán,CORREDOR/A INMOBILIARIO/A, ,R.M./1241/2012,PRESENCIAL,Pregrado
197,Universidad de San Pablo - Tucumán,ESPECIALISTA EN CAÑA DE AZÚCAR,ESPECIALIZACIÓN EN CAÑA DE AZÚCAR,R.M./1671/2016,PRESENCIAL,Posgrado
197,Universidad de San Pablo - Tucumán,ESPECIALISTA EN CITRICULTURA,ESPECIALIZACIÓN EN CITRICULTURA,R.M./1420/2022,PRESENCIAL,Posgrado
197,Universidad de San Pablo - Tucumán,"ESPECIALISTA EN DERECHOS DEL NIÑO, NIÑA Y ADOLESCENTES","ESPECIALIZACIÓN EN DERECHOS DEL NIÑO, NIÑA Y ADOLESCENTES",D./202/2026,PRESENCIAL,Posgrado
197,Universidad de San Pablo - Tucumán,ESPECIALISTA EN GESTIÓN DEL DEPORTE,ESPECIALIZACIÓN EN GESTIÓN DEL DEPORTE,R.M./3498/2021,PRESENCIAL,Posgrado
197,Universidad de San Pablo - Tucumán,LICENCIADA/O EN PERIODISMO,LICENCIATURA EN PERIODISMO,R.M./3304/2015,PRESENCIAL,Grado
197,Universidad de San Pablo - Tucumán,LICENCIADA/O EN PSICOPEDAGOGÍA,LICENCIATURA EN PSICOPEDAGOGÍA - CICLO DE COMPLEMENTACIÓN CURRICULAR,D./183/2026,A DISTANCIA,Grado
197,Universidad de San Pablo - Tucumán,LICENCIADO/A EN ALTO RENDIMIENTO DEPORTIVO,LICENCIATURA EN ALTO RENDIMIENTO DEPORTIVO-CICLO DE COMPLEMENTACIÓN CURRICULAR,R.M./2124/2021,PRESENCIAL,Grado
197,Universidad de San Pablo - Tucumán,LICENCIADO/A EN CIENCIA DE DATOS,LICENCIATURA EN CIENCIAS DE DATOS,R.M./1225/2023,A DISTANCIA,Grado
197,Universidad de San Pablo - Tucumán,LICENCIADO/A EN CIENCIA POLÍTICA, ,R.M.0398/08,PRESENCIAL,Grado
197,Universidad de San Pablo - Tucumán,LICENCIADO/A EN CIENCIA POLÍTICA,LICENCIATURA EN CIENCIA POLITICA,R.M./1052/2023,A DISTANCIA,Grado
197,Universidad de San Pablo - Tucumán,LICENCIADO/A EN COMERCIO EXTERIOR,LICENCIATURA EN COMERCIO EXTERIOR,R.M./927/2015,PRESENCIAL,Grado
197,Universidad de San Pablo - Tucumán,LICENCIADO/A EN COMERCIO EXTERIOR,LICENCIATURA EN COMERCIO EXTERIOR,R.M./1129/2022,A DISTANCIA,Grado
197,Universidad de San Pablo - Tucumán,LICENCIADO/A EN DISEÑO TEXTIL Y DE INDUMENTARIA, ,R.M./0653/2012,PRESENCIAL,Grado
197,Universidad de San Pablo - Tucumán,LICENCIADO/A EN EDUCACIÓN ESPECIAL,LICENCIATURA EN EDUCACIÓN ESPECIAL (CICLO DE COMPLEMENTACIÓN CURRICULAR),D./240/2024,A DISTANCIA,Grado
197,Universidad de San Pablo - Tucumán,LICENCIADO/A EN EDUCACIÓN INICIAL,LICENCIATURA EN EDUCACIÓN INICIAL - CICLO DE COMPLEMENTACIÓN CURRICULAR,R.M./14/2023,A DISTANCIA,Grado
197,Universidad de San Pablo - Tucumán,LICENCIADO/A EN EDUCACIÓN PRIMARIA,LICENCIATURA EN EDUCACIÓN PRIMARIA (CICLO DE COMPLEMENTACIÓN CURRICULAR),D./302/2025,A DISTANCIA,Grado
197,Universidad de San Pablo - Tucumán,LICENCIADO/A EN EN ALTO RENDIMIENTO DEPORTIVO,LICENCIATURA EN ALTO RENDIMIENTO DEPORTIVO-CICLO DE COMPLEMENTACIÓN CURRICULAR,R.M./2270/2022,A DISTANCIA,Grado
197,Universidad de San Pablo - Tucumán,LICENCIADO/A EN FONOAUDIOLOGÍA,LICENCIATURA EN FONAUDIOLOGÍA- CICLO DE COMPLEMENTACIÓN CURRICULAR,R.M./2863/2022,PRESENCIAL,Grado
197,Universidad de San Pablo - Tucumán,LICENCIADO/A EN FONOAUDIOLOGÍA,LICENCIATURA EN FONOAUDIOLOGÍA,R.M./1976/2022,PRESENCIAL,Grado
197,Universidad de San Pablo - Tucumán,LICENCIADO/A EN GESTIÓN DE ENTIDADES CULTURALES,LICENCIATURA EN GESTIÓN DE ENTIDADES CULTURALES,R.M./3683/2021,PRESENCIAL,Grado
197,Universidad de San Pablo - Tucumán,LICENCIADO/A EN GESTIÓN DE ENTIDADES CULTURALES,LICENCIATURA EN GESTIÓN DE ENTIDADES CULTURALES,R.M./84/2023,A DISTANCIA,Grado
197,Universidad de San Pablo - Tucumán,LICENCIADO/A EN GESTION DEPORTIVA,LICENCIATURA EN GESTION DEPORTIVA,R.M./1785/2021,PRESENCIAL,Grado
197,Universidad de San Pablo - Tucumán,LICENCIADO/A EN INGLÉS,LICENCIATURA EN INGLÉS - CICLO DE COMPLEMENTACIÓN CURRICULAR,D./726/2025,PRESENCIAL,Grado
197,Universidad de San Pablo - Tucumán,LICENCIADO/A EN KINESIOLOGÍA Y FISIATRÍA,LICENCIATURA EN KINESIOLOGÍA Y FISIATRÍA,D./1302,PRESENCIAL,Grado
197,Universidad de San Pablo - Tucumán,LICENCIADO/A EN MUSICA,LICENCIATURA EN MÚSICA - CICLO DE COMPLEMENTACIÓN CURRICULAR,R.M./2523/2022,A DISTANCIA,Grado
197,Universidad de San Pablo - Tucumán,"LICENCIADO/A EN PROTOCOLO, CEREMONIAL Y ORGANIZACION DE EVENTOS","LICENCIATURA EN PROTOCOLO, CEREMONIAL Y ORGANIZACIÓN DE EVENTOS-CICLO DE COMPLEMENTACIÓN CURRICULAR",R.M./3897/2021,A DISTANCIA,Grado
197,Universidad de San Pablo - Tucumán,"LICENCIADO/A EN PROTOCOLO, CEREMONIAL Y ORGANIZACIÓN DE EVENTOS","LICENCIATURA EN PROTOCOLO, CEREMONIAL Y ORGANIZACIÓN DE EVENTOS-CICLO DE COMPLEMENTACIÓN CURRICULAR",R.M./392/2020,PRESENCIAL,Grado
197,Universidad de San Pablo - Tucumán,LICENCIADO/A EN RELACIONES INTERNACIONALES, ,R.M./0543/2012,PRESENCIAL,Grado
197,Universidad de San Pablo - Tucumán,LICENCIADO/A EN RELACIONES INTERNACIONALES,LICENCIATURA EN RELACIONES INTERNACIONALES,R.M./1576/2022,A DISTANCIA,Grado
197,Universidad de San Pablo - Tucumán,LICENCIADO/A EN SEGURIDAD CIUDADANA,LICENCIATURA EN SEGURIDAD CIUDADANA -CICLO DE COMPLEMENTACIÓN CURRICULAR-,R.M./2382/2022,A DISTANCIA,Grado
197,Universidad de San Pablo - Tucumán,LICENCIADO/A EN SEGURIDAD CIUDADANA,LICENCIATURA EN SEGURIDAD CIUDADANA -CICLO DE COMPLEMENTACIÓN CURRICULAR-,R.M./2066/2017 - R.M./152/2021,PRESENCIAL,Grado
197,Universidad de San Pablo - Tucumán,LICENCIADO/A EN SEGURIDAD PENITENCIARIA,LICENCIATURA EN SEGURIDAD PENITENCIARIA- CICLO DE COMPLEMENTACIÓN CURRICULAR,R.M./3407/2022,A DISTANCIA,Grado
197,Universidad de San Pablo - Tucumán,LICENCIADO/A EN SEGURIDAD PENITENCIARIA,LICENCIATURA EN SEGURIDAD PENITENCIARIA- CICLO DE COMPLEMENTACIÓN CURRICULAR,R.M./15/2023,PRESENCIAL,Grado
197,Universidad de San Pablo - Tucumán,LICENCIADO/A EN TURISMO,LICENCIATURA EN TURISMO,D./342/2026,PRESENCIAL,Grado
197,Universidad de San Pablo - Tucumán,LICENCIADO EN CIENCIA Y TECNOLOGÍA DE LOS ALIMENTOS, ,R.M.0398/08,PRESENCIAL,Grado
197,Universidad de San Pablo - Tucumán,LICENCIADO EN DISEÑO INDUSTRIAL, ,R.M.0398/08,PRESENCIAL,Grado
197,Universidad de San Pablo - Tucumán,LICENCIADO EN FINANZAS, ,R.M.0398/08,PRESENCIAL,Grado
197,Universidad de San Pablo - Tucumán,LICENCIADO EN GESTION DE EMPRESAS AGROINDUSTRIALES, ,R.M.0398/08,PRESENCIAL,Grado
197,Universidad de San Pablo - Tucumán,LICENCIATURA EN ENERGIAS RENOVABLES,LICENCIATURA EN ENERGÍAS RENOVABLES,R.M./3001/2022,A DISTANCIA,Grado
197,Universidad de San Pablo - Tucumán,LICENCIATURA EN PERIODISMO,LICENCIATURA EN PERIODISMO,R.M./1135/2022,A DISTANCIA,Grado
197,Universidad de San Pablo - Tucumán,MAGÍSTER EN DERECHO PARLAMENTARIO,MAESTRÍA EN DERECHO PARLAMENTARIO,R.M./2178/2014,PRESENCIAL,Posgrado
197,Universidad de San Pablo - Tucumán,MAGÍSTER EN DIRECCIÓN Y GESTIÓN DE EMPRESAS,MAESTRÍA EN DIRECCIÓN Y GESTIÓN DE EMPRESAS,R.M./3477/2017,PRESENCIAL,Posgrado
197,Universidad de San Pablo - Tucumán,MAGISTER EN POLÍTICA Y GOBIERNO,MAESTRÍA EN POLÍTICA Y GOBIERNO,R.M./1959/2017,PRESENCIAL,Posgrado
197,Universidad de San Pablo - Tucumán,MAGISTER EN POLÍTICA Y GOBIERNO,MAESTRÍA EN POLÍTICA Y GOBIERNO,D./286/2026,PRESENCIAL,Posgrado
197,Universidad de San Pablo - Tucumán,MEDICO,MEDICINA,D./1365/2025,PRESENCIAL,Grado
197,Universidad de San Pablo - Tucumán,MÉDICO/A,MEDICINA,R.M./1558/2015,PRESENCIAL,Grado
197,Universidad de San Pablo - Tucumán,PROCURADOR,PROCURACIÓN, ,PRESENCIAL,Pregrado
197,Universidad de San Pablo - Tucumán,PROFESOR/A DE INGLÉS,PROFESORADO DE INGLÉS,R.M./3432/2021,PRESENCIAL,Grado
197,Universidad de San Pablo - Tucumán,PROFESOR/A UNIVERSITARIO/A (CON EL TÍTULO DE BASE QUE CORRESPONDA),PROFESORADO UNIVERSITARIO (CON EL TÍTULO DE BASE QUE CORRESPONDA),R.M./1156/2023,A DISTANCIA,Grado
197,Universidad de San Pablo - Tucumán,PROFESOR/A UNIVERSITARIO/A EN EDUCACIÓN INICIAL,PROFESORADO UNIVERSITARIO EN EDUCACION INICIAL - CICLO DE COMPLEMENTACION CURRICULAR),R.M./1904/2022,A DISTANCIA,Grado
197,Universidad de San Pablo - Tucumán,PROFESOR/A UNIVERSITARIO/A EN EDUCACIÓN MUSICAL,PROFESORADO UNIVERSITARIO EN EDUCACIÓN MUSICAL - CICLO DE COMPLEMENTACIÓN CURRICULAR,R.M./1017/2023,A DISTANCIA,Grado
197,Universidad de San Pablo - Tucumán,PROFESOR/A UNIVERSITARIO/A EN EDUCACIÓN PRIMARIA,PROFESORADO UNIVERSITARIO EN EDUCACIÓN PRIMARIA-CICLO DE COMPLEMENTACIÓN CURRICULAR,R.M./1696/2023,A DISTANCIA,Grado
197,Universidad de San Pablo - Tucumán,TÉCNICA/O UNIVERSITARIA/O EN TURISMO,LICENCIATURA EN TURISMO,D./342/2026,PRESENCIAL,Pregrado
197,Universidad de San Pablo - Tucumán,TÉCNICO/A EN DESARROLLO SOCIAL,LICENCIATURA EN CIENCIA POLITICA,R.M./1052/2023,A DISTANCIA,Pregrado
197,Universidad de San Pablo - Tucumán,TECNICO/A UNIVERISTARIO/A EN CIENCIA DE DATOS,LICENCIATURA EN CIENCIAS DE DATOS,R.M./1225/2023,A DISTANCIA,Pregrado
197,Universidad de San Pablo - Tucumán,TECNICO/A UNIVERSITARIO/A DE ADMINISTRACIÓN EN SALUD,TECNICATURA UNIVERSITARIA DE ADMINISTRACIÓN EN SALUD,R.M./1885/2022,A DISTANCIA,Pregrado
197,Universidad de San Pablo - Tucumán,TÉCNICO/A UNIVERSITARIO/A DE ADMINISTRACIÓN EN SALUD,TECNICATURA UNIVERSITARIA DE ADMINISTRACIÓN EN SALUD,R.M./30/2018,PRESENCIAL,Pregrado
197,Universidad de San Pablo - Tucumán,TÉCNICO/A UNIVERSITARIO/A EN ADMINISTRACIÓN DE FARMACIA,TECNICATURA UNIVERSITARIA EN ADMINISTRACIÓN DE FARMACIA,R.M./2889/2022,PRESENCIAL,Pregrado
197,Universidad de San Pablo - Tucumán,TÉCNICO/A UNIVERSITARIO/A EN ADMINISTRACIÓN DE FARMACIAS,TECNICATURA UNIVERSITARIA EN ADMINISTRACIÓN DE FARMACIAS,R.M./1432/2023,A DISTANCIA,Pregrado
197,Universidad de San Pablo - Tucumán,TÉCNICO/A UNIVERSITARIO/A EN EMERGENCIAS MÉDICAS,TÉCNICATURA UNIVERSITARIA EN EMERGENCIAS MÉDICAS,D./445/2026,PRESENCIAL,Pregrado
197,Universidad de San Pablo - Tucumán,TÉCNICO/A UNIVERSITARIO/A EN GUARDAPARQUE,TECNICATURA UNIVERSITARIA EN GUARDAPARQUE,R.M./1056/2024,PRESENCIAL,Pregrado
197,Universidad de San Pablo - Tucumán,TECNICO/A UNIVERSITARIO/A EN MAQUINARIAS AGRÍCOLAS PRECISAS,TECNICATURA UNIVERSITARIA EN MAQUINARIAS AGRÍCOLAS PRECISAS,R.M./3291/2022,PRESENCIAL,Pregrado
197,Universidad de San Pablo - Tucumán,TÉCNICO/A UNIVERSITARIO/A EN MÚSICA,TECNICATURA UNIVERSITARIA EN MÚSICA,R.M./1137/2024,A DISTANCIA,Pregrado
197,Universidad de San Pablo - Tucumán,TÉCNICO/A UNIVERSITARIO/A EN PAISAJISMO,TECNICATURA UNIVERSITARIA EN PAISAJISMO,R.M./2013/2021,PRESENCIAL,Pregrado
197,Universidad de San Pablo - Tucumán,"TECNICO/A UNIVERSITARIO/A EN PROTOCOLO, CEREMONIAL Y ORGANIZACION DE EVENTOS","TECNICATURA UNIVERSITARIA EN PROTOCOLO, CEREMONIAL Y ORGANIZACION DE EVENTOS",R.M./3892/2021,A DISTANCIA,Pregrado
197,Universidad de San Pablo - Tucumán,TÉCNICO/A UNIVERSITARIO/A EN SEGURIDAD CIUDADANA,TECNICATURA UNIVERSITARIA EN SEGURIDAD CIUDADANA,R.M./2152/2022,A DISTANCIA,Pregrado
197,Universidad de San Pablo - Tucumán,TÉCNICO/A UNIVERSITARIO/A EN SEGURIDAD PENITENCIARIA,TECNICATURA UNIVERSITARIA EN SEGURIDAD PENITENCIARIA,R.M./3359/2022,A DISTANCIA,Pregrado
197,Universidad de San Pablo - Tucumán,TÉCNICO/A UNIVERSITARIO/A IMPOSITIVO CONTABLE,CONTADOR PÚBLICO,R.M./1493/2012,PRESENCIAL,Grado
197,Universidad de San Pablo - Tucumán,TÉCNICO/A UNIVERSITARIO/AUNIVERSITARIA EN GUÍA DE MONTAÑA,TECNICATURA UNIVERSITARIA EN GUÍA DE MONTAÑA,R.M./1061/2024,PRESENCIAL,Pregrado
197,Universidad de San Pablo - Tucumán,TECNICO EN DESARROLLO SOCIAL, ,R.M.0398/08,PRESENCIAL,Pregrado
197,Universidad de San Pablo - Tucumán,TECNICO EN DISEÑO INDUSTRIAL, ,R.M.0398/08,PRESENCIAL,Pregrado
197,Universidad de San Pablo - Tucumán,TECNICO EN GESTION CULTURAL,LICENCIATURA EN GESTIÓN DE ENTIDADES CULTURALES,R.M./84/2023,A DISTANCIA,Pregrado
197,Universidad de San Pablo - Tucumán,TECNICO EN TAQUIGRAFIA Y ESTENOTIPIA, ,R.M./1688/2011,PRESENCIAL,Pregrado
197,Universidad de San Pablo - Tucumán,TECNICO JURIDICO DE EMPRESAS, ,R.M.0398/08,PRESENCIAL,Pregrado
197,Universidad de San Pablo - Tucumán,"TÉCNICO UNIVERSITARIO EN PROTOCOLO, CEREMONIAL Y ORGANIZACIÓN DE EVENTOS","TECNICATURA UNIVERSITARIA EN PROTOCOLO, CEREMONIAL Y ORGANIZACIÓN DE EVENTOS",R.M./2060/2014,PRESENCIAL,Pregrado
43,Universidad Tecnológica Nacional,ANALISTA DESARROLLADOR/A UNIVERSITARIO/A DE SISTEMAS DE INFORMACIÓN,INGENIERÍA EN SISTEMAS DE INFORMACIÓN,D./54/2025,PRESENCIAL,Pregrado
43,Universidad Tecnológica Nacional,ANALISTA DE SISTEMAS,ANÁLISIS DE SISTEMAS,R.M./2043/2019,PRESENCIAL,Grado
43,Universidad Tecnológica Nacional,ANALISTA UNIVERSITARIO/A DESARROLLADOR/A DE SISTEMAS DE INFORMACIÓN,INGENIERÍA EN SISTEMAS DE INFORMACIÓN,D./296/2026,PRESENCIAL,Pregrado
43,Universidad Tecnológica Nacional,ANALISTA UNIVERSITARIO/A DE SISTEMAS,ANALISTA UNIVERSITARIO DE SISTEMAS,R.M./446/2018,PRESENCIAL,Pregrado
43,Universidad Tecnológica Nacional,ANALISTA UNIVERSITARIO/A DE SISTEMAS,ANALISTA UNIVERSITARIO DE SISTEMAS,R.M./440/2018,PRESENCIAL,Pregrado
43,Universidad Tecnológica Nacional,ANALISTA UNIVERSITARIO DE SISTEMAS -(PLAN 1979), ,C.S.,PRESENCIAL,Grado
43,Universidad Tecnológica Nacional,"BACHILLERATO PARA ADULTOS DE NIVEL SECUNDARIO CON ORIENTACIÓN EN GESTIÓN Y ADMINISTRACIÓN, ESPECIALIDAD ADMINISTRACIÓN PÚBLICA","BACHILLERATO PARA ADULTOS DE NIVEL SECUNDARIO CON ORIENTACIÓN EN GESTIÓN Y ADMINISTRACIÓN, ESPECIALIDAD ADMINISTRACIÓN PÚBLICA",D./303/2026,PRESENCIAL,Preuniversitario
43,Universidad Tecnológica Nacional,"BACHILLERATO PARA ADULTOS DE NIVEL SECUNDARIO CON ORIENTACIÓN EN GESTIÓN Y ADMINISTRACIÓN, ESPECIALIDAD ADMINISTRACIÓN PÚBLICA","BACHILLERATO PARA ADULTOS DE NIVEL SECUNDARIO CON ORIENTACIÓN EN GESTIÓN Y ADMINISTRACIÓN, ESPECIALIDAD ADMINISTRACIÓN PÚBLICA",R.M./1755/2018 - R.M./1191/2019 - R.M./1038/2024,PRESENCIAL,Preuniversitario
43,Universidad Tecnológica Nacional,"BACHILLER PARA ADULTOS DE NIVEL SECUNDARIO CON ORIENTACIÓN EN GESTIÓN Y ADMINISTRACIÓN, ESPECIALIDAD ADMINISTRACIÓN PÚBLICA",BACHILLERATO PARA ADULTOS DE NIVEL SECUNDARIO CON ORIENTACIÓN EN GESTIÓN Y ADMINISTRACIÓN PÚBLICA,D./587/2026,PRESENCIAL,Preuniversitario
43,Universidad Tecnológica Nacional,BIOINGENIERO/A,BIOINGENIERÍA,D./11/2025,PRESENCIAL,Grado
43,Universidad Tecnológica Nacional,DOCTOR/A EN INFORMÁTICA,DOCTORADO EN INFORMÁTICA,R.M./730/2020,PRESENCIAL,Posgrado
43,Universidad Tecnológica Nacional,"DOCTOR/A EN INGENIERÍA, MENCIÓN CIENCIA DE DATOS Y PROCESAMIENTO DE SEÑALES E IMÁGENES","DOCTORADO EN INGENIERÍA, MENCIÓN CIENCIA DE DATOS Y PROCESAMIENTO DE SEÑALES E IMÁGENES",D./651/2026,PRESENCIAL,Posgrado
43,Universidad Tecnológica Nacional,"DOCTOR/A EN INGENIERÍA, MENCIÓN COMPUTACIÓN","DOCTORADO EN INGENIERÍA, MENCIÓN COMPUTACIÓN",R.M./989/2021,PRESENCIAL,Posgrado
43,Universidad Tecnológica Nacional,"DOCTOR/A EN INGENIERÍA, MENCIÓN ELECTRÓNICA","DOCTORADO EN INGENIERÍA, MENCIÓN ELECTRÓNICA",R.M./3877/2017,PRESENCIAL,Posgrado
43,Universidad Tecnológica Nacional,"DOCTOR/A EN INGENIERÍA, MENCIÓN ELECTRÓNICA","DOCTORADO EN INGENIERÍA, MENCIÓN ELECTRÓNICA",R.M./30/2025,PRESENCIAL,Posgrado
43,Universidad Tecnológica Nacional,"DOCTOR/A EN INGENIERÍA, MENCIÓN ELECTRÓNICA","DOCTORADO EN INGENIERÍA, MENCIÓN ELECTRÓNICA",R.M./1480/2022,PRESENCIAL,Posgrado
43,Universidad Tecnológica Nacional,"DOCTOR/A EN INGENIERÍA, MENCIÓN EN ENSAYOS ESTRUCTURALES","DOCTORADO EN INGENIERÍA, MENCIÓN EN ENSAYOS ESTRUCTURALES",R.M./2265/2019,PRESENCIAL,Posgrado
43,Universidad Tecnológica Nacional,"DOCTOR/A EN INGENIERÍA, MENCIÓN INDUSTRIAL","DOCTORADO EN INGENIERÍA, MENCIÓN INDUSTRIAL",R.M./3894/2017,PRESENCIAL,Posgrado
43,Universidad Tecnológica Nacional,DOCTOR/A EN INGENIERÍA- MENCIÓN INDUSTRIAL,DOCTORADO EN INGENIERÍA- MENCIÓN INDUSTRIAL,R.M./1433/2019,PRESENCIAL,Posgrado
43,Universidad Tecnológica Nacional,DOCTOR/A EN INGENIERÍA - MENCIÓN MATERIALES,"DOCTORADO EN INGENIERÍA, MENCIÓN MATERIALES",R.M./1149/2017 - R.M./1228/2018,PRESENCIAL,Posgrado
43,Universidad Tecnológica Nacional,"DOCTOR/A EN INGENIERÍA, MENCIÓN MATERIALES","DOCTORADO EN INGENIERÍA, MENCIÓN MATERIALES",R.M./476/2022,PRESENCIAL,Posgrado
43,Universidad Tecnológica Nacional,"DOCTOR/A EN INGENIERÍA, MENCIÓN MECÁNICA TEÓRICA Y APLICADA","DOCTORADO EN INGENIERÍA, MENCIÓN MECÁNICA TEÓRICA Y APLICADA",R.M./128/2021,PRESENCIAL,Posgrado
43,Universidad Tecnológica Nacional,"DOCTOR/A EN INGENIERÍA, MENCIÓN QUÍMICA","DOCTORADO EN INGENIERÍA, MENCIÓN QUÍMICA",R.M./187/2022,PRESENCIAL,Posgrado
43,Universidad Tecnológica Nacional,"DOCTOR/A EN INGENIERÍA, MENCIÓN SISTEMAS DE INFORMACIÓN","DOCTORADO EN INGENIERÍA, MENCIÓN SISTEMAS DE INFORMACIÓN",R.M./116/2022,PRESENCIAL,Posgrado
43,Universidad Tecnológica Nacional,"DOCTOR/A EN INGENIERÍA, MENCIÓN SISTEMAS DE INFORMACIÓN","DOCTORADO EN INGENIERÍA, MENCIÓN SISTEMAS DE INFORMACIÓN",R.M./2142/2018,PRESENCIAL,Posgrado
43,Universidad Tecnológica Nacional,"DOCTOR/A EN INGENIERÍA, MENCIÓN TECNOLOGÍAS QUÍMICAS","DOCTORADO EN INGENIERÍA, MENCIÓN TECNOLOGÍAS QUÍMICAS",R.M./837/2022,PRESENCIAL,Posgrado
43,Universidad Tecnológica Nacional,DOCTOR EN INFORMÁTICA,DOCTORADO EN INFORMÁTICA,R.M./266/2020,PRESENCIAL,Posgrado
43,Universidad Tecnológica Nacional,DOCTOR EN INFORMÁTICA,DOCTORADO EN INFORMÁTICA,R.M./729/2020,PRESENCIAL,Posgrado
43,Universidad Tecnológica Nacional,"DOCTOR EN INGENIERÍA, CON MENCIÓN EN MATERIALES","DOCTORADO EN INGENIERÍA, CON MENCIÓN EN MATERIALES",R.M./4224/2017,PRESENCIAL,Posgrado
43,Universidad Tecnológica Nacional,"DOCTOR EN INGENIERÍA, CON MENCIÓN EN PROCESAMIENTO DE SEÑALES E IMÁGENES","DOCTORADO EN INGENIERÍA, CON MENCIÓN EN PROCESAMIENTO DE SEÑALES E IMÁGENES",R.M./1958/2017,PRESENCIAL,Posgrado
43,Universidad Tecnológica Nacional,"DOCTOR EN INGENIERÍA, CON MENCIÓN EN PROCESAMIENTO DE SEÑALES E IMÁGENES","DOCTORADO EN INGENIERÍA, CON MENCIÓN EN PROCESAMIENTO DE SEÑALES E IMÁGENES",R.M./3110/2015,PRESENCIAL,Posgrado
43,Universidad Tecnológica Nacional,DOCTOR EN INGENIERÍA MENCIÓN CIVIL-AMBIENTAL, ,R.M./759/2011,PRESENCIAL,Posgrado
43,Universidad Tecnológica Nacional,"DOCTOR EN INGENIERÍA, MENCIÓN EN ENSAYOS ESTRUCTURALES","DOCTORADO EN INGENIERÍA, MENCIÓN EN ENSAYOS ESTRUCTURALES",R.M./2715/2017,PRESENCIAL,Posgrado
43,Universidad Tecnológica Nacional,DOCTOR EN INGENIERIA MENCION EN INGENIERIA EN SISTEMAS DE INFORMACION, ,R.M./725/2007,PRESENCIAL,Posgrado
43,Universidad Tecnológica Nacional,"DOCTOR EN INGENIERÍA, MENCIÓN MECÁNICA TEÓRICA Y APLICADA","DOCTORADO EN INGENIERÍA, MENCIÓN MECÁNICA TEÓRICA Y APLICADA",R.M./3879/2017,PRESENCIAL,Posgrado
43,Universidad Tecnológica Nacional,"DOCTOR EN INGENIERÍA, MENCIÓN SISTEMAS DE INFORMACIÓN","DOCTORADO EN INGENIERÍA, MENCIÓN SISTEMAS DE INFORMACIÓN",R.M./2862/2017,PRESENCIAL,Posgrado
43,Universidad Tecnológica Nacional,"DOCTOR EN INGENIERÍA, MENCIÓN TECNOLOGÍAS QUÍMICAS","DOCTORADO EN INGENIERÍA, MENCIÓN TECNOLOGÍAS QUÍMICAS",R.M./3973/2017,PRESENCIAL,Posgrado
43,Universidad Tecnológica Nacional,"DOCTOR EN INGENIERÍA, MENCIÓN TECNOLOGÍAS QUÍMICAS","DOCTORADO EN INGENIERÍA, MENCIÓN TECNOLOGÍAS QUÍMICAS",R.M./858/2017,PRESENCIAL,Posgrado
43,Universidad Tecnológica Nacional,ESPECIALISTA EN AUTOMÓVILES DE COMPETICIÓN,ESPECIALIZACIÓN EN AUTOMÓVILES DE COMPETICIÓN,R.M./1749/2023,PRESENCIAL,Posgrado
43,Universidad Tecnológica Nacional,ESPECIALISTA EN BIOECONOMÍA APLICADA A LA AGROINDUSTRIA,ESPECIALIZACIÓN EN BIOECONOMÍA APLICADA A LA AGROINDUSTRIA,D./194/2025,PRESENCIAL,Posgrado
43,Universidad Tecnológica Nacional,ESPECIALISTA EN CENTRALES NUCLEARES,ESPECIALIZACIÓN EN CENTRALES NUCLEARES,D./1334/2025,PRESENCIAL,Posgrado
43,Universidad Tecnológica Nacional,ESPECIALISTA EN CIENCIAS DE LA COMPUTACIÓN CON ORIENTACIÓN BASE DE DATOS,ESPECIALIZACIÓN EN CIENCIAS DE LA COMPUTACIÓN CON ORIENTACIÓN BASE DE DATOS,R.M./632/2017,PRESENCIAL,Posgrado
43,Universidad Tecnológica Nacional,ESPECIALISTA EN CIENCIAS DE LA COMPUTACIÓN CON ORIENTACIÓN EN BASE DE DATOS,ESPECIALIZACIÓN EN CIENCIAS DE LA COMPUTACIÓN CON ORIENTACIÓN EN BASE DE DATOS,R.M./3778/2019,PRESENCIAL,Posgrado
43,Universidad Tecnológica Nacional,ESPECIALISTA EN COMPUTACIÓN,ESPECIALIZACIÓN EN COMPUTACIÓN,R.M./4217/2017,PRESENCIAL,Posgrado
43,Universidad Tecnológica Nacional,ESPECIALISTA EN DESARROLLO SUSTENTABLE DEL HÁBITAT HUMANO,ESPECIALIZACIÓN EN DESARROLLO SUSTENTABLE DEL HÁBITAT HUMANO,R.M./28/2018,PRESENCIAL,Posgrado
43,Universidad Tecnológica Nacional,ESPECIALISTA EN DESARROLLO SUSTENTABLE DEL HÁBITAT HUMANO,ESPECIALIZACIÓN EN DESARROLLO SUSTENTABLE DEL HÁBITAT HUMANO,R.M./1555/2016,PRESENCIAL,Posgrado
43,Universidad Tecnológica Nacional,ESPECIALISTA EN DIRECCIÓN Y GESTIÓN DE EMPRESAS AGRO-INDUSTRIALES,ESPECIALIZACIÓN EN DIRECCIÓN Y GESTIÓN DE EMPRESAS AGRO-INDUSTRIALES,D./603/2026,PRESENCIAL,Posgrado
43,Universidad Tecnológica Nacional,ESPECIALISTA EN DOCENCIA UNIVERSITARIA,ESPECIALIZACIÓN EN DOCENCIA UNIVERSITARIA,R.M./497/2020,PRESENCIAL,Posgrado
43,Universidad Tecnológica Nacional,ESPECIALISTA EN DOCENCIA UNIVERSITARIA,ESPECIALIZACIÓN EN DOCENCIA UNIVERSITARIA,R.M./1020/2017,PRESENCIAL,Posgrado
43,Universidad Tecnológica Nacional,ESPECIALISTA EN DOCENCIA UNIVERSITARIA,ESPECIALIZACIÓN EN DOCENCIA UNIVERSITARIA,R.M./643/2018,PRESENCIAL,Posgrado
43,Universidad Tecnológica Nacional,ESPECIALISTA EN DOCENCIA UNIVERSITARIA,ESPECIALIZACIÓN EN DOCENCIA UNIVERSITARIA,R.M./167/2023,PRESENCIAL,Posgrado
43,Universidad Tecnológica Nacional,ESPECIALISTA EN DOCENCIA UNIVERSITARIA,ESPECIALIZACIÓN EN DOCENCIA UNIVERSITARIA,R.M./1267/2018,PRESENCIAL,Posgrado
43,Universidad Tecnológica Nacional,ESPECIALISTA EN DOCENCIA UNIVERSITARIA,ESPECIALIZACIÓN EN DOCENCIA UNIVERSITARIA,R.M./364/2024,PRESENCIAL,Posgrado
43,Universidad Tecnológica Nacional,ESPECIALISTA EN DOCENCIA UNIVERSITARIA,ESPECIALIZACIÓN EN DOCENCIA UNIVERSITARIA,D./475/2026,PRESENCIAL,Posgrado
43,Universidad Tecnológica Nacional,ESPECIALISTA EN DOCENCIA UNIVERSITARIA,ESPECIALIZACIÓN EN DOCENCIA UNIVERSITARIA,R.M./937/2017,PRESENCIAL,Posgrado
43,Universidad Tecnológica Nacional,ESPECIALISTA EN DOCENCIA UNIVERSITARIA,ESPECIALIZACIÓN EN DOCENCIA UNIVERSITARIA,R.M./2819/2017,PRESENCIAL,Posgrado
43,Universidad Tecnológica Nacional,ESPECIALISTA EN DOCENCIA UNIVERSITARIA,ESPECIALIZACIÓN EN DOCENCIA UNIVERSITARIA,R.M./3253/2017,PRESENCIAL,Posgrado
43,Universidad Tecnológica Nacional,ESPECIALISTA EN DOCENCIA UNIVERSITARIA,ESPECIALIZACIÓN EN DOCENCIA UNIVERSITARIA,R.M./3863/2019,PRESENCIAL,Posgrado
43,Universidad Tecnológica Nacional,ESPECIALISTA EN DOCENCIA UNIVERSITARIA,ESPECIALIZACIÓN EN DOCENCIA UNIVERSITARIA,R.M./174/2023,PRESENCIAL,Posgrado
43,Universidad Tecnológica Nacional,ESPECIALISTA EN DOCENCIA UNIVERSITARIA,ESPECIALIZACIÓN EN DOCENCIA UNIVERSITARIA,R.M./3189/2017,PRESENCIAL,Posgrado
43,Universidad Tecnológica Nacional,ESPECIALISTA EN DOCENCIA UNIVERSITARIA,ESPECIALIZACIÓN EN DOCENCIA UNIVERSITARIA,R.M./1248/2017,PRESENCIAL,Posgrado
43,Universidad Tecnológica Nacional,ESPECIALISTA EN DOCENCIA UNIVERSITARIA,ESPECIALIZACIÓN EN DOCENCIA UNIVERSITARIA,R.M./164/2023,PRESENCIAL,Posgrado
43,Universidad Tecnológica Nacional,ESPECIALISTA EN DOCENCIA UNIVERSITARIA,ESPECIALIZACIÓN EN DOCENCIA UNIVERSITARIA,R.M./165/2023,PRESENCIAL,Posgrado
43,Universidad Tecnológica Nacional,ESPECIALISTA EN DOCENCIA UNIVERSITARIA,ESPECIALIZACIÓN EN DOCENCIA UNIVERSITARIA,R.M./1598/2022,PRESENCIAL,Posgrado
43,Universidad Tecnológica Nacional,"ESPECIALISTA EN ENERGÍA ELÉCTRICA, CON MENCIÓN EN GENERACIÓN, CON MENCIÓN EN TRANSMISIÓN Y DISTRIBUCIÓN","ESPECIALIZACIÓN EN ENERGÍA ELÉCTRICA, CON MENCIÓN EN GENERACIÓN, CON MENCIÓN EN TRANSMISIÓN Y DISTRIBUCIÓN",R.M./61/2018,PRESENCIAL,Posgrado
43,Universidad Tecnológica Nacional,"ESPECIALISTA EN ENERGÍA ELÉCTRICA, MENCIÓN GENERACIÓN Y MENCIÓN TRANSMISIÓN Y DISTRIBUCIÓN","ESPECIALIZACIÓN EN ENERGÍA ELÉCTRICA, MENCIÓN EN GENERACIÓN Y MENCIÓN EN TRANSMISIÓN Y DISTRIBUCIÓN",R.M./674/2019,PRESENCIAL,Posgrado
43,Universidad Tecnológica Nacional,"ESPECIALISTA EN ENERGÍA ELÉCTRICA, MENCIÓN GENERACIÓN Y MENCIÓN TRANSMISIÓN Y DISTRIBUCIÓN","ESPECIALIZACIÓN EN ENERGÍA ELÉCTRICA, MENCIÓN GENERACIÓN Y MENCIÓN TRANSMISIÓN Y DISTRIBUCIÓN",R.M./294/2020,PRESENCIAL,Posgrado
43,Universidad Tecnológica Nacional,ESPECIALISTA EN ENSAYOS NO DESTRUCTIVOS,ESPECIALIZACIÓN EN ENSAYOS ESTRUCTURALES Y ENSAYOS NO DESTRUCTIVOS,R.M./2853/2017,PRESENCIAL,Posgrado
43,Universidad Tecnológica Nacional,ESPECIALISTA EN ENSEÑANZA E INNOVACIÓN PARA CARRERAS TECNOLÓGICAS,ESPECIALIZACIÓN EN ENSEÑANZA E INNOVACIÓN PARA CARRERAS TECNOLÓGICAS,D./609/2026,A DISTANCIA,Posgrado
43,Universidad Tecnológica Nacional,ESPECIALISTA EN ERGONOMÍA,ESPECIALIZACIÓN EN ERGONOMÍA,R.M./145/2018,PRESENCIAL,Posgrado
43,Universidad Tecnológica Nacional,ESPECIALISTA EN ERGONOMÍA,ESPECIALIZACIÓN EN ERGONOMÍA,R.M./956/2017,PRESENCIAL,Posgrado
43,Universidad Tecnológica Nacional,ESPECIALISTA EN ERGONOMÍA,ESPECIALIZACIÓN EN ERGONOMÍA,R.M./768/2022,PRESENCIAL,Posgrado
43,Universidad Tecnológica Nacional,ESPECIALISTA EN ERGONOMÍA,ESPECIALIZACIÓN EN ERGONOMÍA,R.M./1206/2023,PRESENCIAL,Posgrado
43,Universidad Tecnológica Nacional,ESPECIALISTA EN GESTIÓN DE LA INNOVACIÓN EN EMPRESAS TEXTILES Y DE LA MODA,ESPECIALIZACIÓN EN GESTIÓN DE LA INNOVACIÓN EN EMPRESAS TEXTILES Y DE LA MODA,R.M./398/2020 - D./1304/2025,PRESENCIAL,Posgrado
43,Universidad Tecnológica Nacional,ESPECIALISTA EN GESTIÓN DE LA INNOVACIÓN Y LA VINCULACIÓN TECNOLÓGICA, ,R.M./2145/2012,PRESENCIAL,Posgrado
43,Universidad Tecnológica Nacional,ESPECIALISTA EN GESTION DE SISTEMAS AGROALIMENTARIOS, ,R.M./847/2011,PRESENCIAL,Posgrado
43,Universidad Tecnológica Nacional,ESPECIALISTA EN GESTIÓN LOGÍSTICA INTEGRAL DE LA CADENA DE SUMINISTROS,ESPECIALIZACIÓN EN GESTIÓN LOGÍSTICA INTEGRAL DE LA CADENA DE SUMINISTROS,R.M./281/2024,A DISTANCIA,Posgrado
43,Universidad Tecnológica Nacional,ESPECIALISTA EN HIDROINFORMÁTICA,ESPECIALIZACIÓN EN HIDROINFORMÁTICA,D./319/2026,PRESENCIAL,Posgrado
43,Universidad Tecnológica Nacional,ESPECIALISTA EN HIGIENE Y SEGURIDAD EN EL TRABAJO,ESPECIALIZACIÓN EN HIGIENE Y SEGURIDAD EN EL TRABAJO,R.M./390/2022,PRESENCIAL,Posgrado
43,Universidad Tecnológica Nacional,ESPECIALISTA EN HIGIENE Y SEGURIDAD EN EL TRABAJO,ESPECIALIZACIÓN EN HIGIENE Y SEGURIDAD EN EL TRABAJO,R.M./855/2016,PRESENCIAL,Posgrado
43,Universidad Tecnológica Nacional,ESPECIALISTA EN HIGIENE Y SEGURIDAD EN EL TRABAJO,ESPECIALIZACIÓN EN HIGIENE Y SEGURIDAD EN EL TRABAJO,R.M./1056/2020,PRESENCIAL,Posgrado
43,Universidad Tecnológica Nacional,ESPECIALISTA EN HIGIENE Y SEGURIDAD EN EL TRABAJO,ESPECIALIZACIÓN EN HIGIENE Y SEGURIDAD EN EL TRABAJO,R.M./223/2018,PRESENCIAL,Posgrado
43,Universidad Tecnológica Nacional,ESPECIALISTA EN HIGIENE Y SEGURIDAD EN EL TRABAJO,ESPECIALIZACIÓN EN HIGIENE Y SEGURIDAD EN EL TRABAJO,R.M./332/2022,PRESENCIAL,Posgrado
43,Universidad Tecnológica Nacional,ESPECIALISTA EN HIGIENE Y SEGURIDAD EN EL TRABAJO,ESPECIALIZACIÓN EN HIGIENE Y SEGURIDAD EN EL TRABAJO,R.M./2779/2017,PRESENCIAL,Posgrado
43,Universidad Tecnológica Nacional,ESPECIALISTA EN HIGIENE Y SEGURIDAD EN EL TRABAJO,ESPECIALIZACIÓN EN HIGIENE Y SEGURIDAD EN EL TRABAJO,R.M./1350/2018,PRESENCIAL,Posgrado
43,Universidad Tecnológica Nacional,ESPECIALISTA EN HIGIENE Y SEGURIDAD EN EL TRABAJO,ESPECIALIZACIÓN EN HIGIENE Y SEGURIDAD EN EL TRABAJO,R.M./366/2021,PRESENCIAL,Posgrado
43,Universidad Tecnológica Nacional,ESPECIALISTA EN HIGIENE Y SEGURIDAD EN EL TRABAJO,ESPECIALIZACIÓN EN HIGIENE Y SEGURIDAD EN EL TRABAJO,R.M./2406/2021,PRESENCIAL,Posgrado
43,Universidad Tecnológica Nacional,ESPECIALISTA EN HIGIENE Y SEGURIDAD EN EL TRABAJO,ESPECIALIZACIÓN EN HIGIENE Y SEGURIDAD EN EL TRABAJO,R.M./1108/2004 - R.M./0846 (REG.STA.FE)/2013 - R.M./1686 (REG.CORDOBA)/2013 - R.M./1323/2015 - R.M./1686/2013 - R.M./846/2013 - 1931,PRESENCIAL,Posgrado
43,Universidad Tecnológica Nacional,ESPECIALISTA EN HIGIENE Y SEGURIDAD EN EL TRABAJO,ESPECIALIZACIÓN EN HIGIENE Y SEGURIDAD EN EL TRABAJO,R.M./184/2023,PRESENCIAL,Posgrado
43,Universidad Tecnológica Nacional,ESPECIALISTA EN HIGIENE Y SEGURIDAD EN EL TRABAJO,ESPECIALIZACIÓN EN HIGIENE Y SEGURIDAD EN EL TRABAJO,R.M./3222/2017,PRESENCIAL,Posgrado
43,Universidad Tecnológica Nacional,ESPECIALISTA EN HIGIENE Y SEGURIDAD EN EL TRABAJO,ESPECIALIZACIÓN EN HIGIENE Y SEGURIDAD EN EL TRABAJO,R.M./3396/2017,PRESENCIAL,Posgrado
43,Universidad Tecnológica Nacional,ESPECIALISTA EN HIGIENE Y SEGURIDAD EN EL TRABAJO,ESPECIALIZACIÓN EN HIGIENE Y SEGURIDAD EN EL TRABAJO,R.M./1290/2017,PRESENCIAL,Posgrado
43,Universidad Tecnológica Nacional,ESPECIALISTA EN HIGIENE Y SEGURIDAD EN EL TRABAJO,ESPECIALIZACIÓN EN HIGIENE Y SEGURIDAD EN EL TRABAJO,R.M./2442/2018,PRESENCIAL,Posgrado
43,Universidad Tecnológica Nacional,ESPECIALISTA EN HIGIENE Y SEGURIDAD EN EL TRABAJO,ESPECIALIZACIÓN EN HIGIENE Y SEGURIDAD EN EL TRABAJO,R.M./460/2022,PRESENCIAL,Posgrado
43,Universidad Tecnológica Nacional,ESPECIALISTA EN HIGIENE Y SEGURIDAD EN EL TRABAJO,ESPECIALIZACIÓN EN HIGIENE Y SEGURIDAD EN EL TRABAJO,R.M./367/2022,PRESENCIAL,Posgrado
43,Universidad Tecnológica Nacional,ESPECIALISTA EN HIGIENE Y SEGURIDAD EN EL TRABAJO,ESPECIALIZACIÓN EN HIGIENE Y SEGURIDAD EN EL TRABAJO,R.M./253/2022,PRESENCIAL,Posgrado
43,Universidad Tecnológica Nacional,ESPECIALISTA EN HIGIENE Y SEGURIDAD EN EL TRABAJO,ESPECIALIZACIÓN EN HIGIENE Y SEGURIDAD EN EL TRABAJO,R.M./1498/2017,PRESENCIAL,Posgrado
43,Universidad Tecnológica Nacional,ESPECIALISTA EN HIGIENE Y SEGURIDAD EN EL TRABAJO,ESPECIALIZACIÓN EN HIGIENE Y SEGURIDAD EN EL TRABAJO,R.M./495/2022,PRESENCIAL,Posgrado
43,Universidad Tecnológica Nacional,ESPECIALISTA EN HIGIENE Y SEGURIDAD EN EL TRABAJO,ESPECIALIZACIÓN EN HIGIENE Y SEGURIDAD EN EL TRABAJO,R.M./1558/2019,PRESENCIAL,Posgrado
43,Universidad Tecnológica Nacional,ESPECIALISTA EN HIGIENE Y SEGURIDAD EN EL TRABAJO,ESPECIALIZACIÓN EN HIGIENE Y SEGURIDAD EN EL TRABAJO,R.M./2937/2017,PRESENCIAL,Posgrado
43,Universidad Tecnológica Nacional,ESPECIALISTA EN HIGIENE Y SEGURIDAD EN EL TRABAJO,ESPECIALIZACIÓN EN HIGIENE Y SEGURIDAD EN EL TRABAJO,R.M./481/2020,PRESENCIAL,Posgrado
43,Universidad Tecnológica Nacional,ESPECIALISTA EN INGENIERÍA AMBIENTAL,ESPECIALIZACIÓN EN INGENIERÍA AMBIENTAL,R.M./3249/2017,PRESENCIAL,Posgrado
43,Universidad Tecnológica Nacional,ESPECIALISTA EN INGENIERÍA AMBIENTAL,ESPECIALIZACIÓN EN INGENIERÍA AMBIENTAL,R.M./2987/2017,PRESENCIAL,Posgrado
43,Universidad Tecnológica Nacional,ESPECIALISTA EN INGENIERÍA AMBIENTAL,ESPECIALIZACIÓN EN INGENIERÍA AMBIENTAL,R.M./1/2022,PRESENCIAL,Posgrado
43,Universidad Tecnológica Nacional,ESPECIALISTA EN INGENIERÍA AMBIENTAL,ESPECIALIZACIÓN EN INGENIERÍA AMBIENTAL,R.M./1079/2018,PRESENCIAL,Posgrado
43,Universidad Tecnológica Nacional,ESPECIALISTA EN INGENIERÍA AMBIENTAL,ESPECIALIZACIÓN EN INGENIERÍA AMBIENTAL,R.M./432/2020,PRESENCIAL,Posgrado
43,Universidad Tecnológica Nacional,ESPECIALISTA EN INGENIERÍA AMBIENTAL,ESPECIALIZACIÓN EN INGENIERÍA AMBIENTAL,R.M./1499/2017,PRESENCIAL,Posgrado
43,Universidad Tecnológica Nacional,ESPECIALISTA EN INGENIERÍA AMBIENTAL,ESPECIALIZACIÓN EN INGENIERÍA AMBIENTAL,R.M./246/2022,PRESENCIAL,Posgrado
43,Universidad Tecnológica Nacional,ESPECIALISTA EN INGENIERÍA AMBIENTAL,ESPECIALIZACIÓN EN INGENIERÍA AMBIENTAL,R.M./552/2020,PRESENCIAL,Posgrado
43,Universidad Tecnológica Nacional,ESPECIALISTA EN INGENIERÍA AMBIENTAL,ESPECIALIZACIÓN EN INGENIERÍA AMBIENTAL,R.M./1063/2017,PRESENCIAL,Posgrado
43,Universidad Tecnológica Nacional,ESPECIALISTA EN INGENIERÍA AMBIENTAL,ESPECIALIZACIÓN EN INGENIERÍA AMBIENTAL,R.M./3108/2017,PRESENCIAL,Posgrado
43,Universidad Tecnológica Nacional,ESPECIALISTA EN INGENIERÍA AMBIENTAL,ESPECIALIZACIÓN EN INGENIERÍA AMBIENTAL,R.M./2980/2017,PRESENCIAL,Posgrado
43,Universidad Tecnológica Nacional,ESPECIALISTA EN INGENIERÍA AMBIENTAL,ESPECIALIZACIÓN EN INGENIERÍA AMBIENTAL,R.M./2869/2021,PRESENCIAL,Posgrado
43,Universidad Tecnológica Nacional,ESPECIALISTA EN INGENIERÍA AMBIENTAL,ESPECIALIZACIÓN EN INGENIERÍA AMBIENTAL,R.M./2631/2017,PRESENCIAL,Posgrado
43,Universidad Tecnológica Nacional,ESPECIALISTA EN INGENIERÍA AMBIENTAL,ESPECIALIZACIÓN EN INGENIERÍA AMBIENTAL,R.M./936/2017,PRESENCIAL,Posgrado
43,Universidad Tecnológica Nacional,ESPECIALISTA EN INGENIERÍA AMBIENTAL,ESPECIALIZACIÓN EN INGENIERÍA AMBIENTAL,R.M./247/2017,PRESENCIAL,Posgrado
43,Universidad Tecnológica Nacional,ESPECIALISTA EN INGENIERÍA AMBIENTAL,ESPECIALIZACIÓN EN INGENIERÍA AMBIENTAL,R.M./3801/2021,PRESENCIAL,Posgrado
43,Universidad Tecnológica Nacional,ESPECIALISTA EN INGENIERÍA AMBIENTAL,ESPECIALIZACIÓN EN INGENIERÍA AMBIENTAL,R.M./1351/2018,PRESENCIAL,Posgrado
43,Universidad Tecnológica Nacional,ESPECIALISTA EN INGENIERÍA AMBIENTAL,ESPECIALIZACIÓN EN INGENIERÍA AMBIENTAL,R.M./252/2022,PRESENCIAL,Posgrado
43,Universidad Tecnológica Nacional,ESPECIALISTA EN INGENIERÍA AMBIENTAL,ESPECIALIZACIÓN EN INGENIERÍA AMBIENTAL,R.M./1278/2017,PRESENCIAL,Posgrado
43,Universidad Tecnológica Nacional,ESPECIALISTA EN INGENIERÍA AMBIENTAL,ESPECIALIZACIÓN EN INGENIERÍA AMBIENTAL,R.M./3544/2019,PRESENCIAL,Posgrado
43,Universidad Tecnológica Nacional,ESPECIALISTA EN INGENIERÍA AMBIENTAL,ESPECIALIZACIÓN EN INGENIERÍA AMBIENTAL,R.M./287/2022,PRESENCIAL,Posgrado
43,Universidad Tecnológica Nacional,ESPECIALISTA EN INGENIERÍA AMBIENTAL,ESPECIALIZACIÓN EN INGENIERÍA AMBIENTAL,R.M./1685/2022,PRESENCIAL,Posgrado
43,Universidad Tecnológica Nacional,ESPECIALISTA EN INGENIERÍA AMBIENTAL,ESPECIALIZACIÓN EN INGENIERÍA AMBIENTAL,R.M./346/2022,PRESENCIAL,Posgrado
43,Universidad Tecnológica Nacional,ESPECIALISTA EN INGENIERÍA AMBIENTAL,ESPECIALIZACIÓN EN INGENIERÍA AMBIENTAL,R.M./1482/2017,PRESENCIAL,Posgrado
43,Universidad Tecnológica Nacional,ESPECIALISTA EN INGENIERÍA AMBIENTAL,ESPECIALIZACIÓN EN INGENIERÍA AMBIENTAL,R.M./1686/2022,PRESENCIAL,Posgrado
43,Universidad Tecnológica Nacional,ESPECIALISTA EN INGENIERÍA AMBIENTAL,ESPECIALIZACIÓN EN INGENIERÍA AMBIENTAL,R.M./2/2022,PRESENCIAL,Posgrado
43,Universidad Tecnológica Nacional,ESPECIALISTA EN INGENIERÍA AMBIENTAL,ESPECIALIZACIÓN EN INGENIERÍA AMBIENTAL,R.M./3052/2017,PRESENCIAL,Posgrado
43,Universidad Tecnológica Nacional,ESPECIALISTA EN INGENIERÍA BIOENERGÉTICA,ESPECIALIZACIÓN EN INGENIERÍA BIOENERGÉTICA,R.M./506/2016,PRESENCIAL,Posgrado
43,Universidad Tecnológica Nacional,ESPECIALISTA EN INGENIERÍA BIOENERGÉTICA,ESPECIALIZACIÓN EN INGENIERÍA BIOENERGÉTICA,R.M./2687/2022,PRESENCIAL,Posgrado
43,Universidad Tecnológica Nacional,ESPECIALISTA EN INGENIERÍA CLÍNICA, ,R.M./1037/2008,PRESENCIAL,Posgrado
43,Universidad Tecnológica Nacional,ESPECIALISTA EN INGENIERÍA EN CALIDAD,ESPECIALIZACIÓN EN INGENIERÍA EN CALIDAD,R.M./2034/2020,PRESENCIAL,Posgrado
43,Universidad Tecnológica Nacional,ESPECIALISTA EN INGENIERÍA EN CALIDAD,ESPECIALIZACIÓN EN INGENIERÍA EN CALIDAD,R.M./1419/2022,PRESENCIAL,Posgrado
43,Universidad Tecnológica Nacional,ESPECIALISTA EN INGENIERÍA EN CALIDAD,ESPECIALIZACIÓN EN INGENIERÍA EN CALIDAD,R.M./931/2017,PRESENCIAL,Posgrado
43,Universidad Tecnológica Nacional,ESPECIALISTA EN INGENIERÍA EN CALIDAD,ESPECIALIZACIÓN EN INGENIERÍA EN CALIDAD,R.M./509/2022,PRESENCIAL,Posgrado
43,Universidad Tecnológica Nacional,ESPECIALISTA EN INGENIERÍA EN CALIDAD,ESPECIALIZACIÓN EN INGENIERÍA EN CALIDAD,R.M./3887/2019,PRESENCIAL,Posgrado
43,Universidad Tecnológica Nacional,ESPECIALISTA EN INGENIERÍA EN CALIDAD,ESPECIALIZACIÓN EN INGENIERÍA EN CALIDAD,D./222/2026,PRESENCIAL,Posgrado
43,Universidad Tecnológica Nacional,ESPECIALISTA EN INGENIERÍA EN CALIDAD,ESPECIALIZACIÓN EN INGENIERÍA EN CALIDAD,R.M./1276/2018,PRESENCIAL,Posgrado
43,Universidad Tecnológica Nacional,ESPECIALISTA EN INGENIERÍA EN CALIDAD,ESPECIALIZACIÓN EN INGENIERÍA EN CALIDAD,R.M./1629/2016,PRESENCIAL,Posgrado
43,Universidad Tecnológica Nacional,ESPECIALISTA EN INGENIERÍA EN CALIDAD,ESPECIALIZACIÓN EN INGENIERÍA EN CALIDAD,D./147/2026,PRESENCIAL,Posgrado
43,Universidad Tecnológica Nacional,ESPECIALISTA EN INGENIERÍA EN CALIDAD,ESPECIALIZACIÓN EN INGENIERÍA EN CALIDAD,R.M./437/2022,PRESENCIAL,Posgrado
43,Universidad Tecnológica Nacional,ESPECIALISTA EN INGENIERÍA EN CALIDAD,ESPECIALIZACIÓN EN INGENIERÍA EN CALIDAD,R.M./608/2021,PRESENCIAL,Posgrado
43,Universidad Tecnológica Nacional,ESPECIALISTA EN INGENIERÍA EN CALIDAD,ESPECIALIZACIÓN EN INGENIERÍA EN CALIDAD,R.M./147/2022,PRESENCIAL,Posgrado
43,Universidad Tecnológica Nacional,ESPECIALISTA EN INGENIERÍA EN CALIDAD,ESPECIALIZACIÓN EN INGENIERÍA EN CALIDAD,R.M./1108/2018,PRESENCIAL,Posgrado
43,Universidad Tecnológica Nacional,ESPECIALISTA EN INGENIERÍA EN CALIDAD,ESPECIALIZACIÓN EN INGENIERÍA EN CALIDAD,R.M./677/2020,PRESENCIAL,Posgrado
43,Universidad Tecnológica Nacional,ESPECIALISTA EN INGENIERÍA EN CALIDAD,ESPECIALIZACIÓN EN INGENIERÍA EN CALIDAD,R.M./1440/2017,PRESENCIAL,Posgrado
43,Universidad Tecnológica Nacional,ESPECIALISTA EN INGENIERÍA EN CALIDAD,ESPECIALIZACIÓN EN INGENIERÍA EN CALIDAD,R.M./3048/2017,PRESENCIAL,Posgrado
43,Universidad Tecnológica Nacional,ESPECIALISTA EN INGENIERÍA EN CALIDAD,ESPECIALIZACIÓN EN INGENIERÍA EN CALIDAD,R.M./3938/2019,PRESENCIAL,Posgrado
43,Universidad Tecnológica Nacional,ESPECIALISTA EN INGENIERÍA EN CALIDAD,ESPECIALIZACIÓN EN INGENIERÍA EN CALIDAD,R.M./957/2019,PRESENCIAL,Posgrado
43,Universidad Tecnológica Nacional,ESPECIALISTA EN INGENIERÍA EN CALIDAD,ESPECIALIZACIÓN EN INGENIERÍA EN CALIDAD,R.M./1302/2018,PRESENCIAL,Posgrado
43,Universidad Tecnológica Nacional,ESPECIALISTA EN INGENIERÍA EN CALIDAD,ESPECIALIZACIÓN EN INGENIERÍA EN CALIDAD,R.M./1030/2017,PRESENCIAL,Posgrado
43,Universidad Tecnológica Nacional,ESPECIALISTA EN INGENIERÍA EN CONTROL AUTOMÁTICO,ESPECIALIZACIÓN EN INGENIERÍA EN CONTROL AUTOMÁTICO,R.M./207/2023,PRESENCIAL,Posgrado
43,Universidad Tecnológica Nacional,ESPECIALISTA EN INGENIERÍA EN CONTROL AUTOMÁTICO,ESPECIALIZACIÓN EN INGENIERÍA EN CONTROL AUTOMÁTICO,R.M./1261/2018,PRESENCIAL,Posgrado
43,Universidad Tecnológica Nacional,ESPECIALISTA EN INGENIERÍA EN CONTROL AUTOMÁTICO,ESPECIALIZACIÓN EN INGENIERÍA EN CONTROL AUTOMÁTICO,D./417/2026,PRESENCIAL,Posgrado
43,Universidad Tecnológica Nacional,ESPECIALISTA EN INGENIERÍA EN MANTENIMIENTO,ESPECIALIZACIÓN EN INGENIERÍA EN MANTENIMIENTO,R.M./1083/2021,PRESENCIAL,Posgrado
43,Universidad Tecnológica Nacional,ESPECIALISTA EN INGENIERÍA EN MANTENIMIENTO,ESPECIALIZACIÓN EN INGENIERÍA EN MANTENIMIENTO,R.M./1085/2021 - R.M./1422/2022,PRESENCIAL,Posgrado
43,Universidad Tecnológica Nacional,ESPECIALISTA EN INGENIERÍA EN SISTEMAS DE INFORMACIÓN,ESPECIALIZACIÓN EN INGENIERÍA EN SISTEMAS DE INFORMACIÓN,D./547/2026,PRESENCIAL,Posgrado
43,Universidad Tecnológica Nacional,ESPECIALISTA EN INGENIERÍA EN SISTEMAS DE INFORMACIÓN,ESPECIALIZACIÓN EN INGENIERÍA EN SISTEMAS DE INFORMACIÓN,D./545/2026,PRESENCIAL,Posgrado
43,Universidad Tecnológica Nacional,ESPECIALISTA EN INGENIERÍA EN SISTEMAS DE INFORMACIÓN,ESPECIALIZACIÓN EN INGENIERÍA EN SISTEMAS DE INFORMACIÓN,D./131/2026,PRESENCIAL,Posgrado
43,Universidad Tecnológica Nacional,ESPECIALISTA EN INGENIERÍA EN SISTEMAS DE INFORMACIÓN,ESPECIALIZACIÓN EN INGENIERÍA EN SISTEMAS DE INFORMACIÓN,R.M./969/2020,PRESENCIAL,Posgrado
43,Universidad Tecnológica Nacional,ESPECIALISTA EN INGENIERÍA EN SISTEMAS DE INFORMACIÓN,ESPECIALIZACIÓN EN INGENIERÍA EN SISTEMAS DE INFORMACIÓN,R.M./1993/2016,PRESENCIAL,Posgrado
43,Universidad Tecnológica Nacional,ESPECIALISTA EN INGENIERÍA EN SISTEMAS DE INFORMACIÓN,ESPECIALIZACIÓN EN INGENIERÍA EN SISTEMAS DE INFORMACIÓN,R.M./485/2020,PRESENCIAL,Posgrado
43,Universidad Tecnológica Nacional,ESPECIALISTA EN INGENIERÍA EN SISTEMAS DE INFORMACIÓN,ESPECIALIZACIÓN EN INGENIERÍA EN SISTEMAS DE INFORMACIÓN,R.M./471/2016,PRESENCIAL,Posgrado
43,Universidad Tecnológica Nacional,ESPECIALISTA EN INGENIERÍA EN SISTEMAS DE INFORMACIÓN,ESPECIALIZACIÓN EN INGENIERÍA EN SISTEMAS DE INFORMACIÓN,R.M./234/2017,PRESENCIAL,Posgrado
43,Universidad Tecnológica Nacional,ESPECIALISTA EN INGENIERÍA EN SISTEMAS DE INFORMACIÓN,ESPECIALIZACIÓN EN INGENIERÍA EN SISTEMAS DE INFORMACIÓN,R.M./1097/2017,PRESENCIAL,Posgrado
43,Universidad Tecnológica Nacional,ESPECIALISTA EN INGENIERÍA EN SISTEMAS DE INFORMACIÓN,ESPECIALIZACIÓN EN INGENIERÍA EN SISTEMAS DE INFORMACIÓN,R.M./104/2025,PRESENCIAL,Posgrado
43,Universidad Tecnológica Nacional,ESPECIALISTA EN INGENIERÍA EN SISTEMAS DE INFORMACIÓN,ESPECIALIZACIÓN EN INGENIERÍA EN SISTEMAS DE INFORMACIÓN,R.M./2089/2016,PRESENCIAL,Posgrado
43,Universidad Tecnológica Nacional,ESPECIALISTA EN INGENIERÍA EN SISTEMAS DE INFORMACIÓN,ESPECIALIZACIÓN EN INGENIERÍA EN SISTEMAS DE INFORMACIÓN,R.M./54/2022,PRESENCIAL,Posgrado
43,Universidad Tecnológica Nacional,ESPECIALISTA EN INGENIERÍA EN SISTEMAS DE INFORMACIÓN,ESPECIALIZACIÓN EN INGENIERÍA EN SISTEMAS DE INFORMACIÓN,R.M./2138/2016,PRESENCIAL,Posgrado
43,Universidad Tecnológica Nacional,ESPECIALISTA EN INGENIERÍA EN SISTEMAS DE INFORMACIÓN,ESPECIALIZACIÓN EN INGENIERÍA EN SISTEMAS DE INFORMACIÓN,R.M./238/2022 - R.M./244/2022,PRESENCIAL,Posgrado
43,Universidad Tecnológica Nacional,ESPECIALISTA EN INGENIERÍA EN SISTEMAS DE INFORMACIÓN,ESPECIALIZACIÓN EN INGENIERÍA EN SISTEMAS DE INFORMACIÓN,R.M./3806/2021,PRESENCIAL,Posgrado
43,Universidad Tecnológica Nacional,ESPECIALISTA EN INGENIERÍA EN TELECOMUNICACIONES,ESPECIALIZACIÓN EN INGENIERÍA EN TELECOMUNICACIONES,R.M./3844/2019,PRESENCIAL,Posgrado
43,Universidad Tecnológica Nacional,ESPECIALISTA EN INGENIERÍA EN TELECOMUNICACIONES,ESPECIALIZACIÓN EN INGENIERÍA EN TELECOMUNICACIONES,R.M./1654/2021,PRESENCIAL,Posgrado
43,Universidad Tecnológica Nacional,ESPECIALISTA EN INGENIERÍA ESTRUCTURAL,ESPECIALIZACIÓN EN INGENIERÍA ESTRUCTURAL,R.M./265/2021,PRESENCIAL,Posgrado
43,Universidad Tecnológica Nacional,ESPECIALISTA EN INGENIERÍA ESTRUCTURAL,ESPECIALIZACIÓN EN INGENIERÍA ESTRUCTURAL,R.M./4264/2017,PRESENCIAL,Posgrado
43,Universidad Tecnológica Nacional,ESPECIALISTA EN INGENIERÍA ESTRUCTURAL,ESPECIALIZACIÓN EN INGENIERÍA ESTRUCTURAL,D./94/2025,PRESENCIAL,Posgrado
43,Universidad Tecnológica Nacional,"ESPECIALISTA EN INGENIERÍA ESTRUCTURAL ORIENTADA A RECIPIENTES CONTENEDORES DE PRESIÓN, CAÑERÍAS Y EQUIPOS","ESPECIALIZACIÓN EN INGENIERÍA ESTRUCTURAL ORIENTADA A RECIPIENTES CONTENEDORES DE PRESIÓN, CAÑERÍAS Y EQUIPOS",R.M./7/2019,PRESENCIAL,Posgrado
43,Universidad Tecnológica Nacional,"ESPECIALISTA EN INGENIERÍA ESTRUCTURAL ORIENTADA A RECIPIENTES CONTENEDORES DE PRESIÓN, CAÑERÍAS Y EQUIPOS","ESPECIALIZACIÓN EN INGENIERÍA ESTRUCTURAL ORIENTADA A RECIPIENTES CONTENEDORES DE PRESIÓN, CAÑERÍAS Y EQUIPOS",R.M./264/2021,PRESENCIAL,Posgrado
43,Universidad Tecnológica Nacional,"ESPECIALISTA EN INGENIERÍA ESTRUCTURAL ORIENTADA A RECIPIENTES CONTENEDORES DE PRESIÓN, CAÑERÍAS Y EQUIPOS", ,R.M./388/2003,PRESENCIAL,Posgrado
43,Universidad Tecnológica Nacional,ESPECIALISTA EN INGENIERÍA GERENCIAL,ESPECIALIZACIÓN EN INGENIERÍA GERENCIAL,R.M./1592/2016,PRESENCIAL,Posgrado
43,Universidad Tecnológica Nacional,ESPECIALISTA EN INGENIERÍA GERENCIAL,ESPECIALIZACIÓN EN INGENIERÍA GERENCIAL,R.M./3089/2017,PRESENCIAL,Posgrado
43,Universidad Tecnológica Nacional,ESPECIALISTA EN INGENIERÍA GERENCIAL,ESPECIALIZACIÓN EN INGENIERÍA GERENCIAL,R.M./3494/2017,PRESENCIAL,Posgrado
43,Universidad Tecnológica Nacional,ESPECIALISTA EN INGENIERÍA GERENCIAL,ESPECIALIZACIÓN EN INGENIERÍA GERENCIAL,R.M./3531/2017,PRESENCIAL,Posgrado
43,Universidad Tecnológica Nacional,ESPECIALISTA EN INGENIERÍA GERENCIAL,ESPECIALIZACIÓN EN INGENIERÍA GERENCIAL,D./620/2025,PRESENCIAL,Posgrado
43,Universidad Tecnológica Nacional,ESPECIALISTA EN INGENIERÍA GERENCIAL,ESPECIALIZACIÓN EN INGENIERÍA GERENCIAL,R.M./2492/2020,PRESENCIAL,Posgrado
43,Universidad Tecnológica Nacional,ESPECIALISTA EN INGENIERÍA GERENCIAL,ESPECIALIZACIÓN EN INGENIERÍA GERENCIAL,R.M./1261/2017,PRESENCIAL,Posgrado
43,Universidad Tecnológica Nacional,ESPECIALISTA EN INGENIERÍA GERENCIAL,ESPECIALIZACIÓN EN INGENIERÍA GERENCIAL,R.M./2838/2017,PRESENCIAL,Posgrado
43,Universidad Tecnológica Nacional,ESPECIALISTA EN INGENIERÍA GERENCIAL,ESPECIALIZACION EN INGENIERÍA GERENCIAL,R.M./2398/2017,PRESENCIAL,Posgrado
43,Universidad Tecnológica Nacional,ESPECIALISTA EN INGENIERÍA GERENCIAL,ESPECIALIZACIÓN EN INGENIERÍA GERENCIAL,R.M./388/2017,PRESENCIAL,Posgrado
43,Universidad Tecnológica Nacional,ESPECIALISTA EN INGENIERÍA GERENCIAL,ESPECIALIZACIÓN EN INGENIERÍA GERENCIAL,R.M./1292/2018 - D./513/2026,PRESENCIAL,Posgrado
43,Universidad Tecnológica Nacional,ESPECIALISTA EN INGENIERÍA GERENCIAL,ESPECIALIZACIÓN EN INGENIERÍA GERENCIAL,R.M./4222/2017,PRESENCIAL,Posgrado
43,Universidad Tecnológica Nacional,ESPECIALISTA EN INGENIERÍA GERENCIAL,ESPECIALIZACIÓN EN INGENIERÍA GERENCIAL,R.M./326/2021,PRESENCIAL,Posgrado
43,Universidad Tecnológica Nacional,ESPECIALISTA EN INGENIERÍA GERENCIAL,ESPECIALIZACIÓN EN INGENIERÍA GERENCIAL,D./647/2026,PRESENCIAL,Posgrado
43,Universidad Tecnológica Nacional,ESPECIALISTA EN INGENIERÍA GERENCIAL,ESPECIALIZACIÓN EN INGENIERÍA GERENCIAL,R.M./1057/2021,PRESENCIAL,Posgrado
43,Universidad Tecnológica Nacional,ESPECIALISTA EN INGENIERÍA GERENCIAL,ESPECIALIZACIÓN EN INGENIERÍA GERENCIAL,R.M./2738/2017 - D./527/2025,PRESENCIAL,Posgrado
43,Universidad Tecnológica Nacional,ESPECIALISTA EN INGENIERÍA GERENCIAL,ESPECIALIZACIÓN EN INGENIERÍA GERENCIAL,R.M./866/2015 - R.M./2060/2015 - R.M./2061/2015 - R.M./2062/2015 - R.M./2063/2015 - R.M./2064/2015 - R.M./2065/2015 - R.M./2066/2015 - R.M./2067/2015 - R.M./2068/2015,PRESENCIAL,Posgrado
43,Universidad Tecnológica Nacional,ESPECIALISTA EN INGENIERÍA GERENCIAL,ESPECIALIZACIÓN EN INGENIERÍA GERENCIAL,R.M./2776/2017,PRESENCIAL,Posgrado
43,Universidad Tecnológica Nacional,ESPECIALISTA EN INGENIERÍA GERENCIAL,ESPECIALIZACIÓN EN INGENIERÍA GERENCIAL,R.M./2152/2021 - D./370/2025 - D./363/2025 - R.M./640/2025 - R.M./602/2025 - D./477/2025 - D./495/2025,PRESENCIAL,Posgrado
43,Universidad Tecnológica Nacional,ESPECIALISTA EN INGENIERÍA GERENCIAL,ESPECIALIZACIÓN EN INGENIERÍA GERENCIAL,R.M./1034/2021,PRESENCIAL,Posgrado
43,Universidad Tecnológica Nacional,ESPECIALISTA EN INGENIERÍA GERENCIAL,ESPECIALIZACIÓN EN INGENIERÍA GERENCIAL,R.M./303/2020,PRESENCIAL,Posgrado
43,Universidad Tecnológica Nacional,ESPECIALISTA EN INGENIERÍA VIAL,ESPECIALIZACIÓN EN INGENIERÍA VIAL,R.M./530/2020,PRESENCIAL,Posgrado
43,Universidad Tecnológica Nacional,ESPECIALISTA EN MANAGEMENT TECNOLÓGICO,ESPECIALIZACIÓN EN MANAGEMENT TECNOLÓGICO,R.M./369/2018,PRESENCIAL,Posgrado
43,Universidad Tecnológica Nacional,ESPECIALISTA EN MANTENIMIENTO DE INSTALACIONES DE TRANSMISIÓN Y DISTRIBUCIÓN DE LA ENERGÍA ELÉCTRICA,ESPECIALIZACIÓN EN MANTENIMIENTO DE INSTALACIONES DE TRANSMISIÓN Y DISTRIBUCIÓN DE LA ENERGÍA ELÉCTRICA,R.M./800/2020 - D./1226/2025,PRESENCIAL,Posgrado
43,Universidad Tecnológica Nacional,ESPECIALISTA EN MINERÍA DE DATOS,ESPECIALIZACIÓN EN MINERÍA DE DATOS,R.M./10/2025,A DISTANCIA,Posgrado
43,Universidad Tecnológica Nacional,ESPECIALISTA EN MINERÍA DE DATOS,ESPECIALIZACIÓN EN MINERÍA DE DATOS,R.M./1692/2021,PRESENCIAL,Posgrado
43,Universidad Tecnológica Nacional,ESPECIALISTA EN PATOLOGÍAS Y TERAPÉUTICAS DE LA CONSTRUCCIÓN,ESPECIALIZACIÓN EN PATOLOGÍAS Y TERAPÉUTICAS DE LA CONSTRUCCIÓN,R.M./285/2022,PRESENCIAL,Posgrado
43,Universidad Tecnológica Nacional,ESPECIALISTA EN PATOLOGÍAS Y TERAPÉUTICAS DE LA CONSTRUCCIÓN,ESPECIALIZACIÓN EN PATOLOGÍAS Y TERAPÉUTICAS DE LA CONSTRUCCIÓN,R.M./1389/2018,PRESENCIAL,Posgrado
43,Universidad Tecnológica Nacional,ESPECIALISTA EN PATOLOGÍAS Y TERAPÉUTICAS DE LA CONSTRUCCIÓN,ESPECIALIZACIÓN EN PATOLOGÍAS Y TERAPÉUTICAS DE LA CONSTRUCCIÓN,R.M./466/2024,PRESENCIAL,Posgrado
43,Universidad Tecnológica Nacional,ESPECIALISTA EN PATOLOGÍA Y CONTROL DE CALIDAD DE ESTRUCTURAS SISMORRESISTENTES,ESPECIALIZACIÓN EN PATOLOGÍA Y CONTROL DE CALIDAD DE ESTRUCTURAS SISMORRESISTENTES,R.M./1599/2018,PRESENCIAL,Posgrado
43,Universidad Tecnológica Nacional,ESPECIALISTA EN PATOLOGÍA Y CONTROL DE CALIDAD DE ESTRUCTURAS SISMORRESISTENTES,ESPECIALIZACIÓN EN PATOLOGÍA Y CONTROL DE CALIDAD DE ESTRUCTURAS SISMORRESISTENTES,R.M./2986/2015,PRESENCIAL,Posgrado
43,Universidad Tecnológica Nacional,ESPECIALISTA EN REDES DE DATOS,ESPECIALIZACIÓN EN REDES DE DATOS,R.M./1330/2018,PRESENCIAL,Posgrado
43,Universidad Tecnológica Nacional,ESPECIALISTA EN REDES DE DATOS,ESPECIALIZACIÓN EN REDES DE DATOS,R.M./2676/2022,A DISTANCIA,Posgrado
43,Universidad Tecnológica Nacional,ESPECIALISTA EN REDES DE DATOS, ,R.M./1948/2011,PRESENCIAL,Posgrado
43,Universidad Tecnológica Nacional,ESPECIALISTA EN SISTEMAS ELECTRÓNICOS,ESPECIALIZACIÓN EN SISTEMAS ELECTRÓNICOS,R.M./285/2024,PRESENCIAL,Posgrado
43,Universidad Tecnológica Nacional,ESPECIALISTA EN SOLDADURA,ESPECIALIZACIÓN EN SOLDADURA,R.M./1101/2019,PRESENCIAL,Posgrado
43,Universidad Tecnológica Nacional,ESPECIALISTA EN SOLDADURA,ESPECIALIZACIÓN EN SOLDADURA,R.M./1821/2019,PRESENCIAL,Posgrado
43,Universidad Tecnológica Nacional,ESPECIALISTA EN SOLDADURA,ESPECIALIZACIÓN EN SOLDADURA,R.M./1701/2021,PRESENCIAL,Posgrado
43,Universidad Tecnológica Nacional,ESPECIALISTA EN TECNOLOGÍA DE LOS ALIMENTOS,ESPECIALIZACIÓN EN TECNOLOGÍA DE LOS ALIMENTOS,R.M./2034/2013 - R.M./585/2017,PRESENCIAL,Posgrado
43,Universidad Tecnológica Nacional,ESPECIALISTA EN TECNOLOGÍA DE LOS ALIMENTOS,ESPECIALIZACIÓN EN TECNOLOGÍA DE LOS ALIMENTOS,R.M./3506/2017,PRESENCIAL,Posgrado
43,Universidad Tecnológica Nacional,ESPECIALISTA EN TECNOLOGÍA DE LOS ALIMENTOS,ESPECIALIZACIÓN EN TECNOLOGÍA DE LOS ALIMENTOS,R.M./2532/2019,PRESENCIAL,Posgrado
43,Universidad Tecnológica Nacional,ESPECIALISTA EN TECNOLOGÍA DE LOS ALIMENTOS,ESPECIALIZACIÓN EN TECNOLOGÍA DE LOS ALIMENTOS,R.M./585/2017,PRESENCIAL,Posgrado
43,Universidad Tecnológica Nacional,ESPECIALISTA EN TRANSPORTE,ESPECIALIZACIÓN EN TRANSPORTE,R.M./17/2022,PRESENCIAL,Posgrado
43,Universidad Tecnológica Nacional,ESPECIALISTA EN TRANSPORTE,ESPECIALIZACIÓN EN TRANSPORTE,R.M./3983/2017,PRESENCIAL,Posgrado
43,Universidad Tecnológica Nacional,INGENIERÍA EN SISTEMAS DE INFORMACIÓN,INGENIERÍA EN SISTEMAS DE INFORMACIÓN,R.M./1096/2018,PRESENCIAL,Pregrado
43,Universidad Tecnológica Nacional,INGENIERÍA EN SISTEMAS DE INFORMACIÓN,INGENIERÍA EN SISTEMAS DE INFORMACIÓN,R.M./1096/2018 - R.M./548/2021 - R.M./409/2021,PRESENCIAL,Pregrado
43,Universidad Tecnológica Nacional,INGENIERÍA EN SISTEMAS DE INFORMACIÓN,INGENIERÍA EN SISTEMAS DE INFORMACIÓN,R.M./673/2021,PRESENCIAL,Grado
43,Universidad Tecnológica Nacional,INGENIERO/A AERONÁUTICO/A,INGENIERÍA AERONÁUTICA,R.M./751/2016 - R.M./2028/2019,PRESENCIAL,Grado
43,Universidad Tecnológica Nacional,INGENIERO/A AERONÁUTICO/A, ,R.M./1423/1983,PRESENCIAL,Grado
43,Universidad Tecnológica Nacional,INGENIERO/A CIVIL,INGENIERÍA INDUSTRIAL,R.M./3134/2021,PRESENCIAL,Grado
43,Universidad Tecnológica Nacional,INGENIERO/A CIVIL,INGENIERÍA INDUSTRIAL,R.M./1936/2017,PRESENCIAL,Grado
43,Universidad Tecnológica Nacional,INGENIERO/A CIVIL,INGENIERÍA CIVIL,R.M./243/2017,PRESENCIAL,Grado
43,Universidad Tecnológica Nacional,INGENIERO/A CIVIL,INGENIERÍA CIVIL,D./1344/2025,PRESENCIAL,Grado
43,Universidad Tecnológica Nacional,INGENIERO/A CIVIL,INGENIERÍA CIVIL,R.M./1047/2021,PRESENCIAL,Grado
43,Universidad Tecnológica Nacional,INGENIERO/A CIVIL,INGENIERÍA CIVIL,D./469/2026,PRESENCIAL,Grado
43,Universidad Tecnológica Nacional,INGENIERO/A CIVIL,INGENIERÍA CIVIL,D./936/2025,PRESENCIAL,Grado
43,Universidad Tecnológica Nacional,INGENIERO/A CIVIL,INGENIERÍA CIVIL,R.M./1732/1988 - R.M./1445/2015 - R.M./1814/2015 - R.M./1905/2015 - R.M./2353/2015 - R.M./2869/2015 - R.M./2783/2015 - R.M./3118/2015 - R.M./3171/2015 - R.M./3120/2015 - R.M./2859/2015 - R.M./450/2016 - R.M./1044/2019 - R.M./1076/2019 - R.M./1658/2019 - R.M./2038/2019 - R.M./3771/2021,PRESENCIAL,Grado
43,Universidad Tecnológica Nacional,INGENIERO/A CIVIL,INGENIERÍA CIVIL,R.M./2232/2017,PRESENCIAL,Grado
43,Universidad Tecnológica Nacional,INGENIERO/A CIVIL,INGENIERÍA INDUSTRIAL,R.M./1726/2021,PRESENCIAL,Grado
43,Universidad Tecnológica Nacional,INGENIERO/A CIVIL,INGENIERÍA INDUSTRIAL,R.M./836/2017 - R.M./2618/2019,PRESENCIAL,Grado
43,Universidad Tecnológica Nacional,INGENIERO/A CIVIL,INGENIERÍA CIVIL,D./770/2025,PRESENCIAL,Grado
43,Universidad Tecnológica Nacional,INGENIERO/A CIVIL,INGENIERÍA CIVIL,R.M./107/2017,PRESENCIAL,Grado
43,Universidad Tecnológica Nacional,INGENIERO/A CIVIL,INGENIERÍA INDUSTRIAL,R.M./2596/2020,PRESENCIAL,Grado
43,Universidad Tecnológica Nacional,INGENIERO/A CIVIL,INGENIERÍA CIVIL,R.M./574/2017,PRESENCIAL,Grado
43,Universidad Tecnológica Nacional,INGENIERO/A CIVIL,INGENIERÍA CIVIL,R.M./1694/2021,PRESENCIAL,Grado
43,Universidad Tecnológica Nacional,INGENIERO/A CIVIL,INGENIERÍA CIVIL,R.M./1658/2023,PRESENCIAL,Grado
43,Universidad Tecnológica Nacional,INGENIERO/A ELECTRICISTA,INGENIERÍA ELÉCTRICA,D./228/2025,PRESENCIAL,Grado
43,Universidad Tecnológica Nacional,INGENIERO/A ELECTROMECÁNICO/A,INGENIERÍA ELECTROMECÁNICA,R.M./2581/2016,PRESENCIAL,Grado
43,Universidad Tecnológica Nacional,INGENIERO/A ELECTROMECÁNICO/A,INGENIERÍA ELECTROMECÁNICA,R.M./495/2017,PRESENCIAL,Grado
43,Universidad Tecnológica Nacional,INGENIERO/A ELECTROMECÁNICO/A,INGENIERÍA ELECTROMECÁNICA,R.M./337/2017,PRESENCIAL,Grado
43,Universidad Tecnológica Nacional,INGENIERO/A ELECTROMECÁNICO/A,INGENIERÍA ELECTROMECÁNICA,R.M.1423/83 - R.M./435/2016,PRESENCIAL,Grado
43,Universidad Tecnológica Nacional,INGENIERO/A ELECTROMECÁNICO/A,INGENIERÍA ELECTROMECÁNICA,R.M./1665/2023,PRESENCIAL,Grado
43,Universidad Tecnológica Nacional,INGENIERO/A ELECTROMECÁNICO/A,INGENIERÍA ELECTROMECÁNICA,R.M./671/2016,PRESENCIAL,Grado
43,Universidad Tecnológica Nacional,INGENIERO/A ELECTROMECÁNICO/A,INGENIERÍA ELECTROMECÁNICA,R.M./601/2016,PRESENCIAL,Grado
43,Universidad Tecnológica Nacional,INGENIERO/A ELECTROMECÁNICO/A,INGENIERÍA ELECTROMECÁNICA,R.M./314/2017 - R.M./3802/2021,PRESENCIAL,Grado
43,Universidad Tecnológica Nacional,INGENIERO/A ELECTROMECÁNICO/A,INGENIERÍA ELECTROMECÁNICA,R.M./3630/2017,PRESENCIAL,Grado
43,Universidad Tecnológica Nacional,INGENIERO/A ELECTROMECÁNICO/A,INGENIERÍA ELECTROMECÁNICA,R.M./704/2021,PRESENCIAL,Grado
43,Universidad Tecnológica Nacional,INGENIERO/A ELECTROMECÁNICO/A,INGENIERÍA ELECTROMECÁNICA,R.M./2687/2017,PRESENCIAL,Grado
43,Universidad Tecnológica Nacional,INGENIERO/A ELECTROMECÁNICO/A,INGENIERÍA ELECTROMECÁNICA,R.M./1031/2017,PRESENCIAL,Grado
43,Universidad Tecnológica Nacional,INGENIERO/A ELECTROMECÁNICO/A,INGENIERÍA ELECTROMECÁNICA,R.M./693/2021,PRESENCIAL,Grado
43,Universidad Tecnológica Nacional,INGENIERO/A ELECTROMECÁNICO/A,INGENIERÍA ELECTROMECÁNICA,D./660/2025,PRESENCIAL,Grado
43,Universidad Tecnológica Nacional,INGENIERO/A ELECTRÓNICO,INGENIERÍA ELECTRÓNICA,R.M./1469/2018 - R.M./2387/2021,PRESENCIAL,Grado
43,Universidad Tecnológica Nacional,INGENIERO/A ELECTRÓNICO,INGENIERÍA ELECTRÓNICA,R.M./381/2021,PRESENCIAL,Grado
43,Universidad Tecnológica Nacional,INGENIERO/A ELECTRÓNICO,INGENIERÍA ELECTRÓNICA,R.M./3352/2017,PRESENCIAL,Grado
43,Universidad Tecnológica Nacional,INGENIERO/A ELECTRÓNICO/A,TECNICATURA UNIVERSITARIA EN ELECTRÓNICA,R.M./2079/2019,PRESENCIAL,Grado
43,Universidad Tecnológica Nacional,INGENIERO/A ELECTRÓNICO/A,INGENIERÍA ELECTRÓNICA,R.M./548/2015 - R.M./2296/2015 - R.M./3158/2015 - R.M./3783/2021 - D./1124/2025,PRESENCIAL,Grado
43,Universidad Tecnológica Nacional,INGENIERO/A ELECTRÓNICO/A,INGENIERÍA ELECTRÓNICA,R.M./2045/2019,PRESENCIAL,Pregrado
43,Universidad Tecnológica Nacional,INGENIERO/A ELECTRÓNICO/A,INGENIERÍA ELECTRÓNICA,R.M./599/2017,PRESENCIAL,Grado
43,Universidad Tecnológica Nacional,INGENIERO/A ELECTRÓNICO/A,INGENIERÍA ELECTRÓNICA,R.M./2454/2016,PRESENCIAL,Grado
43,Universidad Tecnológica Nacional,INGENIERO/A ELECTRÓNICO/A,INGENIERÍA ELECTRÓNICA,R.M./700/2016,PRESENCIAL,Grado
43,Universidad Tecnológica Nacional,INGENIERO/A ELECTRÓNICO/A,INGENIERÍA ELECTRÓNICA,R.M./2084/2019,PRESENCIAL,Pregrado
43,Universidad Tecnológica Nacional,INGENIERO/A ELECTRÓNICO/A,INGENIERÍA ELECTRÓNICA,R.M./980/2017,PRESENCIAL,Grado
43,Universidad Tecnológica Nacional,INGENIERO/A ELECTRÓNICO/A,INGENIERÍA ELECTRÓNICA,R.M./1663/2016,PRESENCIAL,Grado
43,Universidad Tecnológica Nacional,INGENIERO/A ELECTRÓNICO/A,INGENIERÍA ELECTRÓNICA,R.M./250/2017,PRESENCIAL,Grado
43,Universidad Tecnológica Nacional,INGENIERO/A ELECTRÓNICO/A,INGENIERÍA ELECTRÓNICA,R.M./2501/2016,PRESENCIAL,Grado
43,Universidad Tecnológica Nacional,INGENIERO/A ELECTRÓNICO/A,INGENIERÍA ELECTRÓNICA,R.M./328/2017,PRESENCIAL,Grado
43,Universidad Tecnológica Nacional,INGENIERO/A ELECTRÓNICO/A,INGENIERÍA ELECTRÓNICA,R.M./2521/2016,PRESENCIAL,Grado
43,Universidad Tecnológica Nacional,INGENIERO/A EN ELECTRÓNICA, ,R.M.1423/83,PRESENCIAL,Grado
43,Universidad Tecnológica Nacional,INGENIERO/A EN ENERGÍA,INGENIERÍA EN ENERGÍA,R.M./1935/2023,PRESENCIAL,Grado
43,Universidad Tecnológica Nacional,INGENIERO/A EN ENERGÍA ELÉCTRICA,INGENIERÍA ELÉCTRICA,D./654/2025,PRESENCIAL,Grado
43,Universidad Tecnológica Nacional,INGENIERO/A EN ENERGÍA ELÉCTRICA,INGENIERÍA ELÉCTRICA,R.M./1606/2021,PRESENCIAL,Grado
43,Universidad Tecnológica Nacional,INGENIERO/A EN ENERGÍA ELÉCTRICA,INGENIERÍA ELÉCTRICA,D./356/2025,PRESENCIAL,Grado
43,Universidad Tecnológica Nacional,INGENIERO/A EN ENERGÍA ELÉCTRICA,INGENIERÍA ELÉCTRICA,R.M./3769/2021 - D./662/2025 - D./674/2025 - D./239/2026 - D./564/2026,PRESENCIAL,Grado
43,Universidad Tecnológica Nacional,INGENIERO/A EN ENERGÍA ELÉCTRICA,INGENIERÍA ELÉCTRICA,R.M./1058/2021,PRESENCIAL,Grado
43,Universidad Tecnológica Nacional,INGENIERO/A EN MECATRÓNICA,INGENIERÍA MECATRÓNICA,R.M./1094/2024,PRESENCIAL,Grado
43,Universidad Tecnológica Nacional,INGENIERO/A EN SISTEMAS DE INFORMACIÓN,INGENIERÍA EN SISTEMAS DE INFORMACIÓN,D./64/2025,PRESENCIAL,Grado
43,Universidad Tecnológica Nacional,INGENIERO/A EN SISTEMAS DE INFORMACIÓN,INGENIERÍA EN SISTEMAS DE INFORMACIÓN,R.M./1750/2016,PRESENCIAL,Grado
43,Universidad Tecnológica Nacional,INGENIERO/A EN SISTEMAS DE INFORMACIÓN,INGENIERÍA EN SISTEMAS DE INFORMACIÓN,R.M./906/2021 - D./340/2025 - D./1072/2025 - D./1071/2025,PRESENCIAL,Grado
43,Universidad Tecnológica Nacional,INGENIERO/A EN SISTEMAS DE INFORMACIÓN,INGENIERÍA EN SISTEMAS DE INFORMACIÓN,D./358/2025,PRESENCIAL,Grado
43,Universidad Tecnológica Nacional,INGENIERO/A EN SISTEMAS DE INFORMACIÓN,INGENIERÍA EN SISTEMAS DE INFORMACIÓN,R.M./2604/2020,PRESENCIAL,Grado
43,Universidad Tecnológica Nacional,INGENIERO/A EN SISTEMAS DE INFORMACIÓN,INGENIERÍA EN SISTEMAS DE INFORMACIÓN,R.M./593/1991 - R.M./296/2015 - R.M./1206/2015 - R.M./1570/2015 - R.M./1551/2015 - R.M./1455/2015 - R.M./1712/2018 - R.M./1167/2019 - R.M./3400/1992 - R.M./1409/1995,PRESENCIAL,Grado
43,Universidad Tecnológica Nacional,INGENIERO/A EN TELECOMUNICACIONES,INGENIERÍA EN TELECOMUNICACIONES,D./534/2025,PRESENCIAL,Grado
43,Universidad Tecnológica Nacional,INGENIERO/A EN TRANSPORTE,INGENIERÍA EN TRANSPORTE,R.M./2473/2020,PRESENCIAL,Grado
43,Universidad Tecnológica Nacional,INGENIERO/A FERROVIARIO/A,INGENIERÍA FERROVIARIA,D./1269/2025,PRESENCIAL,Grado
43,Universidad Tecnológica Nacional,INGENIERO/A INDUSTRIAL,INGENIERÍA INDUSTRIAL,R.M./613/2017,PRESENCIAL,Grado
43,Universidad Tecnológica Nacional,INGENIERO/A INDUSTRIAL,INGENIERÍA INDUSTRIAL,R.M./730/2021,PRESENCIAL,Grado
43,Universidad Tecnológica Nacional,INGENIERO/A INDUSTRIAL,INGENIERÍA INDUSTRIAL,R.M./941/2017,PRESENCIAL,Grado
43,Universidad Tecnológica Nacional,INGENIERO/A INDUSTRIAL,INGENIERÍA INDUSTRIAL,R.M./208/2017,PRESENCIAL,Grado
43,Universidad Tecnológica Nacional,INGENIERO/A INDUSTRIAL, ,R.M./1412/1995 - R.M./474/2015 - R.M./475/2015 - R.M./2337/2015 - R.M./2352/2015 - R.M./2967/2015 - R.M./2968/2015 - R.M./3030/2015 - R.M./3029/2015 - R.M./3004/2015 - R.M./1273/2017 - R.M./3923/2017,PRESENCIAL,Grado
43,Universidad Tecnológica Nacional,INGENIERO/A INDUSTRIAL,INGENIERÍA INDUSTRIAL,R.M./1438/2017 - R.M./363/2019,PRESENCIAL,Grado
43,Universidad Tecnológica Nacional,INGENIERO/A INDUSTRIAL,INGENIERÍA INDUSTRIAL,R.M./690/2021,PRESENCIAL,Grado
43,Universidad Tecnológica Nacional,INGENIERO/A INDUSTRIAL,INGENIERÍA INDUSTRIAL,R.M./945/2017,PRESENCIAL,Grado
43,Universidad Tecnológica Nacional,INGENIERO/A INDUSTRIAL,INGENIERÍA INDUSTRIAL,R.M./321/2017,PRESENCIAL,Grado
43,Universidad Tecnológica Nacional,INGENIERO/A INDUSTRIAL,INGENIERÍA INDUSTRIAL,R.M./1624/2017,PRESENCIAL,Grado
43,Universidad Tecnológica Nacional,INGENIERO/A INDUSTRIAL,INGENIERÍA INDUSTRIAL,R.M./1568/2017,PRESENCIAL,Grado
43,Universidad Tecnológica Nacional,INGENIERO/A INDUSTRIAL,INGENIERÍA INDUSTRIAL,R.M./1690/2016,PRESENCIAL,Grado
43,Universidad Tecnológica Nacional,INGENIERO/A INDUSTRIAL,INGENIERÍA INDUSTRIAL,R.M./1348/2017,PRESENCIAL,Grado
43,Universidad Tecnológica Nacional,INGENIERO/A MECÁNICO/A,INGENIERÍA MECÁNICA,R.M./576/2021,PRESENCIAL,Grado
43,Universidad Tecnológica Nacional,INGENIERO/A MECÁNICO/A,INGENIERÍA MECÁNICA,D./879/2025,PRESENCIAL,Grado
43,Universidad Tecnológica Nacional,INGENIERO/A MECÁNICO/A,INGENIERÍA MECÁNICA,D./876/2025,PRESENCIAL,Grado
43,Universidad Tecnológica Nacional,INGENIERO/A MECÁNICO/A,INGENIERÍA MECÁNICA,D./235/2025,PRESENCIAL,Grado
43,Universidad Tecnológica Nacional,INGENIERO/A MECÁNICO/A,INGENIERÍA MECÁNICA,R.M./679/2021,PRESENCIAL,Grado
43,Universidad Tecnológica Nacional,INGENIERO/A MECÁNICOA,INGENIERÍA MECÁNICA,R.M./121/2022,PRESENCIAL,Grado
43,Universidad Tecnológica Nacional,INGENIERO/A MECATRÓNICO/A,INGENIERÍA MECATRÓNICA,R.M./1789/2020,PRESENCIAL,Grado
43,Universidad Tecnológica Nacional,INGENIERO/A MECATRÓNICO/A,INGENIERÍA MECATRÓNICA,R.M./891/2020,PRESENCIAL,Grado
43,Universidad Tecnológica Nacional,INGENIERO/A METALÚRGICO/A,INGENIERÍA METALÚRGICA,R.M./155/2017 - R.M./302/2021,PRESENCIAL,Grado
43,Universidad Tecnológica Nacional,INGENIERO/A METALÚRGICO/A,INGENIERÍA METALÚRGICA,R.M./2053/2016,PRESENCIAL,Grado
43,Universidad Tecnológica Nacional,INGENIERO/A METALÚRGICO/A, ,R.M./1423/1983,PRESENCIAL,Grado
43,Universidad Tecnológica Nacional,INGENIERO/A NAVAL,INGENIERÍA NAVAL,R.M./2872/2022,PRESENCIAL,Grado
43,Universidad Tecnológica Nacional,INGENIERO/A NAVAL,INGENIERIA NAVAL,R.M./2764/2022,PRESENCIAL,Grado
43,Universidad Tecnológica Nacional,INGENIERO/A QUÍMICO,INGENIERÍA QUÍMICA,R.M./540/2021,PRESENCIAL,Grado
43,Universidad Tecnológica Nacional,INGENIERO/A QUÍMICO/A,INGENIERÍA QUÍMICA,R.M./245/2017,PRESENCIAL,Grado
43,Universidad Tecnológica Nacional,INGENIERO/A QUÍMICO/A,INGENIERÍA QUÍMICA,R.M./1778/2022 - D./868/2025 - D./103/2026,PRESENCIAL,Grado
43,Universidad Tecnológica Nacional,INGENIERO/A QUÍMICO/A,INGENIERÍA QUÍMICA,R.M./1423/1983 - R.M./1584/2015 - R.M./2413/2015 - R.M./2817/2015 - R.M./2978/2015 - R.M./3077/2015 - R.M./500/2016 - R.M./4013/2017 - R.M./1166/2019 - R.M./992/2021,PRESENCIAL,Grado
43,Universidad Tecnológica Nacional,INGENIERO/A QUÍMICO/A,INGENIERÍA QUÍMICA,R.M./850/2016 - D./1248/2019,PRESENCIAL,Grado
43,Universidad Tecnológica Nacional,INGENIERO/A QUÍMICO/A,INGENIERÍA QUÍMICA,R.M./411/2021,PRESENCIAL,Grado
43,Universidad Tecnológica Nacional,INGENIERO/A QUÍMICO/A,INGENIERÍA QUÍMICA,R.M./891/2017,PRESENCIAL,Grado
43,Universidad Tecnológica Nacional,INGENIERO/A QUÍMICO/A,INGENIERÍA QUÍMICA,R.M./1346/2017,PRESENCIAL,Grado
43,Universidad Tecnológica Nacional,INGENIERO/A QUÍMICO/A,INGENIERÍA QUÍMICA,R.M./1680/2016,PRESENCIAL,Grado
43,Universidad Tecnológica Nacional,INGENIERO CIVIL,INGENIERÍA CIVIL,R.M./57/2018,PRESENCIAL,Grado
43,Universidad Tecnológica Nacional,INGENIERO ELECTRICISTA,INGENIERÍA ELÉCTRICA,R.M./597/2017,PRESENCIAL,Grado
43,Universidad Tecnológica Nacional,INGENIERO ELECTRICISTA,INGENIERÍA ELÉCTRICA,R.M./652/2016,PRESENCIAL,Grado
43,Universidad Tecnológica Nacional,INGENIERO ELECTRICISTA,INGENIERÍA ELÉCTRICA,R.M./827/2017,PRESENCIAL,Grado
43,Universidad Tecnológica Nacional,INGENIERO ELECTRICISTA,INGENIERÍA ELÉCTRICA,R.M./889/2016,PRESENCIAL,Grado
43,Universidad Tecnológica Nacional,INGENIERO ELECTRICISTA,INGENIERÍA ELÉCTRICA,R.M./1316/2017,PRESENCIAL,Grado
43,Universidad Tecnológica Nacional,INGENIERO ELECTRICISTA,INGENIERÍA ELÉCTRICA,R.M./1886/2017,PRESENCIAL,Grado
43,Universidad Tecnológica Nacional,INGENIERO ELECTRICISTA,INGENIERÍA ELÉCTRICA,R.M./1423/1983 - R.M./2365/2015 - R.M./2993/2015 - R.M./3115/2015 - R.M./3111/2015 - R.M./499/2016,PRESENCIAL,Grado
43,Universidad Tecnológica Nacional,INGENIERO ELECTRICISTA,INGENIERÍA ELÉCTRICA,R.M./1724/2017,PRESENCIAL,Grado
43,Universidad Tecnológica Nacional,INGENIERO EN ALIMENTOS, ,R.M./107/2003,PRESENCIAL,Grado
43,Universidad Tecnológica Nacional,INGENIERO EN CONSTRUCCIONES, ,R.M./1423/1983,PRESENCIAL,Grado
43,Universidad Tecnológica Nacional,INGENIERO EN INDUSTRIA AUTOMOTRIZ,INGENIERÍA EN INDUSTRIA AUTOMOTRÍZ,R.M./1735/2011,PRESENCIAL,Grado
43,Universidad Tecnológica Nacional,INGENIERO EN SISTEMAS DE INFORMACIÓN,INGENIERÍA EN SISTEMAS DE INFORMACIÓN,R.M./126/2017,PRESENCIAL,Grado
43,Universidad Tecnológica Nacional,INGENIERO EN SISTEMAS DE INFORMACIÓN,INGENIERÍA EN SISTEMAS DE INFORMACIÓN,R.M./17/2017,PRESENCIAL,Grado
43,Universidad Tecnológica Nacional,INGENIERO EN SISTEMAS DE INFORMACIÓN,INGENIERÍA EN SISTEMAS DE INFORMACIÓN,R.M./1566/2015 - R.M./2939/2015 - R.M./2949/2015,PRESENCIAL,Grado
43,Universidad Tecnológica Nacional,INGENIERO EN SISTEMAS DE INFORMACIÓN,INGENIERÍA EN SISTEMAS DE INFORMACIÓN,R.M./1262/2017,PRESENCIAL,Grado
43,Universidad Tecnológica Nacional,INGENIERO EN SISTEMAS DE INFORMACIÓN,INGENIERÍA EN SISTEMAS DE INFORMACIÓN,R.M./21896/2017 - R.M./21/2017,PRESENCIAL,Grado
43,Universidad Tecnológica Nacional,INGENIERO EN SISTEMAS DE INFORMACIÓN,INGENIERÍA EN SISTEMAS DE INFORMACIÓN,R.M./1939/2017,PRESENCIAL,Grado
43,Universidad Tecnológica Nacional,INGENIERO EN VIAS DE COMUNICACIÓN, ,R.M.1732,PRESENCIAL,Grado
43,Universidad Tecnológica Nacional,INGENIERO FERROVIARIO,INGENIERÍA FERROVIARIA,R.M./586/2015,PRESENCIAL,Grado
43,Universidad Tecnológica Nacional,INGENIERO HIDRÁULICO, ,R.M./1732/1988,PRESENCIAL,Grado
43,Universidad Tecnológica Nacional,INGENIERO LABORAL, ,R.M./788/1987,PRESENCIAL,Grado
43,Universidad Tecnológica Nacional,INGENIERO MECÁNICO,INGENIERÍA MECÁNICA,R.M./327/2017,PRESENCIAL,Grado
43,Universidad Tecnológica Nacional,INGENIERO MECÁNICO,INGENIERÍA MECÁNICA,R.M./1423/1983 - R.M./1313/2015 - R.M./1950/2015 - R.M./2347/2015 - R.M./2803/2015 - R.M./2944/2015 - R.M./2932/2015 - R.M./2931/2015,PRESENCIAL,Grado
43,Universidad Tecnológica Nacional,INGENIERO MECÁNICO,INGENIERÍA MECÁNICA,R.M./204/2017,PRESENCIAL,Grado
43,Universidad Tecnológica Nacional,INGENIERO MECÁNICO,INGENIERÍA MECÁNICA,R.M./892/2016,PRESENCIAL,Grado
43,Universidad Tecnológica Nacional,INGENIERO MECÁNICO,INGENIERÍA MECÁNICA,R.M./307/2017,PRESENCIAL,Grado
43,Universidad Tecnológica Nacional,INGENIERO MECÁNICO,INGENIERÍA MECÁNICA,R.M./165/2017,PRESENCIAL,Grado
43,Universidad Tecnológica Nacional,INGENIERO MECÁNICO / INGENIERA MECÁNICA,INGENIERÍA MECÁNICA,D./1182/2025,PRESENCIAL,Grado
43,Universidad Tecnológica Nacional,INGENIERO MECÁNICO / INGENIERA MECÁNICA,INGENIERÍA MECÁNICA,D./1081/2025,PRESENCIAL,Grado
43,Universidad Tecnológica Nacional,INGENIERO NAVAL, ,R.M./1423/1983,PRESENCIAL,Grado
43,Universidad Tecnológica Nacional,INGENIERO PESQUERO, ,R.M./993/1997,PRESENCIAL,Grado
43,Universidad Tecnológica Nacional,INGENIERO TEXTIL, ,R.M./1423/1983,PRESENCIAL,Grado
43,Universidad Tecnológica Nacional,LICENCIADA/O EN CIENCIA DE DATOS,LICENCIATURA EN CIENCIA DE DATOS,D./485/2026,PRESENCIAL,Grado
43,Universidad Tecnológica Nacional,LICENCIADA/O EN INTELIGENCIA ARTIFICIAL,LICENCIATURA EN INTELIGENCIA ARTIFICIAL,D./454/2026,PRESENCIAL,Grado
43,Universidad Tecnológica Nacional,LICENCIADA/O EN SEGURIDAD INFORMÁTICA,LICENCIATURA EN SEGURIDAD INFORMÁTICA,D./464/2026,PRESENCIAL,Grado
43,Universidad Tecnológica Nacional,LICENCIADO/A EN ADMINISTRACIÓN DE EMPRESAS,LICENCIATURA EN ADMINISTRACIÓN DE EMPRESAS - CICLO DE COMPLEMENTACIÓN CURRICULAR,R.M./2335/2023,A DISTANCIA,Grado
43,Universidad Tecnológica Nacional,LICENCIADO/A EN ADMINISTRACIÓN DE EMPRESAS,LICENCIATURA EN ADMINISTRACIÓN DE EMPRESAS - CICLO DE COMPLEMENTACIÓN CURRICULAR,R.M./1129/2019 - R.M./66/2022,PRESENCIAL,Grado
43,Universidad Tecnológica Nacional,LICENCIADO/A EN ADMINISTRACIÓN DE EMPRESAS,LICENCIATURA EN ADMINISTRACIÓN DE EMPRESAS - CICLO DE COMPLEMENTACIÓN CURRICULAR,R.M./1118/2019 - R.M./2639/2021 - R.M./277/2021 - R.M./74/2022 - R.M./1902/2023 - R.M./2335/2023,PRESENCIAL,Grado
43,Universidad Tecnológica Nacional,LICENCIADO/A EN ADMINISTRACIÓN RURAL,LICENCIATURA EN ADMINISTRACIÓN RURAL,R.M./681/2021,PRESENCIAL,Grado
43,Universidad Tecnológica Nacional,LICENCIADO/A EN ADMINISTRACIÓN RURAL,LICENCIATURA EN ADMINISTRACIÓN RURAL,R.M./358/2021,PRESENCIAL,Grado
43,Universidad Tecnológica Nacional,LICENCIADO/A EN ADMINISTRACIÓN RURAL,LICENCIATURA EN ADMINISTRACIÓN RURAL,R.M./357/2021,PRESENCIAL,Grado
43,Universidad Tecnológica Nacional,LICENCIADO/A EN ADMINISTRACIÓN RURAL,LICENCIATURA EN ADMINISTRACIÓN RURAL,R.M./716/2021,PRESENCIAL,Grado
43,Universidad Tecnológica Nacional,LICENCIADO/A EN ADMINISTRACIÓN RURAL,LICENCIATURA EN ADMINISTRACIÓN RURAL,R.M./718/2021,PRESENCIAL,Grado
43,Universidad Tecnológica Nacional,LICENCIADO/A EN ADMINISTRACIÓN RURAL,LICENCIATURA EN ADMINISTRACIÓN RURAL,R.M./719/2021,PRESENCIAL,Grado
43,Universidad Tecnológica Nacional,LICENCIADO/A EN ADMINISTRACIÓN RURAL,LICENCIATURA EN ADMINISTRACIÓN RURAL,R.M./717/2021,PRESENCIAL,Grado
43,Universidad Tecnológica Nacional,LICENCIADO/A EN ADMINISTRACIÓN RURAL,LICENCIATURA EN ADMINISTRACIÓN RURAL,R.M./714/2021,PRESENCIAL,Grado
43,Universidad Tecnológica Nacional,LICENCIADO/A EN ADMINISTRACIÓN Y GESTIÓN EN INSTITUCIONES DE EDUCACIÓN SUPERIOR,LICENCIATURA EN ADMINISTRACIÓN Y GESTIÓN EN INSTITUCIONES DE EDUCACIÓN SUPERIOR,R.M./880/2017 - R.M./3889/2019 - R.M./596/2021 - R.M./512/2021 - R.M./584/2021 - R.M./1217/2021 - R.M./1674/2021,PRESENCIAL,Grado
43,Universidad Tecnológica Nacional,LICENCIADO/A EN AUTOMATIZACIÓN Y CONTROL,LICENCIATURA EN AUTOMATIZACIÓN Y CONTROL - CICLO DE COMPLEMENTACIÓN CURRICULAR,R.M./953/2020 - R.M./1146/2022,PRESENCIAL,Grado
43,Universidad Tecnológica Nacional,LICENCIADO/A EN CIENCIAS APLICADAS,LICENCIATURA EN CIENCIAS APLICADAS - CICLO DE COMPLEMENTACIÓN CURRICULAR,R.M./1341/2019,PRESENCIAL,Grado
43,Universidad Tecnológica Nacional,LICENCIADO/A EN CIENCIAS APLICADAS,LICENCIATURA EN CIENCIAS APLICADAS - CICLO DE COMPLEMENTACIÓN CURRICULAR,R.M./1317/2019,PRESENCIAL,Grado
43,Universidad Tecnológica Nacional,LICENCIADO/A EN CIENCIAS APLICADAS,LICENCIATURA EN CIENCIAS APLICADAS - CICLO DE COMPLEMENTACIÓN CURRICULAR,R.M./1286/2019,PRESENCIAL,Grado
43,Universidad Tecnológica Nacional,LICENCIADO/A EN CIENCIAS APLICADAS,LICENCIATURA EN CIENCIAS APLICADAS - CICLO DE COMPLEMENTACIÓN CURRICULAR,R.M./1307/2019,PRESENCIAL,Grado
43,Universidad Tecnológica Nacional,LICENCIADO/A EN CIENCIAS APLICADAS,LICENCIATURA EN CIENCIAS APLICADAS - CICLO DE COMPLEMENTACIÓN CURRICULAR,R.M./1321/2019,PRESENCIAL,Grado
43,Universidad Tecnológica Nacional,LICENCIADO/A EN CIENCIAS APLICADAS,LICENCIATURA EN CIENCIAS APLICADAS - CICLO DE COMPLEMENTACIÓN CURRICULAR,R.M./799/2020,PRESENCIAL,Grado
43,Universidad Tecnológica Nacional,LICENCIADO/A EN CIENCIAS APLICADAS,LICENCIATURA EN CIENCIAS APLICADAS - CICLO DE COMPLEMENTACIÓN CURRICULAR,R.M./1472/2019,PRESENCIAL,Grado
43,Universidad Tecnológica Nacional,LICENCIADO/A EN CIENCIAS APLICADAS,LICENCIATURA EN CIENCIAS APLICADAS - CICLO DE COMPLEMENTACIÓN CURRICULAR,R.M./1296/2019,PRESENCIAL,Grado
43,Universidad Tecnológica Nacional,LICENCIADO/A EN CIENCIAS APLICADAS,LICENCIATURA EN CIENCIAS APLICADAS - CICLO DE COMPLEMENTACIÓN CURRICULAR,R.M./502/2021,PRESENCIAL,Grado
43,Universidad Tecnológica Nacional,LICENCIADO/A EN CIENCIAS APLICADAS,LICENCIATURA EN CIENCIAS APLICADAS - CICLO DE COMPLEMENTACIÓN CURRICULAR,R.M./1606/2019,PRESENCIAL,Grado
43,Universidad Tecnológica Nacional,LICENCIADO/A EN COMERCIALIZACIÓN,LICENCIATURA EN COMERCIALIZACIÓN - CICLO DE COMPLEMENTACIÓN CURRICULAR,R.M./760/2020,PRESENCIAL,Grado
43,Universidad Tecnológica Nacional,LICENCIADO/A EN COMERCIO ELECTRÓNICO,LICENCIATURA EN COMERCIO ELECTRÓNICO - CICLO DE COMPLEMENTACIÓN CURRICULAR -,R.M./2412/2019 - R.M./966/2020,PRESENCIAL,Grado
43,Universidad Tecnológica Nacional,LICENCIADO/A EN DISEÑO Y COMUNICACIÓN,INGENIERÍA ELECTRÓNICA,R.M./1668/2023,PRESENCIAL,Grado
43,Universidad Tecnológica Nacional,LICENCIADO/A EN EDUCACIÓN FÍSICA, ,R.M./252/2004,PRESENCIAL,Grado
43,Universidad Tecnológica Nacional,LICENCIADO/A EN ENOLOGÍA,LICENCIATURA EN ENOLOGÍA -CICLO DE COMPLEMENTACIÓN CURRICULAR-,R.M./531/2013 - R.M./364/2021,PRESENCIAL,Grado
43,Universidad Tecnológica Nacional,LICENCIADO/A EN ENSEÑANZA DE LA FÍSICA,LICENCIATURA EN ENSEÑANZA DE LA FÍSICA - CICLO DE COMPLEMENTACIÓN CURRICULAR,R.M./809/2020,PRESENCIAL,Grado
43,Universidad Tecnológica Nacional,LICENCIADO/A EN ENSEÑANZA DE LA FÍSICA,LICENCIATURA EN ENSEÑANZA DE LA FÍSICA - CICLO DE COMPLEMENTACIÓN CURRICULAR,R.M./674/2020,PRESENCIAL,Grado
43,Universidad Tecnológica Nacional,LICENCIADO/A EN ENSEÑANZA DE LA FÍSICA,LICENCIATURA EN ENSEÑANZA DE LA FÍSICA - CICLO DE COMPLEMENTACIÓN CURRICULAR,R.M./591/2020,PRESENCIAL,Grado
43,Universidad Tecnológica Nacional,LICENCIADO/A EN ENSEÑANZA DE LA MATEMÁTICA,LICENCIATURA EN ENSEÑANZA DE LA MATEMÁTICA - CICLO DE COMPLEMENTACIÓN CURRICULAR,R.M./610/2020,PRESENCIAL,Grado
43,Universidad Tecnológica Nacional,LICENCIADO/A EN ENSEÑANZA DE LA MATEMÁTICA, ,R.M./1418/2006,PRESENCIAL,Grado
43,Universidad Tecnológica Nacional,LICENCIADO/A EN ENSEÑANZA DE LA MATEMÁTICA,LICENCIATURA EN ENSEÑANZA DE LA MATEMÁTICA - CICLO DE COMPLEMENTACIÓN CURRICULAR,R.M./214/2020,PRESENCIAL,Grado
43,Universidad Tecnológica Nacional,LICENCIADO/A EN ENSEÑANZA DE LA MATEMÁTICA,LICENCIATURA EN ENSEÑANZA DE LA MATEMÁTICA - CICLO DE COMPLEMENTACIÓN CURRICULAR,R.M./605/2020,PRESENCIAL,Grado
43,Universidad Tecnológica Nacional,LICENCIADO/A EN ENSEÑANZA DE LA MATEMÁTICA,LICENCIATURA EN ENSEÑANZA DE LA MATEMÁTICA - CICLO DE COMPLEMENTACIÓN CURRICULAR,R.M./232/2020 - R.M./1739/2021 - R.M./3283/2021 - R.M./3354/2021,PRESENCIAL,Grado
43,Universidad Tecnológica Nacional,LICENCIADO/A EN ENSEÑANZA DE LA MATEMÁTICA,LICENCIATURA EN ENSEÑANZA DE LA MATEMÁTICA - CICLO DE COMPLEMENTACIÓN CURRICULAR,R.M./448/2020,PRESENCIAL,Grado
43,Universidad Tecnológica Nacional,LICENCIADO/A EN ENSEÑANZA DE LA MATEMÁTICA,LICENCIATURA EN ENSEÑANZA DE LA MATEMÁTICA - CICLO DE COMPLEMENTACIÓN CURRICULAR,R.M./601/2020,PRESENCIAL,Grado
43,Universidad Tecnológica Nacional,LICENCIADO/A EN ENSEÑANZA DE LA QUÍMICA,LICENCIATURA EN ENSEÑANZA DE LA QUÍMICA - CICLO DE COMPLEMENTACIÓN CURRICULAR,R.M./639/2020,PRESENCIAL,Grado
43,Universidad Tecnológica Nacional,LICENCIADO/A EN GESTIÓN AMBIENTAL,LICENCIATURA EN GESTIÓN AMBIENTAL - CICLO DE COMPLEMENTACIÓN CURRICULAR,R.M./2014/2021 - R.M./98/2025,PRESENCIAL,Grado
43,Universidad Tecnológica Nacional,LICENCIADO/A EN GESTIÓN DE LA TECNOLOGÍA INFORMÁTICA APLICADA A LA INDUSTRIA,LICENCIATURA EN GESTIÓN DE LA TECNOLOGÍA INFORMÁTICA APLICADA A LA INDUSTRIA,D./1321/2025,PRESENCIAL,Grado
43,Universidad Tecnológica Nacional,LICENCIADO/A EN GESTIÓN DE LOS PROCESOS QUÍMICOS,LICENCIATURA EN GESTION DE LOS PROCESOS QUÍMICOS,D./534/2026,PRESENCIAL,Grado
43,Universidad Tecnológica Nacional,LICENCIADO/A EN GESTIÓN SUSTENTABLE DE LAS AGROCADENAS,LICENCIATURA EN GESTIÓN SUSTENTABLE DE LAS AGROCADENAS -CICLO DE COMPLEMENTACIÓN CURRICULAR-,R.M./1480/2016 - R.M./908/2021 - R.M./684/2021,PRESENCIAL,Grado
43,Universidad Tecnológica Nacional,LICENCIADO/A EN HIGIENE Y SEGURIDAD EN EL TRABAJO,LICENCIATURA EN HIGIENE Y SEGURIDAD EN EL TRABAJO- CICLO DE COMPLEMENTACIÓN CURRICULAR,R.M./2774/2023 - R.M./963/2024,PRESENCIAL,Grado
43,Universidad Tecnológica Nacional,LICENCIADO/A EN HIGIENE Y SEGURIDAD EN EL TRABAJO,LICENCIATURA EN HIGIENE Y SEGURIDAD EN EL TRABAJO - CICLO DE COMPLEMENTACIÓN CURRICULAR,R.M./1821/2020,PRESENCIAL,Grado
43,Universidad Tecnológica Nacional,LICENCIADO/A EN HIGIENE Y SEGURIDAD EN EL TRABAJO,LICENCIATURA EN HIGIENE Y SEGURIDAD EN EL TRABAJO - CICLO DE COMPLEMENTACIÓN CURRICULAR,R.M./3866/2019,PRESENCIAL,Grado
43,Universidad Tecnológica Nacional,LICENCIADO/A EN HIGIENE Y SEGURIDAD EN EL TRABAJO,LICENCIATURA EN HIGIENE Y SEGURIDAD EN EL TRABAJO- CICLO DE COMPLEMENTACIÓN CURRICULAR,R.M./849/2020,PRESENCIAL,Grado
43,Universidad Tecnológica Nacional,LICENCIADO/A EN HIGIENE Y SEGURIDAD EN EL TRABAJO,LICENCIATURA EN HIGIENE Y SEGURIDAD EN EL TRABAJO - CICLO DE COMPLEMENTACIÓN CURRICULAR,R.M./3945/2019,PRESENCIAL,Grado
43,Universidad Tecnológica Nacional,LICENCIADO/A EN HIGIENE Y SEGURIDAD EN EL TRABAJO,LICENCIATURA EN HIGIENE Y SEGURIDAD EN EL TRABAJO - CICLO DE COMPLEMENTACIÓN CURRICULAR,R.M./3777/2019,PRESENCIAL,Grado
43,Universidad Tecnológica Nacional,LICENCIADO/A EN HIGIENE Y SEGURIDAD EN EL TRABAJO,LICENCIATURA EN HIGIENE Y SEGURIDAD EN EL TRABAJO - CICLO DE COMPLEMENTACIÓN CURRICULAR,R.M./394/2020,PRESENCIAL,Grado
43,Universidad Tecnológica Nacional,LICENCIADO/A EN HIGIENE Y SEGURIDAD EN EL TRABAJO,LICENCIATURA EN HIGIENE Y SEGURIDAD EN EL TRABAJO - CICLO DE COMPLEMENTACIÓN CURRICULAR,R.M./3721/2019,PRESENCIAL,Grado
43,Universidad Tecnológica Nacional,LICENCIADO/A EN HIGIENE Y SEGURIDAD EN EL TRABAJO,LICENCIATURA EN HIGIENE Y SEGURIDAD EN EL TRABAJO - CICLO DE COMPLEMENTACIÓN CURRICULAR,R.M./3722/2019,PRESENCIAL,Grado
43,Universidad Tecnológica Nacional,LICENCIADO/A EN HIGIENE Y SEGURIDAD EN EL TRABAJO,LICENCIATURA EN HIGIENE Y SEGURIDAD EN EL TRABAJO - CICLO DE COMPLEMENTACIÓN CURRICULAR,R.M./3999/2019,PRESENCIAL,Grado
43,Universidad Tecnológica Nacional,LICENCIADO/A EN HIGIENE Y SEGURIDAD EN EL TRABAJO,LICENCIATURA EN HIGIENE Y SEGURIDAD EN EL TRABAJO - CICLO DE COMPLEMENTACIÓN CURRICULAR,R.M./1051/2020,PRESENCIAL,Grado
43,Universidad Tecnológica Nacional,LICENCIADO/A EN HIGIENE Y SEGURIDAD EN EL TRABAJO,LICENCIATURA EN HIGIENE Y SEGURIDAD EN EL TRABAJO - CICLO DE COMPLEMENTACIÓN CURRICULAR,R.M./691/2020 - R.M./883/2021 - R.M./2102/2022 - R.M./878/2024 - D./203/2026,PRESENCIAL,Grado
43,Universidad Tecnológica Nacional,LICENCIADO/A EN HIGIENE Y SEGURIDAD EN EL TRABAJO,LICENCIATURA EN HIGIENE Y SEGURIDAD EN EL TRABAJO - CICLO DE COMPLEMENTACIÓN CURRICULAR,R.M./924/2020,PRESENCIAL,Grado
43,Universidad Tecnológica Nacional,LICENCIADO/A EN LENGUA INGLESA,LICENCIATURA EN LENGUA INGLESA - CICLO DE COMPLEMENTACIÓN CURRICULAR,R.M./396/2020,PRESENCIAL,Grado
43,Universidad Tecnológica Nacional,LICENCIADO/A EN LENGUA INGLESA,LICENCIATURA EN LENGUA INGLESA - CICLO DE COMPLEMENTACIÓN CURRICULAR,R.M./500/2020,PRESENCIAL,Grado
43,Universidad Tecnológica Nacional,LICENCIADO/A EN LENGUA INGLESA,LICENCIATURA EN LENGUA INGLESA - CICLO DE COMPLEMENTACIÓN CURRICULAR,R.M./456/2020,PRESENCIAL,Grado
43,Universidad Tecnológica Nacional,LICENCIADO/A EN LENGUA INGLESA,LICENCIATURA EN LENGUA INGLESA - CICLO DE COMPLEMENTACIÓN CURRICULAR,R.M./840/2020,PRESENCIAL,Grado
43,Universidad Tecnológica Nacional,LICENCIADO/A EN LENGUA INGLESA,LICENCIATURA EN LENGUA INGLESA - CICLO DE COMPLEMENTACIÓN CURRICULAR,R.M./511/2020,PRESENCIAL,Grado
43,Universidad Tecnológica Nacional,LICENCIADO/A EN LOGÍSTICA,LICENCIATURA EN LOGÍSTICA - CICLO DE COMPLEMENTACIÓN CURRICULAR,R.M./666/2020 - R.M./2302/2022 - R.M./2301/2022 - R.M./3243/2022 - R.M./1148/2024 - D./234/2024 - D./144/2025 - D./171/2025,PRESENCIAL,Grado
43,Universidad Tecnológica Nacional,LICENCIADO/A EN ORGANIZACIÓN INDUSTRIAL,LICENCIATURA EN ORGANIZACIÓN INDUSTRIAL,R.M./922/2020,PRESENCIAL,Grado
43,Universidad Tecnológica Nacional,LICENCIADO/A EN ORGANIZACIÓN INDUSTRIAL,LICENCIATURA EN ORGANIZACIÓN INDUSTRIAL,R.M./973/2020,PRESENCIAL,Grado
43,Universidad Tecnológica Nacional,LICENCIADO/A EN ORGANIZACIÓN INDUSTRIAL,LICENCIATURA EN ORGANIZACIÓN INDUSTRIAL,R.M./520/2020,PRESENCIAL,Grado
43,Universidad Tecnológica Nacional,LICENCIADO/A EN ORGANIZACIÓN INDUSTRIAL,LICENCIATURA EN ORGANIZACIÓN INDUSTRIAL,R.M./972/2020,PRESENCIAL,Grado
43,Universidad Tecnológica Nacional,LICENCIADO/A EN ORGANIZACIÓN INDUSTRIAL,LICENCIATURA EN ORGANIZACIÓN INDUSTRIAL,R.M./926/2020,PRESENCIAL,Grado
43,Universidad Tecnológica Nacional,LICENCIADO/A EN ORGANIZACIÓN INDUSTRIAL,LICENCIATURA EN ORGANIZACIÓN INDUSTRIAL,R.M./971/2020,PRESENCIAL,Grado
43,Universidad Tecnológica Nacional,LICENCIADO/A EN ORGANIZACIÓN INDUSTRIAL,LICENCIATURA EN ORGANIZACIÓN INDUSTRIAL,R.M./970/2020,PRESENCIAL,Grado
43,Universidad Tecnológica Nacional,LICENCIADO/A EN ORGANIZACIÓN INDUSTRIAL,LICENCIATURA EN ORGANIZACIÓN INDUSTRIAL,R.M./524/2020,PRESENCIAL,Grado
43,Universidad Tecnológica Nacional,LICENCIADO/A EN PRODUCCIÓN DE BIOIMÁGENES,LICENCIATURA EN PRODUCCIÓN DE BIOIMÁGENES - CICLO DE COMPLEMENTACIÓN CURRICULAR,R.M./698/2024,PRESENCIAL,Grado
43,Universidad Tecnológica Nacional,LICENCIADO/A EN PRODUCCIÓN DE BIOIMÁGENES,LICENCIATURA EN PRODUCCIÓN DE BIOIMÁGENES-CICLO DE COMPLEMENTACIÓN CURRICULAR,R.M./1947/2016 - R.M./565/2020 - R.M./843/2020 - R.M./931/2020 - R.M./359/2021 - R.M./368/2021 - R.M./1281/2021 - R.M./1275/2021 - R.M./1200/2021 - R.M./1222/2021 - R.M./2654/2021,PRESENCIAL,Grado
43,Universidad Tecnológica Nacional,LICENCIADO/A EN PRODUCCIÓN DE BIOIMÁGENES,LICENCIATURA EN PRODUCCIÓN DE BIOIMÁGENES - CICLO DE COMPLEMENTACIÓN CURRICULAR,D./550/2025,PRESENCIAL,Grado
43,Universidad Tecnológica Nacional,LICENCIADO/A EN TECNOLOGÍA EDUCATIVA,LICENCIATURA EN TECNOLOGÍA EDUCATIVA -CICLO DE COMPLEMENTACIÓN CURRICULAR-,D./253/2026,PRESENCIAL,Grado
43,Universidad Tecnológica Nacional,LICENCIADO/A EN TECNOLOGÍA EDUCATIVA,LICENCIATURA EN TECNOLOGÍA EDUCATIVA -CICLO DE COMPLEMENTACIÓN CURRICULAR-,R.M./1326/2021 - R.M./1853/2023,A DISTANCIA,Grado
43,Universidad Tecnológica Nacional,LICENCIADO/A EN TECNOLOGÍA EDUCATIVA,LICENCIATURA EN TECNOLOGÍA EDUCATIVA -CICLO DE COMPLEMENTACIÓN CURRICULAR-,R.M./171/2017 - R.M./2454/2019 - R.M./2876/2019 - R.M./2811/2019 - R.M./2679/2019 - R.M./2674/2019 - R.M./2787/2019 - R.M./2801/2019 - R.M./3825/2019 - R.M./191/2020 - R.M./203/2020 - R.M./429/2020 - R.M./823/2020 - R.M./1585/2020 - R.M./12/2021 - R.M./777/2021 - R.M./1219/2021 - R.M./3276/2021 - D./39/2025 - D./55/2025 - D./1038/2025 - D./1036/2025,PRESENCIAL,Grado
43,Universidad Tecnológica Nacional,LICENCIADO/A EN TECNOLOGÍAS INCLUSIVAS EN EDUCACIÓN,LICENCIATURA EN TECNOLOGÍAS INCLUSIVAS EN EDUCACIÓN - CICLO DE COMPLEMENTACIÓN CURRICULAR,R.M./804/2019 - R.M./1159/2023,PRESENCIAL,Grado
43,Universidad Tecnológica Nacional,LICENCIADO EN ADMINISTRACION DE EMPRESAS-CICLO DE LICENCIATURA, ,R.M./591/2004,PRESENCIAL,Grado
43,Universidad Tecnológica Nacional,LICENCIADO EN ADMINISTRACION RURAL, ,R.M./29/2003,PRESENCIAL,Grado
43,Universidad Tecnológica Nacional,LICENCIADO EN AUDITORIA Y GESTION AMBIENTAL -CICLO DE LICENCIATURA, ,R.M.1072/03,PRESENCIAL,Grado
43,Universidad Tecnológica Nacional,LICENCIADO EN CIENCIAS APLICADAS -CICLO DE LICENCIATURA, ,R.M./1064/2001,PRESENCIAL,Grado
43,Universidad Tecnológica Nacional,LICENCIADO EN COMERCIALIZACIÓN, ,R.M./479/2008,PRESENCIAL,Grado
43,Universidad Tecnológica Nacional,LICENCIADO EN DESARROLLO DE LAS ECONOMIAS REGIONALES -CICLO DE LICENCIATURA, ,R.M./4/2004,PRESENCIAL,Grado
43,Universidad Tecnológica Nacional,LICENCIADO EN ENSEÑANZA DE CIENCIAS DEL AMBIENTE -CICLO DE LICENCIATURA, ,R.M./224/2010,PRESENCIAL,Grado
43,Universidad Tecnológica Nacional,LICENCIADO EN ENSEÑANZA DE LA FISICA -CICLO DE LICENCIATURA, ,R.M./924/2004,PRESENCIAL,Grado
43,Universidad Tecnológica Nacional,LICENCIADO EN ENSEÑANZA DE LA QUIMICA - CICLO DE LICENCIATURA, ,R.M./599/2005,PRESENCIAL,Grado
43,Universidad Tecnológica Nacional,LICENCIADO EN GESTION DE EMPRESAS TURISTICAS -CICLO DE LICENCIATURA, ,R.M./1809/2006,PRESENCIAL,Grado
43,Universidad Tecnológica Nacional,LICENCIADO EN GESTIÓN DE EMPRESAS TURÍSTICAS Y HOTELERAS,LICENCIATURA EN GESTIÓN DE EMPRESAS TURÍSTICAS Y HOTELERAS - CICLO DE COMPLEMENTACIÓN CURRICULAR-,R.M./2152/2016 - R.M./2362/2021 - D./335/2025,A DISTANCIA,Grado
43,Universidad Tecnológica Nacional,LICENCIADO EN GESTION DE LA PRODUCCION GRAFICA -CICLO DE LICENCIATURA, ,R.M./874/2004,PRESENCIAL,Grado
43,Universidad Tecnológica Nacional,LICENCIADO EN GESTION DE NEGOCIOS AGROALIMENTARIOS -CICLO DE LICENCIATURA, ,R.M./918/2004,PRESENCIAL,Grado
43,Universidad Tecnológica Nacional,LICENCIADO EN HIGIENE Y SEGURIDAD EN EL TRABAJO,LICENCIATURA EN HIGIENE Y SEGURIDAD EN EL TRABAJO -CICLO DE LICENCIATURA-,R.M./250/2004,PRESENCIAL,Grado
43,Universidad Tecnológica Nacional,LICENCIADO EN INFORMATICA -CICLO DE LICENCIATURA, ,R.M./1020/2003 - R.M./2976/2015,PRESENCIAL,Grado
43,Universidad Tecnológica Nacional,LICENCIADO EN LENGUA INGLESA -CICLO DE LICENCIATURA, ,R.M./251/2004,PRESENCIAL,Grado
43,Universidad Tecnológica Nacional,LICENCIADO EN ORGANIZACIÓN INDUSTRIAL, ,R.M./3133/1994,PRESENCIAL,Grado
43,Universidad Tecnológica Nacional,LICENCIADO EN SISTEMAS DE INFORMACIÓN, ,R.M./776/2004 - R.M./2976/2015,PRESENCIAL,Grado
43,Universidad Tecnológica Nacional,LICENCIADO EN TECNOLOGIA APLICADA A LA SEGURIDAD -CICLO DE LICENCIATURA,LICENCIATURA EN TECNOLOGÍA APLICADA A LA SEGURIDAD -CICLO-,R.M./693/2013,PRESENCIAL,Grado
43,Universidad Tecnológica Nacional,LICENCIADO EN TECNOLOGIA EDUCATIVA -CICLO DE LICENCIATURA, ,R.M./470/2003,A DISTANCIA,Grado
43,Universidad Tecnológica Nacional,LICENCIADO EN TECNOLOGIA EDUCATIVA -CICLO DE LICENCIATURA, ,R.M./1054/2001,PRESENCIAL,Grado
43,Universidad Tecnológica Nacional,LICENCIADO EN TECNOLOGÍA MÉDICA, ,R.M./872/2004,PRESENCIAL,Grado
43,Universidad Tecnológica Nacional,MAGÍSTER EN ADMINISTRACIÓN DE NEGOCIOS,MAESTRIA EN ADMINISTRACIÓN DE NEGOCIOS,R.M./4591/2017,PRESENCIAL,Posgrado
43,Universidad Tecnológica Nacional,MAGÍSTER EN ADMINISTRACIÓN DE NEGOCIOS,MAESTRÍA EN ADMINISTRACIÓN DE NEGOCIOS (UTN/EAH),R.M./3237/2022,PRESENCIAL,Posgrado
43,Universidad Tecnológica Nacional,MAGÍSTER EN ADMINISTRACIÓN DE NEGOCIOS,MAESTRÍA EN ADMINISTRACIÓN DE NEGOCIOS,R.M./2421/2021,PRESENCIAL,Posgrado
43,Universidad Tecnológica Nacional,MAGÍSTER EN ADMINISTRACIÓN DE NEGOCIOS,MAESTRÍA EN ADMINISTRACIÓN DE NEGOCIOS,R.M./3419/2022,PRESENCIAL,Posgrado
43,Universidad Tecnológica Nacional,MAGÍSTER EN ADMINISTRACIÓN DE NEGOCIOS,MAESTRÍA EN ADMINISTRACIÓN DE NEGOCIOS,R.M./2215/2021,PRESENCIAL,Posgrado
43,Universidad Tecnológica Nacional,MAGÍSTER EN ADMINISTRACIÓN DE NEGOCIOS,MAESTRÍA EN ADMINISTRACIÓN DE NEGOCIOS,R.M./983/2020,PRESENCIAL,Posgrado
43,Universidad Tecnológica Nacional,MAGÍSTER EN ADMINISTRACIÓN DE NEGOCIOS,MAESTRÍA EN ADMINISTRACIÓN DE NEGOCIOS,R.M./3747/2017,PRESENCIAL,Posgrado
43,Universidad Tecnológica Nacional,MAGÍSTER EN ADMINISTRACIÓN DE NEGOCIOS,MAESTRÍA EN ADMINISTRACIÓN DE NEGOCIOS,R.M./1479/2022,PRESENCIAL,Posgrado
43,Universidad Tecnológica Nacional,MAGÍSTER EN ADMINISTRACIÓN DE NEGOCIOS,MAESTRÍA EN ADMINISTRACIÓN DE NEGOCIOS,R.M./2232/2020,PRESENCIAL,Posgrado
43,Universidad Tecnológica Nacional,MAGÍSTER EN ADMINISTRACIÓN DE NEGOCIOS,MAESTRÍA EN ADMINISTRACIÓN DE NEGOCIOS,R.M./136/2013 - R.M./886/2017 - D./479/2025,PRESENCIAL,Posgrado
43,Universidad Tecnológica Nacional,MAGÍSTER EN ADMINISTRACIÓN DE NEGOCIOS,MAESTRÍA EN ADMINISTRACIÓN DE NEGOCIOS,D./832/2025,PRESENCIAL,Posgrado
43,Universidad Tecnológica Nacional,MAGÍSTER EN ADMINISTRACIÓN DE NEGOCIOS,MAESTRÍA EN ADMINISTRACIÓN DE NEGOCIOS,R.M./990/2021,PRESENCIAL,Posgrado
43,Universidad Tecnológica Nacional,MAGÍSTER EN ADMINISTRACIÓN DE NEGOCIOS,MAESTRIA EN ADMINISTRACIÓN DE NEGOCIOS,R.M./3046/2017,PRESENCIAL,Posgrado
43,Universidad Tecnológica Nacional,MAGÍSTER EN ADMINISTRACIÓN DE NEGOCIOS,MAESTRÍA EN ADMINISTRACIÓN DE NEGOCIOS,R.M./1359/2022,PRESENCIAL,Posgrado
43,Universidad Tecnológica Nacional,MAGÍSTER EN ADMINISTRACIÓN DE NEGOCIOS,MAESTRÍA EN ADMINISTRACIÓN DE NEGOCIOS,R.M./2837/2017,PRESENCIAL,Posgrado
43,Universidad Tecnológica Nacional,MAGÍSTER EN ADMINISTRACIÓN DE NEGOCIOS,MAESTRÍA EN ADMINISTRACIÓN DE NEGOCIOS,R.M./46/2025,PRESENCIAL,Posgrado
43,Universidad Tecnológica Nacional,MAGÍSTER EN ADMINISTRACIÓN DE NEGOCIOS,MAESTRÍA EN ADMINISTRACIÓN DE NEGOCIOS,R.M./1491/2017,PRESENCIAL,Posgrado
43,Universidad Tecnológica Nacional,MAGÍSTER EN ADMINISTRACIÓN DE NEGOCIOS,MAESTRÍA EN ADMINISTRACIÓN DE NEGOCIOS,R.M./2113/2018,PRESENCIAL,Posgrado
43,Universidad Tecnológica Nacional,MAGÍSTER EN ADMINISTRACIÓN DE NEGOCIOS,MAESTRÍA EN ADMINISTRACIÓN DE NEGOCIOS,D./445/2025,PRESENCIAL,Posgrado
43,Universidad Tecnológica Nacional,MAGÍSTER EN ADMINISTRACIÓN DE NEGOCIOS,MAESTRÍA EN ADMINISTRACIÓN DE NEGOCIOS,R.M./3618/2017,PRESENCIAL,Posgrado
43,Universidad Tecnológica Nacional,MAGÍSTER EN ADMINISTRACIÓN DE NEGOCIOS,MAESTRÍA EN ADMINISTRACIÓN DE NEGOCIOS,R.M./2419/2021,PRESENCIAL,Posgrado
43,Universidad Tecnológica Nacional,MAGÍSTER EN ADMINISTRACIÓN DE NEGOCIOS,MAESTRÍA EN ADMINISTRACIÓN DE NEGOCIOS,D./447/2025,PRESENCIAL,Posgrado
43,Universidad Tecnológica Nacional,MAGÍSTER EN ADMINISTRACIÓN DE NEGOCIOS,MAESTRÍA EN ADMINISTRACIÓN DE NEGOCIOS,R.M./745/2017,PRESENCIAL,Posgrado
43,Universidad Tecnológica Nacional,MAGÍSTER EN ADMINISTRACIÓN DE NEGOCIOS,MAESTRÍA EN ADMINISTRACIÓN DE NEGOCIOS,R.M./2295/2021,PRESENCIAL,Posgrado
43,Universidad Tecnológica Nacional,MAGÍSTER EN ADMINISTRACIÓN DE NEGOCIOS,MAESTRÍA EN ADMINISTRACIÓN DE NEGOCIOS,R.M./3619/2017,PRESENCIAL,Posgrado
43,Universidad Tecnológica Nacional,MAGÍSTER EN ADMINISTRACIÓN DE NEGOCIOS,MAESTRÍA EN ADMINISTRACIÓN DE NEGOCIOS,R.M./963/2017,PRESENCIAL,Posgrado
43,Universidad Tecnológica Nacional,MAGÍSTER EN ADMINISTRACIÓN DE NEGOCIOS,MAESTRÍA EN ADMINISTRACIÓN DE NEGOCIOS,R.M./2298/2021,PRESENCIAL,Posgrado
43,Universidad Tecnológica Nacional,MAGÍSTER EN CIENCIAS DE LA COMPUTACIÓN CON ORIENTACIÓN BASES DE DATOS,MAESTRÍA EN CIENCIAS DE LA COMPUTACIÓN CON ORIENTACIÓN BASES DE DATOS,R.M./2087/2016,PRESENCIAL,Posgrado
43,Universidad Tecnológica Nacional,MAGÍSTER EN CIENCIAS DE LA COMPUTACIÓN CON ORIENTACIÓN EN BASE DE DATOS,MAESTRÍA EN CIENCIAS DE LA COMPUTACIÓN CON ORIENTACIÓN EN BASE DE DATOS,R.M./3862/2019,PRESENCIAL,Posgrado
43,Universidad Tecnológica Nacional,MAGÍSTER EN DESARROLLO SUSTENTABLE DEL HÁBITAT HUMANO,MAESTRÍA EN DESARROLLO SUSTENTABLE DEL HÁBITAT HUMANO,R.M./1965/2017,PRESENCIAL,Posgrado
43,Universidad Tecnológica Nacional,MAGÍSTER EN DESARROLLO SUSTENTABLE DEL HÁBITAT HUMANO,MAESTRÍA EN DESARROLLO SUSTENTABLE DEL HÁBITAT HUMANO,R.M./47/2018,PRESENCIAL,Posgrado
43,Universidad Tecnológica Nacional,MAGÍSTER EN DESARROLLO TERRITORIAL,MAESTRÍA EN DESARROLLO TERRITORIAL,R.M./4001/2017,PRESENCIAL,Posgrado
43,Universidad Tecnológica Nacional,MAGÍSTER EN DESARROLLO TERRITORIAL,MAESTRÍA EN DESARROLLO TERRITORIAL,R.M./670/2021,PRESENCIAL,Posgrado
43,Universidad Tecnológica Nacional,MAGÍSTER EN DESARROLLO TERRITORIAL,MAESTRÍA EN DESARROLLO TERRITORIAL,R.M./4621/2017,PRESENCIAL,Posgrado
43,Universidad Tecnológica Nacional,MAGÍSTER EN DESARROLLO TERRITORIAL,MAESTRÍA EN DESARROLLO TERRITORIAL,R.M./2294/2021 - R.M./184/2024 - D./945/2025,PRESENCIAL,Posgrado
43,Universidad Tecnológica Nacional,MAGÍSTER EN DESARROLLO TERRITORIAL,MAESTRÍA EN DESARROLLO TERRITORIAL,R.M./4129/2017,PRESENCIAL,Posgrado
43,Universidad Tecnológica Nacional,MAGISTER EN DOCENCIA UNIVERSITARIA,MAESTRÍA EN DOCENCIA UNIVERSITARIA,R.M./667/2017,PRESENCIAL,Posgrado
43,Universidad Tecnológica Nacional,MAGISTER EN DOCENCIA UNIVERSITARIA,MAESTRÍA EN DOCENCIA UNIVERSITARIA,R.M./2082/2019,PRESENCIAL,Posgrado
43,Universidad Tecnológica Nacional,MAGISTER EN DOCENCIA UNIVERSITARIA,MAESTRÍA EN DOCENCIA UNIVERSITARIA,R.M./1704/2004 - R.M./568/2016 - R.M./678/2013,PRESENCIAL,Posgrado
43,Universidad Tecnológica Nacional,MAGISTER EN DOCENCIA UNIVERSITARIA,MAESTRÍA EN DOCENCIA UNIVERSITARIA,R.M./3804/2021,PRESENCIAL,Posgrado
43,Universidad Tecnológica Nacional,MAGISTER EN DOCENCIA UNIVERSITARIA,MAESTRÍA EN DOCENCIA UNIVERSITARIA,R.M./1325/2023,PRESENCIAL,Posgrado
43,Universidad Tecnológica Nacional,MAGISTER EN DOCENCIA UNIVERSITARIA,MAESTRÍA EN DOCENCIA UNIVERSITARIA,R.M./439/2023 - D./300/2025,PRESENCIAL,Posgrado
43,Universidad Tecnológica Nacional,MAGISTER EN DOCENCIA UNIVERSITARIA,MAESTRÍA EN DOCENCIA UNIVERSITARIA,D./539/2026,PRESENCIAL,Posgrado
43,Universidad Tecnológica Nacional,MAGISTER EN DOCENCIA UNIVERSITARIA,MAESTRÍA EN DOCENCIA UNIVERSITARIA,R.M./2506/2019,PRESENCIAL,Posgrado
43,Universidad Tecnológica Nacional,MAGISTER EN DOCENCIA UNIVERSITARIA,MAESTRÍA EN DOCENCIA UNIVERSITARIA,R.M./1259/2018,PRESENCIAL,Posgrado
43,Universidad Tecnológica Nacional,MAGISTER EN DOCENCIA UNIVERSITARIA,MAESTRÍA EN DOCENCIA UNIVERSITARIA,R.M./1817/2022,PRESENCIAL,Posgrado
43,Universidad Tecnológica Nacional,"MAGISTER EN ENERGÍA RENOVABLES MENCIÓN SOLAR, MENCIÓN EÓLICA Y MENCIÓN BIOMASA","MAESTRÍA EN ENERGÍAS RENOVABLES MENCIÓN SOLAR, MENCIÓN EÓLICA Y MENCIÓN BIOMASA",R.M./383/2019,PRESENCIAL,Posgrado
43,Universidad Tecnológica Nacional,"MAGISTER EN ENERGÍA RENOVABLES MENCIÓN SOLAR, MENCIÓN EÓLICA Y MENCIÓN BIOMASA","MAESTRÍA EN ENERGÍAS RENOVABLES MENCIÓN SOLAR, MENCIÓN EÓLICA Y MENCIÓN BIOMASA",R.M./1005/2019,PRESENCIAL,Posgrado
43,Universidad Tecnológica Nacional,"MAGISTER EN ENERGÍAS RENOVABLES, MENCIÓN BIOMASA","MAESTRÍA EN ENERGÍAS RENOVABLES, MENCIÓN BIOMASA",R.M./3933/2021,PRESENCIAL,Posgrado
43,Universidad Tecnológica Nacional,"MAGISTER EN ENERGÍAS RENOVABLES: MENCIÓN EÓLICA, MENCIÓN SOLAR Y MENCIÓN BIOMASA","MAESTRÍA EN ENERGÍAS RENOVABLES: MENCIÓN EÓLICA, MENCIÓN SOLAR Y MENCIÓN BIOMASA",R.M./1371/2015,PRESENCIAL,Posgrado
43,Universidad Tecnológica Nacional,"MAGÍSTER EN ENERGÍAS RENOVABLES. MENCIÓN EÓLICA, MENCIÓN SOLAR Y MENCIÓN BIOMASA","MAESTRÍA EN ENERGÍAS RENOVABLES. MENCIÓN EÓLICA, MENCIÓN SOLAR Y MENCIÓN BIOMASA",D./210/2026,PRESENCIAL,Posgrado
43,Universidad Tecnológica Nacional,MAGISTER EN ENERGÍAS RENOVABLES. MENCIÓN EÓLICA Y MENCIÓN SOLAR,"MAESTRÍA EN ENERGÍAS RENOVABLES, MENCIÓN EÓLICA Y MENCIÓN SOLAR",D./549/2026,PRESENCIAL,Posgrado
43,Universidad Tecnológica Nacional,MAGISTER EN ENERGÍAS RENOVABLES. MENCIÓN EÓLICA Y MENCIÓN SOLAR,"MAESTRÍA EN ENERGÍAS RENOVABLES. MENCIÓN EÓLICA, MENCIÓN SOLAR Y MENCIÓN BIOMASA",R.M./2985/2022 - D./75/2025,PRESENCIAL,Posgrado
43,Universidad Tecnológica Nacional,"MAGÍSTER EN ENERGÍAS RENOVABLES, MENCIÓN SOLAR","MAESTRÍA EN ENERGÍAS RENOVABLES, MENCIÓN SOLAR",R.M./2722/2021 - R.M./336/2026,PRESENCIAL,Posgrado
43,Universidad Tecnológica Nacional,"MAGÍSTER EN ENERGÍAS RENOVABLES, MENCIÓN SOLAR","MAESTRÍA EN ENERGÍAS RENOVABLES, MENCIÓN SOLAR",R.M./4120/2021,PRESENCIAL,Posgrado
43,Universidad Tecnológica Nacional,"MAGISTER EN ENERGÍAS RENOVABLES MENCIÓN SOLAR, MENCIÓN EÓLICA Y MENCIÓN BIOMASA","MAESTRÍA EN ENERGÍAS RENOVABLES MENCIÓN SOLAR, MENCIÓN EÓLICA Y MENCIÓN BIOMASA",R.M./3309/2019,PRESENCIAL,Posgrado
43,Universidad Tecnológica Nacional,MAGISTER EN GESTIÓN DE RESIDUOS SÓLIDOS URBANOS,MAESTRÍA EN GESTIÓN DE RESIDUOS SÓLIDOS URBANOS,R.M./406/2020,PRESENCIAL,Posgrado
43,Universidad Tecnológica Nacional,"MAGISTER EN INFORMÁTICA INDUSTRIAL, CON MENCIÓN SISTEMAS FÍSICO-CIBERNÉTICOS INDUSTRIALES",MAESTRÍA EN INFORMÁTICA INDUSTRIAL CON MENCIÓN SISTEMAS FÍSICO-CIBERNÉTICOS INDUSTRIALES (UTN/EMDEN-LEER),R.M./2912/2019,PRESENCIAL,Posgrado
43,Universidad Tecnológica Nacional,"MAGISTER EN INFORMÁTICA INDUSTRIAL, CON MENCIÓN SISTEMAS FÍSICO-CIBERNÉTICOS INDUSTRIALES",MAESTRÍA EN INFORMÁTICA INDUSTRIAL CON MENCIÓN EN SISTEMAS FÍSICOS CIBERNÉTICOS INDUSTRIALES,R.M./134/2023,PRESENCIAL,Posgrado
43,Universidad Tecnológica Nacional,MAGISTER EN INFORMÁTICA INDUSTRIAL. MENCIÓN SISTEMAS FÍSICO-CIBERNÉTICOS INDUSTRIALES,MAESTRÍA EN INFORMÁTICA INDUSTRIAL. MENCIÓN SISTEMAS FÍSICO-CIBERNÉTICOS INDUSTRIALES (CUAA),D./551/2026,PRESENCIAL,Posgrado
43,Universidad Tecnológica Nacional,MAGISTER EN INGENIERIA ACUSTICA Y DE SONIDO, ,R.M.0020/04,PRESENCIAL,Posgrado
43,Universidad Tecnológica Nacional,MAGISTER EN INGENIERÍA AMBIENTAL,MAESTRÍA EN INGENIERÍA AMBIENTAL,R.M./4265/2017,PRESENCIAL,Posgrado
43,Universidad Tecnológica Nacional,MAGISTER EN INGENIERÍA AMBIENTAL,MAESTRÍA EN INGENIERÍA AMBIENTAL,R.M./864/2018,PRESENCIAL,Posgrado
43,Universidad Tecnológica Nacional,MAGISTER EN INGENIERÍA AMBIENTAL,MAESTRÍA EN INGENIERÍA AMBIENTAL,R.M./2860/2017,PRESENCIAL,Posgrado
43,Universidad Tecnológica Nacional,MAGISTER EN INGENIERÍA AMBIENTAL,MAESTRÍA EN INGENIERÍA AMBIENTAL,R.M./3452/2022,PRESENCIAL,Posgrado
43,Universidad Tecnológica Nacional,MAGISTER EN INGENIERÍA AMBIENTAL,MAESTRÍA EN INGENIERÍA AMBIENTAL,R.M./680/2020,PRESENCIAL,Posgrado
43,Universidad Tecnológica Nacional,MAGISTER EN INGENIERÍA AMBIENTAL,MAESTRÍA EN INGENIERÍA AMBIENTAL,R.M.1463/98 - R.M.0182/04 - R.M.0154/08 - R.M./0336/2014 - R.M./1040(FAC.REG.LA PLATA)/2014 - R.M./1697/2014 - R.M./96/2015 - R.M./1316/2015 - R.M./2529/2015 - R.M./1040/2014,PRESENCIAL,Posgrado
43,Universidad Tecnológica Nacional,MAGISTER EN INGENIERÍA AMBIENTAL,MAESTRÍA EN INGENIERÍA AMBIENTAL,R.M./1342/2017,PRESENCIAL,Posgrado
43,Universidad Tecnológica Nacional,MAGISTER EN INGENIERÍA AMBIENTAL,MAESTRÍA EN INGENIERÍA AMBIENTAL,R.M./3088/2017,PRESENCIAL,Posgrado
43,Universidad Tecnológica Nacional,MAGISTER EN INGENIERÍA AMBIENTAL,MAESTRÍA EN INGENIERÍA AMBIENTAL,R.M./442/2022,PRESENCIAL,Posgrado
43,Universidad Tecnológica Nacional,MAGISTER EN INGENIERÍA AMBIENTAL,MAESTRÍA EN INGENIERÍA AMBIENTAL,R.M./2716/2019,PRESENCIAL,Posgrado
43,Universidad Tecnológica Nacional,MAGISTER EN INGENIERÍA AMBIENTAL,MAESTRÍA EN INGENIERÍA AMBIENTAL,R.M./315/2022,PRESENCIAL,Posgrado
43,Universidad Tecnológica Nacional,MAGISTER EN INGENIERÍA AMBIENTAL,MAESTRÍA EN INGENIERÍA AMBIENTAL,R.M./115/2022,PRESENCIAL,Posgrado
43,Universidad Tecnológica Nacional,MAGISTER EN INGENIERÍA AMBIENTAL,MAESTRÍA EN INGENIERÍA AMBIENTAL,R.M./3922/2017,PRESENCIAL,Posgrado
43,Universidad Tecnológica Nacional,MAGISTER EN INGENIERÍA AMBIENTAL,MAESTRÍA EN INGENIERÍA AMBIENTAL,R.M./999/2020,PRESENCIAL,Posgrado
43,Universidad Tecnológica Nacional,MAGISTER EN INGENIERÍA AMBIENTAL,MAESTRÍA EN INGENIERÍA AMBIENTAL,R.M./1878/2017,PRESENCIAL,Posgrado
43,Universidad Tecnológica Nacional,MAGISTER EN INGENIERÍA AMBIENTAL,MAESTRÍA EN INGENIERÍA AMBIENTAL,R.M./862/2020,PRESENCIAL,Posgrado
43,Universidad Tecnológica Nacional,MAGISTER EN INGENIERÍA AMBIENTAL,MAESTRÍA EN INGENIERÍA AMBIENTAL,R.M./2931/2017 - R.M./336/2014,PRESENCIAL,Posgrado
43,Universidad Tecnológica Nacional,MAGISTER EN INGENIERÍA AMBIENTAL,MAESTRÍA EN INGENIERÍA AMBIENTAL,R.M./925/2020,PRESENCIAL,Posgrado
43,Universidad Tecnológica Nacional,MAGISTER EN INGENIERÍA AMBIENTAL,MAESTRÍA EN INGENIERÍA AMBIENTAL,R.M./163/2022,PRESENCIAL,Posgrado
43,Universidad Tecnológica Nacional,MAGISTER EN INGENIERÍA AMBIENTAL,MAESTRÍA EN INGENIERÍA AMBIENTAL,R.M./2931/2017,PRESENCIAL,Posgrado
43,Universidad Tecnológica Nacional,MAGÍSTER EN INGENIERÍA AMBIENTAL,MAESTRÍA EN INGENIERÍA AMBIENTAL,R.M./272/2023,PRESENCIAL,Posgrado
43,Universidad Tecnológica Nacional,MAGISTER EN INGENIERÍA BIOENERGÉTICA,MAESTRÍA EN INGENIERÍA BIOENERGÉTICA,R.M./2297/2022,PRESENCIAL,Posgrado
43,Universidad Tecnológica Nacional,MAGISTER EN INGENIERÍA EN CALIDAD,MAESTRÍA EN INGENIERÍA EN CALIDAD,R.M./149/2022,PRESENCIAL,Posgrado
43,Universidad Tecnológica Nacional,MAGISTER EN INGENIERÍA EN CALIDAD,MAESTRÍA EN INGENIERÍA EN CALIDAD,R.M./510/2022,PRESENCIAL,Posgrado
43,Universidad Tecnológica Nacional,MAGISTER EN INGENIERÍA EN CALIDAD,MAESTRÍA EN INGENIERÍA EN CALIDAD,R.M./459/2022,PRESENCIAL,Posgrado
43,Universidad Tecnológica Nacional,MAGISTER EN INGENIERÍA EN CALIDAD,MAESTRÍA EN INGENIERÍA EN CALIDAD,R.M./1437/2022,PRESENCIAL,Posgrado
43,Universidad Tecnológica Nacional,MAGÍSTER EN INGENIERÍA EN CALIDAD,MAESTRÍA EN INGENIERÍA EN CALIDAD,R.M./838/2020,PRESENCIAL,Posgrado
43,Universidad Tecnológica Nacional,MAGÍSTER EN INGENIERÍA EN CALIDAD,MAESTRÍA EN INGENIERÍA EN CALIDAD,D./184/2026,PRESENCIAL,Posgrado
43,Universidad Tecnológica Nacional,MAGÍSTER EN INGENIERÍA EN CALIDAD,MAESTRÍA EN INGENIERÍA EN CALIDAD,R.M./452/2022,PRESENCIAL,Posgrado
43,Universidad Tecnológica Nacional,MAGÍSTER EN INGENIERÍA EN CALIDAD,MAESTRÍA EN INGENIERÍA EN CALIDAD,R.M./558/2022,PRESENCIAL,Posgrado
43,Universidad Tecnológica Nacional,MAGÍSTER EN INGENIERÍA EN CALIDAD,MAESTRÍA EN INGENIERÍA EN CALIDAD,R.M./2951/2017,PRESENCIAL,Posgrado
43,Universidad Tecnológica Nacional,MAGÍSTER EN INGENIERÍA EN CALIDAD,MAESTRÍA EN INGENIERÍA EN CALIDAD,R.M./4069/2019,PRESENCIAL,Posgrado
43,Universidad Tecnológica Nacional,MAGÍSTER EN INGENIERÍA EN CALIDAD,MAESTRÍA EN INGENIERÍA EN CALIDAD,R.M./3893/2017,PRESENCIAL,Posgrado
43,Universidad Tecnológica Nacional,MAGÍSTER EN INGENIERÍA EN CALIDAD,MAESTRÍA EN INGENIERÍA EN CALIDAD,D./550/2026,PRESENCIAL,Posgrado
43,Universidad Tecnológica Nacional,MAGÍSTER EN INGENIERÍA EN CALIDAD,MAESTRÍA EN INGENIERÍA EN CALIDAD,R.M.0111/98 - R.M.1131/07 - R.M.0919/09 - R.M./1186 (FAC.REG.STA.FE)/2014 - R.M./1502/2014 - R.M./1186/2014,PRESENCIAL,Posgrado
43,Universidad Tecnológica Nacional,MAGÍSTER EN INGENIERÍA EN CALIDAD,MAESTRÍA EN INGENIERÍA EN CALIDAD,R.M./1341/2017,PRESENCIAL,Posgrado
43,Universidad Tecnológica Nacional,MAGÍSTER EN INGENIERÍA EN CALIDAD,MAESTRÍA EN INGENIERÍA EN CALIDAD,R.M./376/2025,PRESENCIAL,Posgrado
43,Universidad Tecnológica Nacional,MAGÍSTER EN INGENIERÍA EN CALIDAD,MAESTRÍA EN INGENIERÍA EN CALIDAD,R.M./113/2021,PRESENCIAL,Posgrado
43,Universidad Tecnológica Nacional,MAGISTER EN INGENIERÍA EN CONTROL AUTOMÁTICO,MAESTRÍA EN INGENIERÍA EN CONTROL AUTOMÁTICO,R.M./3250/2017,PRESENCIAL,Posgrado
43,Universidad Tecnológica Nacional,MAGISTER EN INGENIERÍA EN CONTROL AUTOMÁTICO,MAESTRÍA EN INGENIERÍA EN CONTROL AUTOMÁTICO,R.M./688/2021,PRESENCIAL,Posgrado
43,Universidad Tecnológica Nacional,MAGISTER EN INGENIERÍA EN CONTROL AUTOMÁTICO,MAESTRÍA EN INGENIERÍA EN CONTROL AUTOMÁTICO,D./531/2026,PRESENCIAL,Posgrado
43,Universidad Tecnológica Nacional,MAGISTER EN INGENIERÍA EN CONTROL AUTOMÁTICO,MAESTRÍA EN INGENIERÍA EN CONTROL AUTOMÁTICO,R.M./1201/2017,PRESENCIAL,Posgrado
43,Universidad Tecnológica Nacional,MAGISTER EN INGENIERÍA EN SISTEMAS DE INFORMACIÓN,MAESTRÍA EN INGENIERÍA EN SISTEMAS DE INFORMACIÓN,R.M./51/2022,PRESENCIAL,Posgrado
43,Universidad Tecnológica Nacional,MAGISTER EN INGENIERÍA EN SISTEMAS DE INFORMACIÓN,MAESTRÍA EN INGENIERÍA EN SISTEMAS DE INFORMACIÓN,D./181/2026,PRESENCIAL,Posgrado
43,Universidad Tecnológica Nacional,MAGISTER EN INGENIERÍA EN SISTEMAS DE INFORMACIÓN,MAESTRÍA EN INGENIERÍA EN SISTEMAS DE INFORMACIÓN,D./546/2026,PRESENCIAL,Posgrado
43,Universidad Tecnológica Nacional,MAGISTER EN INGENIERÍA EN SISTEMAS DE INFORMACIÓN,MAESTRÍA EN INGENIERÍA EN SISTEMAS DE INFORMACIÓN,R.M./2327/2018,PRESENCIAL,Posgrado
43,Universidad Tecnológica Nacional,MAGISTER EN INGENIERÍA EN SISTEMAS DE INFORMACIÓN,MAESTRÍA EN INGENIERÍA EN SISTEMAS DE INFORMACIÓN,R.M./127/2017,PRESENCIAL,Posgrado
43,Universidad Tecnológica Nacional,MAGISTER EN INGENIERÍA EN SISTEMAS DE INFORMACIÓN,MAESTRÍA EN INGENIERÍA EN SISTEMAS DE INFORMACIÓN,R.M./188/2022,PRESENCIAL,Posgrado
43,Universidad Tecnológica Nacional,MAGÍSTER EN INGENIERÍA ESTRUCTURAL,MAESTRÍA EN INGENIERÍA ESTRUCTURAL-,R.M./4516/2017,PRESENCIAL,Posgrado
43,Universidad Tecnológica Nacional,MAGÍSTER EN INGENIERÍA ESTRUCTURAL,MAESTRÍA EN INGENIERÍA ESTRUCTURAL,R.M./24/2022,PRESENCIAL,Posgrado
43,Universidad Tecnológica Nacional,MAGISTER EN INGENIERÍA ESTRUCTURAL MECÁNICA,MAESTRÍA EN INGENIERÍA ESTRUCTURAL MECÁNICA,R.M./151/2022,PRESENCIAL,Posgrado
43,Universidad Tecnológica Nacional,MAGÍSTER EN INGENIERÍA ESTRUCTURAL MECÁNICA,MAESTRÍA EN INGENIERÍA ESTRUCTURAL MECÁNICA,R.M./1002/2019,PRESENCIAL,Posgrado
43,Universidad Tecnológica Nacional,MAGISTER EN INGENIERÍA ESTRUCTURAL SISMORRESISTENTE, ,R.M.0203/03,PRESENCIAL,Posgrado
43,Universidad Tecnológica Nacional,MAGISTER EN INGENIERÍA ESTRUCTURAL SISMORRESISTENTE,MAESTRÍA EN INGENIERÍA ESTRUCTURAL SISMORRESISTENTE,R.M./629/2023,PRESENCIAL,Posgrado
43,Universidad Tecnológica Nacional,MAGISTER EN INGENIERÍA ESTRUCTURAL SISMORRESISTENTE,MAESTRÍA EN INGENIERÍA ESTRUCTURAL SISMORRESISTENTE,R.M./1263/2018,PRESENCIAL,Posgrado
43,Universidad Tecnológica Nacional,MAGÍSTER EN INGENIERIA VIAL,MAESTRÍA EN INGENIERÍA VIAL,R.M./311/2020 - R.M./1337/2022,PRESENCIAL,Posgrado
43,Universidad Tecnológica Nacional,MAGÍSTER EN INGENIERIA VIAL,MAESTRÍA EN INGENIERÍA VIAL,R.M./175/2023,PRESENCIAL,Posgrado
43,Universidad Tecnológica Nacional,MAGISTER EN INSTRUMENTOS SATELITALES,MAESTRÍA EN INSTRUMENTOS SATELITALES,R.M./283/2023,PRESENCIAL,Posgrado
43,Universidad Tecnológica Nacional,MAGÍSTER EN INSTRUMENTOS SATELITALES,MAESTRÍA EN INSTRUMENTOS SATELITALES,R.M./723/2017,PRESENCIAL,Posgrado
43,Universidad Tecnológica Nacional,MAGÍSTER EN INTELIGENCIA DE NEGOCIOS,MAESTRÍA EN INTELIGENCIA DE NEGOCIOS,R.M./1425/2016,PRESENCIAL,Posgrado
43,Universidad Tecnológica Nacional,"MAGÍSTER EN MÉTODOS NUMÉRICOS Y MECÁNICA COMPUTACIONAL, MENCIÓN DINÁMICA ESTRUCTURAL O MENCIÓN MECÁNICA DE LOS FLUIDOS","MAESTRÍA EN MÉTODOS NUMÉRICOS Y MECÁNICA COMPUTACIONAL, MENCIÓN DINÁMICA ESTRUCTURAL O MENCIÓN MECÁNICA DE LOS FLUIDOS",R.M./2700/2022,PRESENCIAL,Posgrado
43,Universidad Tecnológica Nacional,MAGISTER EN MINERÍA DE DATOS,MAESTRÍA EN MINERÍA DE DATOS,R.M./1753/2020,PRESENCIAL,Posgrado
43,Universidad Tecnológica Nacional,MAGÍSTER EN MINERÍA DE DATOS,MAESTRÍA EN MINERÍA DE DATOS,R.M./2890/2023,PRESENCIAL,Posgrado
43,Universidad Tecnológica Nacional,MAGÍSTER EN MINERÍA DE DATOS,MAESTRÍA EN MINERÍA DE DATOS,R.M./388/2024 - R.M./250/2026,A DISTANCIA,Posgrado
43,Universidad Tecnológica Nacional,MAGISTER EN PLANIFICACIÓN Y GESTIÓN DE LA INGENIERÍA URBANA,MAESTRÍA EN PLANIFICACIÓN Y GESTIÓN DE LA INGENIERÍA URBANA,R.M./253/2021,PRESENCIAL,Posgrado
43,Universidad Tecnológica Nacional,MAGÍSTER EN PLANIFICACIÓN Y OPERACIONES INDUSTRIALES,MAESTRÍA EN PLANIFICACIÓN Y OPERACIONES INDUSTRIALES,R.M./399/2023,PRESENCIAL,Posgrado
43,Universidad Tecnológica Nacional,MAGISTER EN PROCESOS BIOTECNOLÓGICOS,MAESTRÍA EN PROCESOS BIOTECNOLÓGICOS,R.M./1922/2023,PRESENCIAL,Posgrado
43,Universidad Tecnológica Nacional,MAGÍSTER EN PROCESOS BIOTECNOLÓGICOS,MAESTRÍA EN PROCESOS BIOTECNOLÓGICOS,R.M./3544/2017,PRESENCIAL,Posgrado
43,Universidad Tecnológica Nacional,MAGÍSTER EN PROCESOS BIOTECNOLÓGICOS,MAESTRÍA EN PROCESOS BIOTECNOLÓGICOS,R.M./102/2022,PRESENCIAL,Posgrado
43,Universidad Tecnológica Nacional,MAGÍSTER EN PROCESOS BIOTECNOLÓGICOS,MAESTRÍA EN PROCESOS BIOTECNOLÓGICOS,R.M./1477/2015,PRESENCIAL,Posgrado
43,Universidad Tecnológica Nacional,MAGÍSTER EN PROCESOS BIOTECNOLÓGICOS,MAESTRÍA EN PROCESOS BIOTECNOLÓGICOS,R.M./1746/2016,PRESENCIAL,Posgrado
43,Universidad Tecnológica Nacional,MAGÍSTER EN PROCESOS BIOTECNOLÓGICOS,MAESTRÍA EN PROCESOS BIOTECNOLÓGICOS,R.M./1609/2018,PRESENCIAL,Posgrado
43,Universidad Tecnológica Nacional,MAGÍSTER EN PROCESOS BIOTECNOLÓGICOS,MAESTRÍA EN PROCESOS BIOTECNOLÓGICOS,R.M./1734/2022,PRESENCIAL,Posgrado
43,Universidad Tecnológica Nacional,MAGISTER EN RADIOQUIMICA, ,R.M.1880/07,PRESENCIAL,Posgrado
43,Universidad Tecnológica Nacional,MAGÍSTER EN REDES DE DATOS,MAESTRÍA EN REDES DE DATOS,R.M./1145/2024,A DISTANCIA,Posgrado
43,Universidad Tecnológica Nacional,MAGISTER EN SIDERURGIA, ,R.M.0687/03,PRESENCIAL,Posgrado
43,Universidad Tecnológica Nacional,MAGÍSTER EN SISTEMAS DE INFORMACIÓN,MAESTRÍA EN INGENIERÍA EN SISTEMAS DE INFORMACIÓN,R.M.1022/07 - R.M./986/2015,PRESENCIAL,Posgrado
43,Universidad Tecnológica Nacional,MAGISTER EN TECNOLOGIA AEROESPACIAL, ,R.M.0021/04,PRESENCIAL,Posgrado
43,Universidad Tecnológica Nacional,MAGISTER EN TECNOLOGÍA DE LOS ALIMENTOS,MAESTRÍA EN TECNOLOGÍA DE LOS ALIMENTOS,D./91/2026,PRESENCIAL,Posgrado
43,Universidad Tecnológica Nacional,MAGÍSTER EN TECNOLOGÍA DE LOS ALIMENTOS,MAESTRÍA EN TECNOLOGÍA DE LOS ALIMENTOS,R.M./12/2023,PRESENCIAL,Posgrado
43,Universidad Tecnológica Nacional,MAGÍSTER EN TECNOLOGÍA DE LOS ALIMENTOS,MAESTRÍA EN TECNOLOGÍA DE LOS ALIMENTOS,R.M./1499/2016,PRESENCIAL,Posgrado
43,Universidad Tecnológica Nacional,MAGÍSTER EN TECNOLOGÍA DE LOS ALIMENTOS,MAESTRÍA EN TECNOLOGÍA DE LOS ALIMENTOS,R.M./12/2023 - R.M./550/2022 - D./1049/2026,PRESENCIAL,Posgrado
43,Universidad Tecnológica Nacional,MAGÍSTER EN TECNOLOGÍA DE LOS ALIMENTOS,MAESTRÍA EN TECNOLOGÍA DE LOS ALIMENTOS,R.M./4139/2017,PRESENCIAL,Posgrado
43,Universidad Tecnológica Nacional,MAGÍSTER EN TECNOLOGÍA DE LOS ALIMENTOS,MAESTRÍA EN TECNOLOGÍA DE LOS ALIMENTOS,R.M.0879/99 - R.M./109/2015 - R.M./2644/2013,PRESENCIAL,Posgrado
43,Universidad Tecnológica Nacional,MAGÍSTER EN TECNOLOGÍA DE LOS ALIMENTOS,MAESTRÍA EN TECNOLOGÍA DE LOS ALIMENTOS,R.M./15/2021,PRESENCIAL,Posgrado
43,Universidad Tecnológica Nacional,MAGÍSTER EN TECNOLOGÍA DE LOS ALIMENTOS,MAESTRÍA EN TECNOLOGÍA DE LOS ALIMENTOS,R.M./838/2017,PRESENCIAL,Posgrado
43,Universidad Tecnológica Nacional,MAGÍSTER EN TECNOLOGÍA DE LOS ALIMENTOS,MAESTRÍA EN TECNOLOGÍA DE LOS ALIMENTOS,R.M./1460/2018,PRESENCIAL,Posgrado
43,Universidad Tecnológica Nacional,MAGÍSTER EN TECNOLOGÍA SATELITAL CON MENCIÓN EN SISTEMAS MECÁNICOS Y CON MENCIÓN EN SISTEMAS DE AVIÓNICA,MAESTRÍA EN TECNOLOGÍA SATELITAL CON MENCIÓN EN SISTEMAS MECÁNICOS Y CON MENCIÓN EN SISTEMAS DE AVIÓNICA,R.M./572/2017,PRESENCIAL,Posgrado
43,Universidad Tecnológica Nacional,MAGÍSTER EN TRANSPORTE MENCIÓN CARRETERO O FERROVIARIO O FLUVIO-MARÍTIMO O AÉREO,MAESTRÍA EN TRANSPORTE MENCIÓN CARRETERO O FERROVIARIO O FLUVIO-MARÍTIMO O AÉREO,R.M./231/2020,PRESENCIAL,Posgrado
43,Universidad Tecnológica Nacional,PROFESOR/A EN DOCENCIA SUPERIOR,PROFESORADO EN DOCENCIA SUPERIOR- CICLO DE COMPLEMENTACIÓN CURRICULAR,D./979/2025,PRESENCIAL,Grado
43,Universidad Tecnológica Nacional,PROFESOR DE INGLES PARA EL PRIMER Y SEGUNDO CICLO DE LA EDUCACION GENERAL BASICA, ,R.M.1020/07,PRESENCIAL,Pregrado
43,Universidad Tecnológica Nacional,PROFESOR DE INGLES PARA LA EDUCACION INICIAL Y PRIMARIA, ,R.M./1280/2011,PRESENCIAL,Grado
43,Universidad Tecnológica Nacional,PROFESOR EN DISCIPLINAS INDUSTRIALES EN LA ESPECIALIDAD DE SU TITULO DE INGRESO -CICLO DE PROFESORADO, ,R.M./281/2007,PRESENCIAL,Grado
43,Universidad Tecnológica Nacional,PROFESOR EN DISCIPLINAS INDUSTRIALES ESPECIALIDAD INGLES E INGLES TECNICO, ,R.M./1020/2007,PRESENCIAL,Grado
43,Universidad Tecnológica Nacional,PROFESOR EN DISCIPLINAS INDUSTRIALES ESPECIALIDAD MATEMATICA Y MATEMATICA APLICADA, ,R.M.0163/07,PRESENCIAL,Grado
43,Universidad Tecnológica Nacional,PROFESOR EN DOCENCIA SUPERIOR -CICLO DE PROFESORADO, ,R.M.0243/07,PRESENCIAL,Grado
43,Universidad Tecnológica Nacional,PROFESOR UNIVERSITARIO EN TECNOLOGIA, ,R.M.1026/06,PRESENCIAL,Grado
43,Universidad Tecnológica Nacional,TÉCNICA/O UNIVERSITARIA/O EN SISTEMA FERROVIARIO,TECNICATURA UNIVERSITARIA EN SISTEMA FERROVIARIO,D./569/2026,A DISTANCIA,Pregrado
43,Universidad Tecnológica Nacional,TÉCNICO/A EN DESARROLLO DE SOFTWARE,TÉCNICO/A EN HIDROCARBUROS Y TÉCNICO/A EN DESARROLLO DE SOFTWARE,R.M./992/2022,PRESENCIAL,Preuniversitario
43,Universidad Tecnológica Nacional,TÉCNICO/A EN DESARROLLO DE SOFTWARE,TÉCNICO/A EN DESARROLLO DE SOFTWARE Y TÉCNICO/A EN HIDROCARBUROS,R.M./976/2024,PRESENCIAL,Preuniversitario
43,Universidad Tecnológica Nacional,TECNICO/A EN ELECTRÓNICA,TÉCNICO EN ELECTRÓNICA - SECUNDARIO,D./727/2025,PRESENCIAL,Preuniversitario
43,Universidad Tecnológica Nacional,TÉCNICO/A EN HIDROCARBUROS Y TÉCNICO/A EN DESARROLLO DE SOFTWARE,TÉCNICO/A EN DESARROLLO DE SOFTWARE Y TÉCNICO/A EN HIDROCARBUROS,R.M./976/2024,PRESENCIAL,Posgrado
43,Universidad Tecnológica Nacional,TÉCNICO/A EN MECATRÓNICA,TECNICATURA UNIVERSITARIA EN MECATRÓNICA,D./175/2026,PRESENCIAL,Pregrado
43,Universidad Tecnológica Nacional,TÉCNICO/A EN MECATRÓNICA,TECNICATURA UNIVERSITARIA EN MECATRÓNICA,R.M./2431/2023,PRESENCIAL,Pregrado
43,Universidad Tecnológica Nacional,TÉCNICO/A EN MECATRÓNICA,TECNICATURA UNIVERSITARIA EN MECATRÓNICA,R.M./2399/2023,PRESENCIAL,Pregrado
43,Universidad Tecnológica Nacional,TÉCNICO/A EN MECATRÓNICA,TECNICATURA UNIVERSITARIA EN MECATRÓNICA,D./357/2026,PRESENCIAL,Pregrado
43,Universidad Tecnológica Nacional,TÉCNICO/A EN MECATRÓNICA,TECNICATURA UNIVERSITARIA EN MECATRÓNICA,R.M./2178/2023,PRESENCIAL,Pregrado
43,Universidad Tecnológica Nacional,TÉCNICO/A EN MECATRÓNICA,TECNICATURA UNIVERSITARIA EN MECATRÓNICA,R.M./2590/2023,PRESENCIAL,Pregrado
43,Universidad Tecnológica Nacional,TÉCNICO/A SUPERIOR EN METROLOGÍA,TECNICATURA SUPERIOR EN METROLOGÍA,R.M./4212/2017,PRESENCIAL,Pregrado
43,Universidad Tecnológica Nacional,TÉCNICO/A SUPERIOR EN MINERÍA,TECNICATURA SUPERIOR EN MINERÍA,R.M./1183/2017,PRESENCIAL,Pregrado
43,Universidad Tecnológica Nacional,TECNICO/A UNIVERISTARIO/A EN DISEÑO GRÁFICO DIGITAL,TECNICATURA UNIVERSITARIA EN DISEÑO GRÁFICO DIGITAL,D./245/2026,A DISTANCIA,Pregrado
43,Universidad Tecnológica Nacional,TÉCNICO/A UNIVERSITARIO/A EN ACOMPAÑAMIENTO TERAPÉUTICO,TECNICATURA UNIVERSITARIA EN ACOMPAÑAMIENTO TERAPÉUTICO,D./1187/2025,PRESENCIAL,Pregrado
43,Universidad Tecnológica Nacional,TÉCNICO/A UNIVERSITARIO/A EN ACUICULTURA Y PROCESAMIENTO PESQUERO,TECNICATURA UNIVERSITARIA EN ACUICULTURA Y PROCESAMIENTO PESQUERO,R.M./404/2020 - R.M./911/2021,PRESENCIAL,Pregrado
43,Universidad Tecnológica Nacional,TECNICO/A UNIVERSITARIO/A EN ADMINISTRACIÓN,TECNICATURA UNIVERSITARIA EN ADMINISTRACIÓN,D./177/2026,PRESENCIAL,Pregrado
43,Universidad Tecnológica Nacional,TECNICO/A UNIVERSITARIO/A EN ADMINISTRACIÓN,TECNICTURA UNIVERSITARIA EN ADMINISTRACIÓN,D./144/2026,PRESENCIAL,Pregrado
43,Universidad Tecnológica Nacional,TECNICO/A UNIVERSITARIO/A EN ADMINISTRACIÓN,TECNICATURA UNIVERSITARIA EN ADMINISTRACIÓN,D./347/2025,PRESENCIAL,Pregrado
43,Universidad Tecnológica Nacional,TECNICO/A UNIVERSITARIO/A EN ADMINISTRACIÓN,TECNICATURA UNIVERSITARIA EN ADMINISTRACIÓN,D./1238/2025,PRESENCIAL,Pregrado
43,Universidad Tecnológica Nacional,TECNICO/A UNIVERSITARIO/A EN ADMINISTRACIÓN,TECNICATURA UNIVERSITARIA EN ADMINISTRACIÓN,D./1348/2025,PRESENCIAL,Pregrado
43,Universidad Tecnológica Nacional,TÉCNICO/A UNIVERSITARIO/A EN ADMINISTRACIÓN,TECNICATURA UNIVERSITARIA EN ADMINISTRACIÓN,R.M./1358/2021 - R.M./2927/2022 - R.M./1399/2023 - R.M./1899/2023 - D./1286/2025,PRESENCIAL,Pregrado
43,Universidad Tecnológica Nacional,TÉCNICO/A UNIVERSITARIO/A EN ADMINISTRACIÓN,TECNICATURA UNIVERSITARIA EN ADMINISTRACIÓN,R.M./1286/2024,PRESENCIAL,Pregrado
43,Universidad Tecnológica Nacional,TÉCNICO/A UNIVERSITARIO/A EN ADMINISTRACIÓN,TECNICATURA UNIVERSITARIA EN ADMINISTRACIÓN,R.M./4194/2019,PRESENCIAL,Pregrado
43,Universidad Tecnológica Nacional,TÉCNICO/A UNIVERSITARIO/A EN ADMINISTRACIÓN,TECNICATURA SUPERIOR EN ADMINISTRACIÓN -MODALIDAD A DISTANCIA-,R.M./1289/2015 - R.M./1751/2020,A DISTANCIA,Pregrado
43,Universidad Tecnológica Nacional,TÉCNICO/A UNIVERSITARIO/A EN ADMINISTRACIÓN,TECNICATURA UNIVERSITARIA EN ADMINISTRACIÓN,R.M./362/2020,PRESENCIAL,Pregrado
43,Universidad Tecnológica Nacional,TÉCNICO/A UNIVERSITARIO/A EN ADMINISTRACIÓN PORTUARIA,TECNICATURA UNIVERSITARIA EN ADMINISTRACIÓN PORTUARIA,R.M./1255/2021 - R.M./2938/2022 - D./745/2025,PRESENCIAL,Pregrado
43,Universidad Tecnológica Nacional,TÉCNICO/A UNIVERSITARIO/A EN ADMINISTRACIÓN PORTUARIA,TECNICATURA UNIVERSITARIA EN ADMINISTRACIÓN PORTUARIA,R.M./909/2021,PRESENCIAL,Pregrado
43,Universidad Tecnológica Nacional,"TÉCNICO/A UNIVERSITARIO/A EN ADMINISTRACIÓN, PRODUCCIÓN Y GESTIÓN INDUSTRIAL",INGENIERÍA INDUSTRIAL,D./204/2026,PRESENCIAL,Pregrado
43,Universidad Tecnológica Nacional,"TÉCNICO/A UNIVERSITARIO/A EN ADMINISTRACIÓN, PRODUCCIÓN Y GESTIÓN INDUSTRIAL","TECNICATURA UNIVERSITARIA EN ADMINISTRACIÓN, PRODUCCIÓN Y GESTIÓN INDUSTRIAL",R.M./2663/2023,PRESENCIAL,Pregrado
43,Universidad Tecnológica Nacional,TÉCNICO/A UNIVERSITARIO/A EN ADMINISTRACIÓN RURAL,TECNICATURA UNIVERSITARIA EN ADMINISTRACIÓN RURAL,R.M./2285/2020,PRESENCIAL,Pregrado
43,Universidad Tecnológica Nacional,TÉCNICO/A UNIVERSITARIO/A EN ADMINISTRACIÓN RURAL,TECNICATURA UNIVERSITARIA EN ADMINISTRACIÓN RURAL,R.M./1754/2020,PRESENCIAL,Pregrado
43,Universidad Tecnológica Nacional,TÉCNICO/A UNIVERSITARIO/A EN ADMINISTRACIÓN Y GESTION EN INSTITUCIONES DE EDUCACION SUPERIOR,TECNICATURA UNIVERSITARIA EN ADMINISTRACIÓN Y GESTIÓN EN INSTITUCIONES DE EDUCACIÓN SUPERIOR,R.M./558/2021,PRESENCIAL,Pregrado
43,Universidad Tecnológica Nacional,TÉCNICO/A UNIVERSITARIO/A EN ADMINISTRACIÓN Y GESTION EN INSTITUCIONES DE EDUCACION SUPERIOR,TECNICATURA UNIVERSITARIA EN ADMINISTRACIÓN Y GESTIÓN EN INSTITUCIONES DE EDUCACIÓN SUPERIOR,R.M./882/2021,PRESENCIAL,Pregrado
43,Universidad Tecnológica Nacional,TÉCNICO/A UNIVERSITARIO/A EN ADMINISTRACIÓN Y GESTION EN INSTITUCIONES DE EDUCACION SUPERIOR,TECNICATURA UNIVERSITARIA EN ADMINISTRACIÓN Y GESTIÓN EN INSTITUCIONES DE EDUCACIÓN SUPERIOR,R.M./1180/2021,PRESENCIAL,Pregrado
43,Universidad Tecnológica Nacional,TÉCNICO/A UNIVERSITARIO/A EN ADMINISTRACIÓN Y GESTION EN INSTITUCIONES DE EDUCACION SUPERIOR,TECNICATURA UNIVERSITARIA EN ADMINISTRACIÓN Y GESTIÓN EN INSTITUCIONES DE EDUCACIÓN SUPERIOR,R.M./564/2021,PRESENCIAL,Pregrado
43,Universidad Tecnológica Nacional,TÉCNICO/A UNIVERSITARIO/A EN ADMINISTRACIÓN Y GESTION EN INSTITUCIONES DE EDUCACION SUPERIOR,TECNICATURA UNIVERSITARIA EN ADMINISTRACIÓN Y GESTIÓN EN INSTITUCIONES DE EDUCACIÓN SUPERIOR,R.M./1389/2021,PRESENCIAL,Pregrado
43,Universidad Tecnológica Nacional,TÉCNICO/A UNIVERSITARIO/A EN ADMINISTRACIÓN Y GESTION EN INSTITUCIONES DE EDUCACION SUPERIOR,TECNICATURA UNIVERSITARIA EN ADMINISTRACIÓN Y GESTIÓN EN INSTITUCIONES DE EDUCACIÓN SUPERIOR,D./477/2026,PRESENCIAL,Pregrado
43,Universidad Tecnológica Nacional,TÉCNICO/A UNIVERSITARIO/A EN ADMINISTRACIÓN Y GESTION EN INSTITUCIONES DE EDUCACION SUPERIOR,TECNICATURA UNIVERSITARIA EN ADMINISTRACIÓN Y GESTIÓN EN INSTITUCIONES DE EDUCACIÓN SUPERIOR,R.M./2378/2021 - R.M./1750/2022,PRESENCIAL,Pregrado
43,Universidad Tecnológica Nacional,TÉCNICO/A UNIVERSITARIO/A EN ADMINISTRACIÓN Y GESTION EN INSTITUCIONES DE EDUCACION SUPERIOR,TECNICATURA UNIVERSITARIA EN ADMINISTRACIÓN Y GESTIÓN EN INSTITUCIONES DE EDUCACIÓN SUPERIOR,R.M./1649/2020,PRESENCIAL,Pregrado
43,Universidad Tecnológica Nacional,TECNICO/A UNIVERSITARIO/A EN BROMATOLOGÍA Y MEDIO AMBIENTE,TECNICATURA UNIVERSITARIA EN BROMATOLOGÍA Y MEDIO AMBIENTE,D./152/2026,PRESENCIAL,Pregrado
43,Universidad Tecnológica Nacional,TECNICO/A UNIVERSITARIO/A EN BROMATOLOGÍA Y MEDIO AMBIENTE,TECNICATURA UNIVERSITARIA EN BROMATOLOGÍA Y MEDIO AMBIENTE,D./526/2026,PRESENCIAL,Pregrado
43,Universidad Tecnológica Nacional,TECNICO/A UNIVERSITARIO/A EN BROMATOLOGÍA Y MEDIO AMBIENTE,TECNICATURA UNIVERSITARIA EN BROMATOLOGÍA Y MEDIO AMBIENTE,R.M./3228/2019,PRESENCIAL,Pregrado
43,Universidad Tecnológica Nacional,TECNICO/A UNIVERSITARIO/A EN BROMATOLOGÍA Y MEDIO AMBIENTE,TECNICATURA UNIVERSITARIA EN BROMATOLOGÍA Y MEDIO AMBIENTE,R.M./3643/2019 - R.M./1767/2022,PRESENCIAL,Pregrado
43,Universidad Tecnológica Nacional,TECNICO/A UNIVERSITARIO/A EN BROMATOLOGÍA Y MEDIO AMBIENTE,TECNICATURA UNIVERSITARIA EN BROMATOLOGÍA Y MEDIO AMBIENTE,R.M./3564/2019,PRESENCIAL,Pregrado
43,Universidad Tecnológica Nacional,TÉCNICO/A UNIVERSITARIO/A EN CIUDADES INTELIGENTES,TECNICATURA UNIVERSITARIA EN CIUDADES INTELIGENTES,R.M./915/2020 - R.M./1090/2023 - R.M./1171/2024,PRESENCIAL,Pregrado
43,Universidad Tecnológica Nacional,TÉCNICO/A UNIVERSITARIO/A EN COMERCIO ELECTRÓNICO Y MARKETING DIGITAL,TECNICATURA UNIVERSITARIA EN COMERCIO ELECTRÓNICO Y MARKETING DIGITAL,R.M./1764/2023,A DISTANCIA,Pregrado
43,Universidad Tecnológica Nacional,TECNICO/A UNIVERSITARIO/A EN CONTABILIDAD Y TRIBUTACIÓN,TECNICATURA UNIVERSITARIA EN CONTABILIDAD Y TRIBUTACIÓN,R.M./307/2022,PRESENCIAL,Pregrado
43,Universidad Tecnológica Nacional,TECNICO/A UNIVERSITARIO/A EN CONTABILIDAD Y TRIBUTACIÓN,TECNICATURA UNIVERSITARIA EN CONTABILIDAD Y TRIBUTACIÓN,R.M./1803/2022 - D./174/2026 - D./175/2026,PRESENCIAL,Pregrado
43,Universidad Tecnológica Nacional,TÉCNICO/A UNIVERSITARIO/A EN DESARROLLO LOCAL Y REGIONAL,TECNICATURA UNIVERSITARIA EN DESARROLLO LOCAL Y REGIONAL,R.M./798/2020 - R.M./455/2023,PRESENCIAL,Pregrado
43,Universidad Tecnológica Nacional,TÉCNICO/A UNIVERSITARIO/A EN DESARROLLO Y PRODUCCIÓN DE VIDEOJUEGOS,TECNICATURA UNIVERSITARIA EN DESARROLLO Y PRODUCCIÓN DE VIDEOJUEGOS,D./516/2025,A DISTANCIA,Pregrado
43,Universidad Tecnológica Nacional,TÉCNICO/A UNIVERSITARIO/A EN DISEÑO INDUSTRIAL,TECNICATURA SUPERIOR EN DISEÑO INDUSTRIAL,R.M./1267/2012 - R.M./568/2020 - R.M./642/2020 - R.M./732/2020 - R.M./807/2020 - R.M./912/2021 - R.M./150/2021 - R.M./468/2022 - R.M./1937/2023,PRESENCIAL,Pregrado
43,Universidad Tecnológica Nacional,TECNICO/A UNIVERSITARIO/A EN ELECTRÓNICA,INGENIERÍA ELECTRÓNICA,R.M./1195/2021,PRESENCIAL,Pregrado
43,Universidad Tecnológica Nacional,TECNICO/A UNIVERSITARIO/A EN ELECTRÓNICA,TECNICATURA UNIVERSITARIA EN ELECTRÓNICA,R.M./434/2023,PRESENCIAL,Pregrado
43,Universidad Tecnológica Nacional,TECNICO/A UNIVERSITARIO/A EN ELECTRÓNICA,TECNICATURA UNIVERSITARIA EN ELECTRÓNICA,R.M./461/2023,PRESENCIAL,Pregrado
43,Universidad Tecnológica Nacional,TECNICO/A UNIVERSITARIO/A EN ELECTRÓNICA,TECNICATURA UNIVERSITARIA EN ELECTRÓNICA,R.M./460/2023,PRESENCIAL,Pregrado
43,Universidad Tecnológica Nacional,TECNICO/A UNIVERSITARIO/A EN ELECTRÓNICA,TECNICATURA UNIVERSITARIA EN ELECTRÓNICA,R.M./381/2023,PRESENCIAL,Pregrado
43,Universidad Tecnológica Nacional,TECNICO/A UNIVERSITARIO/A EN ELECTRÓNICA,TECNICATURA UNIVERSITARIA EN ELECTRÓNICA,R.M./402/2023,PRESENCIAL,Pregrado
43,Universidad Tecnológica Nacional,TECNICO/A UNIVERSITARIO/A EN ELECTRÓNICA,TECNICATURA UNIVERSITARIA EN ELECTRÓNICA,R.M./459/2023,PRESENCIAL,Pregrado
43,Universidad Tecnológica Nacional,TÉCNICO/A UNIVERSITARIO/A EN ELECTRÓNICA,TECNICATURA UNIVERSITARIA EN ELECTRÓNICA,R.M./424/2019,PRESENCIAL,Pregrado
43,Universidad Tecnológica Nacional,TÉCNICO/A UNIVERSITARIO/A EN ELECTRÓNICA,TECNICATURA UNIVERSITARIA EN ELECTRÓNICA,R.M./429/2023,PRESENCIAL,Pregrado
43,Universidad Tecnológica Nacional,TÉCNICO/A UNIVERSITARIO/A EN ELECTRÓNICA,INGENIERÍA ELECTRÓNICA,R.M./974/2020,PRESENCIAL,Pregrado
43,Universidad Tecnológica Nacional,TÉCNICO/A UNIVERSITARIO/A EN ELECTRÓNICA,INGENIERÍA ELECTRÓNICA,R.M./440/2020,PRESENCIAL,Pregrado
43,Universidad Tecnológica Nacional,TÉCNICO/A UNIVERSITARIO/A EN ELECTRÓNICA,INGENIERÍA ELECTRÓNICA,R.M./146/2021,PRESENCIAL,Pregrado
43,Universidad Tecnológica Nacional,TÉCNICO/A UNIVERSITARIO/A EN ELECTRÓNICA,INGENIERÍA ELECTRÓNICA,R.M./1376/2021,PRESENCIAL,Pregrado
43,Universidad Tecnológica Nacional,TÉCNICO/A UNIVERSITARIO/A EN ELECTRÓNICA,INGENIERÍA ELECTRÓNICA,R.M./521/2020,PRESENCIAL,Pregrado
43,Universidad Tecnológica Nacional,TÉCNICO/A UNIVERSITARIO/A EN ELECTRÓNICA,TECNICATURA UNIVERSITARIA EN ELECTRÓNICA,R.M./412/2023,PRESENCIAL,Pregrado
43,Universidad Tecnológica Nacional,TÉCNICO/A UNIVERSITARIO/A EN ELECTRÓNICA,TECNICATURA UNIVERSITARIA EN ELECTRÓNICA,R.M./464/2023,PRESENCIAL,Pregrado
43,Universidad Tecnológica Nacional,TÉCNICO/A UNIVERSITARIO/A EN ELECTRÓNICA,TECNICATURA UNIVERSITARIA EN ELECTRÓNICA,R.M./481/2023,PRESENCIAL,Pregrado
43,Universidad Tecnológica Nacional,TÉCNICO/A UNIVERSITARIO/A EN ELECTRÓNICA,INGENIERÍA ELECTRÓNICA,R.M./811/2020,PRESENCIAL,Pregrado
43,Universidad Tecnológica Nacional,TÉCNICO/A UNIVERSITARIO/A EN ELECTRÓNICA, ,R.M.1971/94,PRESENCIAL,Pregrado
43,Universidad Tecnológica Nacional,TÉCNICO/A UNIVERSITARIO/A EN ELECTRÓNICA,INGENIERÍA ELECTRÓNICA,R.M./815/2020,PRESENCIAL,Pregrado
43,Universidad Tecnológica Nacional,TÉCNICO/A UNIVERSITARIO/A EN ELECTRÓNICA,TECNICATURA UNIVERSITARIA EN ELECTRÓNICA,R.M./478/2023,PRESENCIAL,Pregrado
43,Universidad Tecnológica Nacional,TÉCNICO/A UNIVERSITARIO/A EN ELECTRÓNICA,TECNICATURA UNIVERSITARIA EN ELECTRÓNICA,R.M./467/2023,PRESENCIAL,Pregrado
43,Universidad Tecnológica Nacional,TÉCNICO/A UNIVERSITARIO/A EN ELECTRÓNICA,TECNICATURA UNIVERSITARIA EN ELECTRÓNICA,R.M./423/2023,PRESENCIAL,Pregrado
43,Universidad Tecnológica Nacional,TÉCNICO/A UNIVERSITARIO/A EN ELECTRÓNICA,TECNICATURA UNIVERSITARIA EN ELECTRÓNICA,R.M./438/2023,PRESENCIAL,Pregrado
43,Universidad Tecnológica Nacional,TÉCNICO/A UNIVERSITARIO/A EN ELECTRÓNICA,INGENIERÍA ELECTRÓNICA,R.M./950/2020,PRESENCIAL,Pregrado
43,Universidad Tecnológica Nacional,TÉCNICO/A UNIVERSITARIO/A EN ELECTRÓNICA,INGENIERÍA ELECTRÓNICA,R.M./456/2021,PRESENCIAL,Pregrado
43,Universidad Tecnológica Nacional,TÉCNICO/A UNIVERSITARIO/A EN ELECTRÓNICA,INGENIERÍA ELECTRÓNICA,R.M./469/2020,PRESENCIAL,Pregrado
43,Universidad Tecnológica Nacional,TÉCNICO/A UNIVERSITARIO/A EN ELECTRÓNICA,INGENIERÍA ELECTRÓNICA,R.M./457/2020,PRESENCIAL,Pregrado
43,Universidad Tecnológica Nacional,TÉCNICO/A UNIVERSITARIO/A EN ENERGÍAS SUSTENTABLES,TECNICATURA UNIVERSITARIA EN ENERGÍAS SUSTENTABLES,D./166/2026,PRESENCIAL,Pregrado
43,Universidad Tecnológica Nacional,TÉCNICO/A UNIVERSITARIO/A EN ENERGÍAS SUSTENTABLES,TECNICATURA UNIVERSITARIA EN ENERGÍAS SUSTENTABLES,D./525/2026,PRESENCIAL,Pregrado
43,Universidad Tecnológica Nacional,TÉCNICO/A UNIVERSITARIO/A EN ENERGÍAS SUSTENTABLES,TECNICATURA SUPERIOR EN ENERGÍAS SUSTENTABLES,R.M./331/2018 - R.M./466/2020 - R.M./565/2021 - R.M./767/2022 - R.M./2997/2022 - R.M./551/2023 - R.M./1099/2023 - R.M./1524/2023 - D./28/2026,PRESENCIAL,Pregrado
43,Universidad Tecnológica Nacional,TÉCNICO/A UNIVERSITARIO/A EN ENERGÍAS SUSTENTABLES,TECNICATURA UNIVERSITARIA EN ENERGÍAS SUSTENTABLES,D./78/2026,PRESENCIAL,Pregrado
43,Universidad Tecnológica Nacional,TÉCNICO/A UNIVERSITARIO/A EN ENOLOGÍA,TECNICATURA SUPERIOR EN ENOLOGÍA,R.M./1131/2017 - R.M./1253/2024,PRESENCIAL,Pregrado
43,Universidad Tecnológica Nacional,"TÉCNICO/A UNIVERSITARIO/A EN EQUIPOS VIALES, MINEROS Y AGRÍCOLAS","TECNICATURA UNIVERSITARIA EN EQUIPOS VIALES, MINEROS Y AGRÍCOLAS",R.M./230/2020,PRESENCIAL,Pregrado
43,Universidad Tecnológica Nacional,"TÉCNICO/A UNIVERSITARIO/A EN EQUIPOS VIALES, MINEROS Y AGRÍCOLAS","TECNICATURA UNIVERSITARIA EN EQUIPOS VIALES, MINEROS Y AGRÍCOLAS",R.M./867/2021,PRESENCIAL,Pregrado
43,Universidad Tecnológica Nacional,"TÉCNICO/A UNIVERSITARIO/A EN EQUIPOS VIALES, MINEROS Y AGRÍCOLAS","TECNICATURA UNIVERSITARIA EN EQUIPOS VIALES, MINEROS Y AGRÍCOLAS",R.M./1788/2020,PRESENCIAL,Pregrado
43,Universidad Tecnológica Nacional,TÉCNICO/A UNIVERSITARIO/A EN GESTIÓN AERONÁUTICA,TECNICATURA SUPERIOR EN GESTIÓN AERONÁUTICA,R.M./1069/2018 - R.M./1503/2023,PRESENCIAL,Pregrado
43,Universidad Tecnológica Nacional,TÉCNICO/A UNIVERSITARIO/A EN GESTIÓN DE EMPRESAS HOTELERAS,TECNICATURA SUPERIOR EN GESTIÓN DE EMPRESAS HOTELERAS,R.M./4369/2017 - R.M./390/2019 - R.M./407/2021,PRESENCIAL,Pregrado
43,Universidad Tecnológica Nacional,TÉCNICO/A UNIVERSITARIO/A EN GESTIÓN DE EMPRESAS HOTELERAS, ,R.M.0939/04,PRESENCIAL,Pregrado
43,Universidad Tecnológica Nacional,TÉCNICO/A UNIVERSITARIO/A EN GESTIÓN DE EMPRESAS TURÍSTICAS,TECNICATURA SUPERIOR EN GESTIÓN DE EMPRESAS TURÍSTICAS,R.M./1314/2017 - R.M./825/2020 - R.M./824/2020 - R.M./861/2020 - R.M./455/2021,PRESENCIAL,Pregrado
43,Universidad Tecnológica Nacional,TÉCNICO/A UNIVERSITARIO/A EN GESTIÓN DE EMPRESAS TURÍSTICAS, ,R.M.0016/03,PRESENCIAL,Pregrado
43,Universidad Tecnológica Nacional,TÉCNICO/A UNIVERSITARIO/A EN GESTIÓN DE GOBIERNO ELECTRÓNICO,TECNICATURA UNIVERSITARIA EN GESTIÓN DE GOBIERNO ELECTRÓNICO,R.M./1631/2023,A DISTANCIA,Pregrado
43,Universidad Tecnológica Nacional,TÉCNICO/A UNIVERSITARIO/A EN GESTIÓN DE LA INDUSTRIA AUTOMOTRIZ,TECNICATURA UNIVERSITARIA EN GESTIÓN DE LA INDUSTRIA AUTOMOTRIZ,R.M./880/2021 - R.M./2609/2022 - R.M./2610/2022,PRESENCIAL,Pregrado
43,Universidad Tecnológica Nacional,TÉCNICO/A UNIVERSITARIO/A EN GESTIÓN DE MANTENIMIENTO EN INSTITUCIONES DE SALUD,TECNICATURA UNIVERSITARIA EN GESTIÓN DE MANTENIMIENTO EN INSTITUCIONES DE SALUD,D./240/2026,PRESENCIAL,Pregrado
43,Universidad Tecnológica Nacional,TÉCNICO/A UNIVERSITARIO/A EN GESTIÓN DE TECNOLOGÍAS AGROPECUARIAS,TECNICATURA SUPERIOR EN GESTIÓN DE TECNOLOGÍAS AGROPECUARIAS,R.M./2340/2012 - R.M./3605/2019 - R.M./2305/2021,PRESENCIAL,Pregrado
43,Universidad Tecnológica Nacional,TÉCNICO/A UNIVERSITARIO/A EN GESTIÓN Y ADMINISTRACIÓN DE ORGANIZACIONES SINDICALES,TECNICATURA UNIVERSITARIA EN GESTIÓN Y ADMINISTRACIÓN DE ORGANIZACIONES SINDICALES,R.M./992/2024,PRESENCIAL,Pregrado
43,Universidad Tecnológica Nacional,TÉCNICO/A UNIVERSITARIO/A EN HIGIENE Y SEGURIDAD EN EL TRABAJO, ,R.M.0255/04 - R.M./450/2021,PRESENCIAL,Pregrado
43,Universidad Tecnológica Nacional,TÉCNICO/A UNIVERSITARIO/A EN HIGIENE Y SEGURIDAD EN EL TRABAJO,TECNICATURA SUPERIOR EN HIGIENE Y SEGURIDAD EN EL TRABAJO -MODALIDAD A DISTANCIA-,R.M./2060/2012 - R.M./2462/2020 - R.M./2527/2020 - R.M./2609/2020 - R.M./209/2021 - R.M./562/2021 - R.M./567/2021 - R.M./593/2021 - R.M./506/2021 - R.M./994/2021 - R.M./1082/2021 - R.M./1211/2021 - R.M./1056/2021 - R.M./1221/2021 - R.M./1218/2021 - R.M./2025/2021 - R.M./2762/2021 - R.M./3297/223 - R.M./1904/2023 - D./176/2024 - D./1060/2025 - D./1040/2025 - D./43/2026 - D./1262/2025,A DISTANCIA,Pregrado
43,Universidad Tecnológica Nacional,TECNICO/A UNIVERSITARIO/A EN INDUSTRIAS ALIMENTARIAS,TECNICATURA UNIVERSITARIA EN INDUSTRIAS ALIMENTARIAS,R.M./559/2021,PRESENCIAL,Pregrado
43,Universidad Tecnológica Nacional,TECNICO/A UNIVERSITARIO/A EN INDUSTRIAS ALIMENTARIAS,TECNICATURA UNIVERSITARIA EN INDUSTRIAS ALIMENTARIAS,R.M./566/2021,PRESENCIAL,Pregrado
43,Universidad Tecnológica Nacional,TECNICO/A UNIVERSITARIO/A EN INDUSTRIAS ALIMENTARIAS,TECNICATURA UNIVERSITARIA EN INDUSTRIAS ALIMENTARIAS,R.M./1025/2021,PRESENCIAL,Pregrado
43,Universidad Tecnológica Nacional,TECNICO/A UNIVERSITARIO/A EN INDUSTRIAS ALIMENTARIAS,TECNICATURA UNIVERSITARIA EN INDUSTRIAS ALIMENTARIAS,R.M./761/2021,PRESENCIAL,Pregrado
43,Universidad Tecnológica Nacional,TECNICO/A UNIVERSITARIO/A EN INDUSTRIAS ALIMENTARIAS,TECNICATURA UNIVERSITARIA EN INDUSTRIAS ALIMENTARIAS,D./171/2026,PRESENCIAL,Pregrado
43,Universidad Tecnológica Nacional,TECNICO/A UNIVERSITARIO/A EN INDUSTRIAS ALIMENTARIAS,TECNICATURA UNIVERSITARIA EN INDUSTRIAS ALIMENTARIAS,R.M./568/2021,PRESENCIAL,Pregrado
43,Universidad Tecnológica Nacional,TÉCNICO/A UNIVERSITARIO/A EN LOGÍSTICA,TECNICATURA UNIVERSITARIA EN LOGÍSTICA,D./128/2026,PRESENCIAL,Pregrado
43,Universidad Tecnológica Nacional,TÉCNICO/A UNIVERSITARIO/A EN LOGÍSTICA,TECNICATURA SUPERIOR EN LOGÍSTICA,R.M./2165/2016 - R.M./554/2020 - R.M./1985/2023 - D./247/2024 - D./754/2025 - D./747/2025 - D./47/2026 - D./690/2026,PRESENCIAL,Pregrado
43,Universidad Tecnológica Nacional,TÉCNICO/A UNIVERSITARIO/A EN LOGÍSTICA,TECNICATURA UNIVERSITARIA EN LOGÍSTICA,D./358/2026,PRESENCIAL,Pregrado
43,Universidad Tecnológica Nacional,TECNICO/A UNIVERSITARIO/A EN MANTENIMIENTO INDUSTRIAL,TECNICATURA UNIVERSITARIA EN MANTENIMIENTO INDUSTRIAL,R.M./1685/2019 - R.M./550/2023 - R.M./1917/2023 - R.M./2086/2023 - R.M./1186/2024 - R.M./229/2025 - D./787/2025 - D./48/2026,PRESENCIAL,Pregrado
43,Universidad Tecnológica Nacional,TECNICO/A UNIVERSITARIO/A EN MANTENIMIENTO INDUSTRIAL,TECNICATURA UNIVERSITARIA EN MANTENIMIENTO INDUSTRIAL,R.M./1528/2019,PRESENCIAL,Pregrado
43,Universidad Tecnológica Nacional,TECNICO/A UNIVERSITARIO/A EN MANTENIMIENTO INDUSTRIAL,TECNICATURA UNIVERSITARIA EN MANTENIMIENTO INDUSTRIAL,D./247/2026,PRESENCIAL,Pregrado
43,Universidad Tecnológica Nacional,TECNICO/A UNIVERSITARIO/A EN MANTENIMIENTO INDUSTRIAL,TECNICATURA UNIVERSITARIA EN MANTENIMIENTO INDUSTRIAL,R.M./1614/2019,PRESENCIAL,Pregrado
43,Universidad Tecnológica Nacional,TECNICO/A UNIVERSITARIO/A EN MANTENIMIENTO INDUSTRIAL,TECNICATURA UNIVERSITARIA EN MANTENIMIENTO INDUSTRIAL,R.M./1863/2019,PRESENCIAL,Pregrado
43,Universidad Tecnológica Nacional,TECNICO/A UNIVERSITARIO/A EN MANTENIMIENTO INDUSTRIAL,TECNICATURA UNIVERSITARIA EN MANTENIMIENTO INDUSTRIAL,R.M./1827/2020 - R.M./382/2023,PRESENCIAL,Pregrado
43,Universidad Tecnológica Nacional,TECNICO/A UNIVERSITARIO/A EN MANTENIMIENTO INDUSTRIAL,TECNICATURA UNIVERSITARIA EN MANTENIMIENTO INDUSTRIAL,R.M./1518/2019 - R.M./1744/2022,PRESENCIAL,Pregrado
43,Universidad Tecnológica Nacional,TECNICO/A UNIVERSITARIO/A EN MANTENIMIENTO INDUSTRIAL,TECNICATURA UNIVERSITARIA EN MANTENIMIENTO INDUSTRIAL,R.M./1705/2019,PRESENCIAL,Pregrado
43,Universidad Tecnológica Nacional,TECNICO/A UNIVERSITARIO/A EN MANTENIMIENTO INDUSTRIAL,TECNICATURA UNIVERSITARIA EN MANTENIMIENTO INDUSTRIAL,R.M./1049/2021 - R.M./1714/2022 - R.M./2517/2022 - R.M./2869/2022,PRESENCIAL,Pregrado
43,Universidad Tecnológica Nacional,TECNICO/A UNIVERSITARIO/A EN MANTENIMIENTO INDUSTRIAL,TECNICATURA UNIVERSITARIA EN MANTENIMIENTO INDUSTRIAL,R.M./1583/2019,PRESENCIAL,Pregrado
43,Universidad Tecnológica Nacional,TECNICO/A UNIVERSITARIO/A EN MANTENIMIENTO INDUSTRIAL,TECNICATURA UNIVERSITARIA EN MANTENIMIENTO INDUSTRIAL,R.M./1840/2019,PRESENCIAL,Pregrado
43,Universidad Tecnológica Nacional,TÉCNICO/A UNIVERSITARIO/A EN MATERIAL RODANTE FERROVIARIO,TECNICATURA SUPERIOR EN MATERIAL RODANTE FERROVIARIO,R.M./2283/2012 - R.M./978/2020 - R.M./910/2020,PRESENCIAL,Pregrado
43,Universidad Tecnológica Nacional,TÉCNICO/A UNIVERSITARIO/A EN MECÁNICA,INGENIERÍA MECÁNICA,D./376/2026,PRESENCIAL,Pregrado
43,Universidad Tecnológica Nacional,TÉCNICO/A UNIVERSITARIO/A EN MECATRÓNICA,TECNICATURA UNIVERSITARIA EN MECATRÓNICA,R.M./2410/2023,PRESENCIAL,Pregrado
43,Universidad Tecnológica Nacional,TÉCNICO/A UNIVERSITARIO/A EN MECATRÓNICA,TECNICATURA UNIVERSITARIA EN MECATRÓNICA,R.M./60/2019 - R.M./2368/2023,PRESENCIAL,Pregrado
43,Universidad Tecnológica Nacional,TÉCNICO/A UNIVERSITARIO/A EN MECATRÓNICA,TECNICATURA UNIVERSITARIA EN MECATRÓNICA,R.M./2264/2023,PRESENCIAL,Pregrado
43,Universidad Tecnológica Nacional,TÉCNICO/A UNIVERSITARIO/A EN MECATRÓNICA,TECNICATURA UNIVERSITARIA EN MECATRÓNICA,R.M./1826/2020 - R.M./2867/2022 - R.M./2691/2022 - R.M./2221/2023 - R.M./2215/2023 - R.M./2853/2023 - R.M./1187/2024 - R.M./1329/2024 - D./131/2025 - D./1080/2025 - D./46/2026 - D./220/2026,PRESENCIAL,Pregrado
43,Universidad Tecnológica Nacional,TÉCNICO/A UNIVERSITARIO/A EN MEDICIONES FISCALES Y OPERATIVAS DE HIDROCARBUROS,TECNICATURA SUPERIOR EN MEDICIONES FISCALES Y OPERATIVAS DE HIDROCARBUROS,R.M./925/2017 - R.M./706/2021,A DISTANCIA,Pregrado
43,Universidad Tecnológica Nacional,TÉCNICO/A UNIVERSITARIO/A EN MEDICIONES FISCALES Y OPERATIVAS DE HIDROCARBUROS,TECNICATURA SUPERIOR EN MEDICIONES FISCALES Y OPERATIVAS DE HIDROCARBUROS,R.M./2448/2013 - R.M./417/2020,PRESENCIAL,Pregrado
43,Universidad Tecnológica Nacional,TÉCNICO/A UNIVERSITARIO/A EN METALURGIA,TECNICATURA UNIVERSITARIA EN METALÚRGICA,R.M./1335/2019,PRESENCIAL,Pregrado
43,Universidad Tecnológica Nacional,TÉCNICO/A UNIVERSITARIO/A EN METALURGIA,INGENIERÍA METALÚRGICA,D./258/2026,PRESENCIAL,Pregrado
43,Universidad Tecnológica Nacional,TÉCNICO/A UNIVERSITARIO/A EN METALURGIA,TECNICATURA UNIVERSITARIA METALURGIA,R.M./808/2019,PRESENCIAL,Pregrado
43,Universidad Tecnológica Nacional,"TÉCNICO/A UNIVERSITARIO/A EN MOLDES, MATRICES Y DISPOSITIVOS","TECNICATURA SUPERIOR EN MOLDES, MATRICES Y DISPOSITIVOS",R.M./2217/2012 - R.M./560/2020 - R.M./632/2020 - R.M./779/2020,PRESENCIAL,Pregrado
43,Universidad Tecnológica Nacional,TECNICO/A UNIVERSITARIO/A EN NEGOCIACIÓN DE BIENES,TECNICATURA UNIVERSITARIA EN NEGOCIACIÓN DE BIENES,R.M./567/2020,PRESENCIAL,Pregrado
43,Universidad Tecnológica Nacional,TECNICO/A UNIVERSITARIO/A EN NEGOCIACIÓN DE BIENES,TECNICATURA UNIVERSITARIA EN NEGOCIACIÓN DE BIENES,R.M./613/2020,PRESENCIAL,Pregrado
43,Universidad Tecnológica Nacional,TECNICO/A UNIVERSITARIO/A EN NEGOCIACIÓN DE BIENES,TECNICATURA UNIVERSITARIA EN NEGOCIACIÓN DE BIENES,R.M./670/2020,PRESENCIAL,Pregrado
43,Universidad Tecnológica Nacional,TÉCNICO/A UNIVERSITARIO/A EN NEGOCIACIÓN DE BIENES,TECNICATURA UNIVERSITARIA EN NEGOCIACIÓN DE BIENES,D./237/2026,A DISTANCIA,Pregrado
43,Universidad Tecnológica Nacional,TÉCNICO/A UNIVERSITARIO/A EN NEGOCIACIÓN DE BIENES,TECNICATURA UNIVERSITARIA EN NEGOCIACIÓN DE BIENES,D./256/2026,PRESENCIAL,Pregrado
43,Universidad Tecnológica Nacional,TÉCNICO/A UNIVERSITARIO/A EN OPERACIÓN DE AERONAVES,TECNICATURA UNIVERSTARIA EN OPERACIÓN DE AERONAVES,D./274/2026,PRESENCIAL,Pregrado
43,Universidad Tecnológica Nacional,TÉCNICO/A UNIVERSITARIO/A EN OPERACIÓN Y MANTENIMIENTO DE REDES ELÉCTRICAS,TECNICATURA SUPERIOR EN OPERACIÓN Y MANTENIMIENTO DE REDES ELÉCTRICAS,R.M.1467/11 - R.M./1467/2011 - R.M./2519/2020 - R.M./140/2021 - R.M./574/2021 - R.M./569/2021 - R.M./594/2021 - R.M./532/2021 - R.M./775/2021 - R.M./692/2021 - R.M./881/2021 - R.M./1220/2021 - R.M./1055/2021 - R.M./1390/2021 - R.M./2753/2021 - R.M./3078/2022 - R.M./367/2023 - R.M./1092/2023 - D./245/2024,PRESENCIAL,Pregrado
43,Universidad Tecnológica Nacional,TÉCNICO/A UNIVERSITARIO/A EN PERFORACIÓN Y TERMINACIÓN DE POZOS PETROLEROS,TECNICATURA SUPERIOR EN PERFORACIÓN Y TERMINACIÓN DE POZOS PETROLEROS,R.M./1301/2016 - R.M./479/2020 - R.M./806/2020,PRESENCIAL,Pregrado
43,Universidad Tecnológica Nacional,TÉCNICO/A UNIVERSITARIO/A EN PRÁCTICAS CARDIOLÓGICAS, ,R.M.0387/07,PRESENCIAL,Pregrado
43,Universidad Tecnológica Nacional,TÉCNICO/A UNIVERSITARIO/A EN PROCEDIMIENTOS Y TECNOLOGÍAS AMBIENTALES,TECNICATURA UNIVERSITARIA EN PROCEDIMIENTOS Y TECNOLOGÍAS AMBIENTALES,D./657/2026,PRESENCIAL,Pregrado
43,Universidad Tecnológica Nacional,TÉCNICO/A UNIVERSITARIO/A EN PROCEDIMIENTOS Y TECNOLOGÍAS AMBIENTALES,TECNICATURA UNIVERSITARIA EN PROCEDIMIENTOS Y TECNOLOGÍAS AMBIENTALES,R.M./563/2021,A DISTANCIA,Pregrado
43,Universidad Tecnológica Nacional,TÉCNICO/A UNIVERSITARIO/A EN PROCEDIMIENTOS Y TECNOLOGÍAS AMBIENTALES,TECNICATURA SUPERIOR EN PROCEDIMIENTOS Y TECNOLOGÍAS AMBIENTALES,R.M./306/2015 - R.M./4257/2019 - R.M./810/2020 - R.M./1254/2021 - R.M./2329/2021 - R.M./148/2021 - R.M./252/2022 - D./1081/2025,PRESENCIAL,Pregrado
43,Universidad Tecnológica Nacional,TÉCNICO/A UNIVERSITARIO/A EN PROCESOS INDUSTRIALES,TECNICATURA UNIVERSITARIA EN PROCESOS INDUSTRIALES,R.M./803/2020 - R.M./887/2024,PRESENCIAL,Pregrado
43,Universidad Tecnológica Nacional,TÉCNICO/A UNIVERSITARIO/A EN PROCESOS INDUSTRIALES,TECNICATURA UNIVERSITARIA EN PROCESOS INDUSTRIALES,R.M./606/2020,PRESENCIAL,Pregrado
43,Universidad Tecnológica Nacional,TÉCNICO/A UNIVERSITARIO/A EN PROCESOS INDUSTRIALES,TECNICATURA UNIVERSITARIA EN PROCESOS INDUSTRIALES,R.M./986/2020,PRESENCIAL,Pregrado
43,Universidad Tecnológica Nacional,TÉCNICO/A UNIVERSITARIO/A EN PRODUCCIÓN TEXTIL,TECNICATURA SUPERIOR EN PRODUCCIÓN TEXTIL,R.M./1502/2012 - R.M./829/2021,PRESENCIAL,Pregrado
43,Universidad Tecnológica Nacional,TÉCNICO/A UNIVERSITARIO/A EN PROGRAMACIÓN,TECNICATURA UNIVERSITARIA EN PROGRAMACIÓN,R.M./550/2020,PRESENCIAL,Pregrado
43,Universidad Tecnológica Nacional,TÉCNICO/A UNIVERSITARIO/A EN PROGRAMACIÓN,TECNICATURA UNIVERSITARIA EN PROGRAMACIÓN,R.M./557/2020,PRESENCIAL,Pregrado
43,Universidad Tecnológica Nacional,TÉCNICO/A UNIVERSITARIO/A EN PROGRAMACIÓN,TECNICATURA UNIVERSITARIA EN PROGRAMACIÓN,R.M./916/2020,PRESENCIAL,Pregrado
43,Universidad Tecnológica Nacional,TÉCNICO/A UNIVERSITARIO/A EN PROGRAMACIÓN,TECNICATURA UNIVERSITARIA EN PROGRAMACIÓN,R.M./1826/2020 - R.M./2535/2022 - R.M./2461/2020,PRESENCIAL,Pregrado
43,Universidad Tecnológica Nacional,TÉCNICO/A UNIVERSITARIO/A EN PROGRAMACIÓN,TECNICATURA UNIVERSITARIA EN PROGRAMACIÓN,R.M./518/2020 - R.M./1394/2021 - R.M./959/2024 - D./466/2025 - D./468/2025 - D./475/2025 - D./522/2025 - D./837/2025 - D./711/2025 - D./854/2025 - D./224/2026 - D./356/2026 - D./494/2026 - D./627/2026,PRESENCIAL,Pregrado
43,Universidad Tecnológica Nacional,TÉCNICO/A UNIVERSITARIO/A EN PROGRAMACIÓN,TECNICATURA UNIVERSITARIA EN PROGRAMACIÓN,R.M./1158/2024,PRESENCIAL,Pregrado
43,Universidad Tecnológica Nacional,TÉCNICO/A UNIVERSITARIO/A EN PROGRAMACIÓN,TECNICATURA UNIVERSITARIA EN PROGRAMACIÓN,D./371/2025,PRESENCIAL,Pregrado
43,Universidad Tecnológica Nacional,TÉCNICO/A UNIVERSITARIO/A EN PROGRAMACIÓN,TECNICATURA UNIVERSITARIA EN PROGRAMACIÓN,R.M./588/2020,PRESENCIAL,Pregrado
43,Universidad Tecnológica Nacional,TÉCNICO/A UNIVERSITARIO/A EN PROGRAMACIÓN,TECNICATURA UNIVERSITARIA EN PROGRAMACIÓN,D./430/2025,PRESENCIAL,Pregrado
43,Universidad Tecnológica Nacional,TÉCNICO/A UNIVERSITARIO/A EN PROGRAMACIÓN,TECNICATURA UNIVERSITARIA EN PROGRAMACIÓN,R.M./947/2020,PRESENCIAL,Pregrado
43,Universidad Tecnológica Nacional,TÉCNICO/A UNIVERSITARIO/A EN PROGRAMACIÓN,TECNICATURA UNIVERSITARIA EN PROGRAMACIÓN,R.M./63/2025 - D./1341/2025 - D./54/2026,PRESENCIAL,Pregrado
43,Universidad Tecnológica Nacional,TÉCNICO/A UNIVERSITARIO/A EN PROGRAMACIÓN,TECNICATURA UNIVERSITARIA EN PROGRAMACIÓN,D./1068/2025,PRESENCIAL,Pregrado
43,Universidad Tecnológica Nacional,TÉCNICO/A UNIVERSITARIO/A EN PROGRAMACIÓN,TECNICATURA UNIVERSITARIA EN PROGRAMACIÓN,R.M./533/2024,PRESENCIAL,Pregrado
43,Universidad Tecnológica Nacional,TÉCNICO/A UNIVERSITARIO/A EN PROGRAMACIÓN,TECNICATURA UNIVERSITARIA EN PROGRAMACIÓN,D./407/2025,PRESENCIAL,Pregrado
43,Universidad Tecnológica Nacional,TÉCNICO/A UNIVERSITARIO/A EN PROGRAMACIÓN,TECNICATURA UNIVERSITARIA EN PROGRAMACIÓN,R.M./759/2021,PRESENCIAL,Pregrado
43,Universidad Tecnológica Nacional,TÉCNICO/A UNIVERSITARIO/A EN PROGRAMACIÓN,TECNICATURA UNIVERSITARIA EN PROGRAMACIÓN,R.M./942/2020,PRESENCIAL,Pregrado
43,Universidad Tecnológica Nacional,TÉCNICO/A UNIVERSITARIO/A EN PROGRAMACIÓN,TECNICATURA UNIVERSITARIA EN PROGRAMACIÓN,R.M./1343/2021,PRESENCIAL,Pregrado
43,Universidad Tecnológica Nacional,TÉCNICO/A UNIVERSITARIO/A EN PROGRAMACIÓN,TECNICATURA UNIVERSITARIA EN PROGRAMACIÓN,D./182/2026,PRESENCIAL,Pregrado
43,Universidad Tecnológica Nacional,TÉCNICO/A UNIVERSITARIO/A EN PROGRAMACIÓN,TECNICATURA UNIVERSITARIA EN PROGRAMACIÓN,R.M./500/2021,PRESENCIAL,Pregrado
43,Universidad Tecnológica Nacional,TÉCNICO/A UNIVERSITARIO/A EN PROGRAMACIÓN,TECNICATURA UNIVERSITARIA EN PROGRAMACIÓN,D./196/2026,PRESENCIAL,Pregrado
43,Universidad Tecnológica Nacional,TÉCNICO/A UNIVERSITARIO/A EN PROGRAMACIÓN,TECNICATURA UNIVERSITARIA EN PROGRAMACIÓN,R.M./1561/2020 - R.M./1031/2021 - R.M./1024/2021 - R.M./2368/2021 - R.M./2366/2021,PRESENCIAL,Pregrado
43,Universidad Tecnológica Nacional,TÉCNICO/A UNIVERSITARIO/A EN PROGRAMACIÓN,TECNICATURA UNIVERSITARIA EN PROGRAMACIÓN,R.M./680/2021,PRESENCIAL,Pregrado
43,Universidad Tecnológica Nacional,TÉCNICO/A UNIVERSITARIO/A EN PROGRAMACIÓN,TECNICATURA UNIVERSITARIA EN PROGRAMACIÓN,D./467/2025,PRESENCIAL,Pregrado
43,Universidad Tecnológica Nacional,TÉCNICO/A UNIVERSITARIO/A EN PROGRAMACIÓN,TECNICATURA UNIVERSITARIA EN PROGRAMACIÓN,R.M./689/2021,PRESENCIAL,Pregrado
43,Universidad Tecnológica Nacional,TÉCNICO/A UNIVERSITARIO/A EN PROGRAMACIÓN,TECNICATURA UNIVERSITARIA EN PROGRAMACIÓN,R.M./439/2020,PRESENCIAL,Pregrado
43,Universidad Tecnológica Nacional,TÉCNICO/A UNIVERSITARIO/A EN PROGRAMACIÓN,TECNICATURA UNIVERSITARIA EN PROGRAMACIÓN,R.M./856/2020,PRESENCIAL,Pregrado
43,Universidad Tecnológica Nacional,TÉCNICO/A UNIVERSITARIO/A EN PROGRAMACIÓN,TECNICATURA UNIVERSITARIA EN PROGRAMACIÓN,D./1119/2025,A DISTANCIA,Pregrado
43,Universidad Tecnológica Nacional,TÉCNICO/A UNIVERSITARIO/A EN PROGRAMACIÓN,TECNICATURA UNIVERSITARIA EN PROGRAMACIÓN,R.M./563/2020,PRESENCIAL,Pregrado
43,Universidad Tecnológica Nacional,TÉCNICO/A UNIVERSITARIO/A EN PROGRAMACIÓN,TECNICATURA UNIVERSITARIA EN PROGRAMACIÓN,R.M./513/2021,PRESENCIAL,Pregrado
43,Universidad Tecnológica Nacional,TÉCNICO/A UNIVERSITARIO/A EN PROGRAMACIÓN,TECNICATURA UNIVERSITARIA EN PROGRAMACIÓN,R.M./510/2021,PRESENCIAL,Pregrado
43,Universidad Tecnológica Nacional,TÉCNICO/A UNIVERSITARIO/A EN PROGRAMACIÓN,TECNICATURA UNIVERSITARIA EN PROGRAMACIÓN,D./415/2025,PRESENCIAL,Pregrado
43,Universidad Tecnológica Nacional,TÉCNICO/A UNIVERSITARIO/A EN PROGRAMACIÓN,TECNICATURA UNIVERSITARIA EN PROGRAMACIÓN,R.M./459/2020,PRESENCIAL,Pregrado
43,Universidad Tecnológica Nacional,TÉCNICO/A UNIVERSITARIO/A EN PROGRAMACIÓN,TECNICATURA UNIVERSITARIA EN PROGRAMACIÓN,R.M./1337/2024,PRESENCIAL,Pregrado
43,Universidad Tecnológica Nacional,TÉCNICO/A UNIVERSITARIO/A EN PROGRAMACIÓN,TECNICATURA UNIVERSITARIA EN PROGRAMACIÓN,R.M./542/2024,PRESENCIAL,Pregrado
43,Universidad Tecnológica Nacional,TÉCNICO/A UNIVERSITARIO/A EN PROGRAMACIÓN,TECNICATURA UNIVERSITARIA EN PROGRAMACIÓN,R.M./673/2020,PRESENCIAL,Pregrado
43,Universidad Tecnológica Nacional,TÉCNICO/A UNIVERSITARIO/A EN PROGRAMACIÓN,TECNICATURA UNIVERSITARIA EN PROGRAMACIÓN,D./209/2026,PRESENCIAL,Pregrado
43,Universidad Tecnológica Nacional,TÉCNICO/A UNIVERSITARIO/A EN PROGRAMACIÓN,TECNICATURA UNIVERSITARIA EN PROGRAMACIÓN,D./529/2025,PRESENCIAL,Pregrado
43,Universidad Tecnológica Nacional,TÉCNICO/A UNIVERSITARIO/A EN PROGRAMACIÓN,TECNICATURA UNIVERSITARIA EN PROGRAMACIÓN,R.M./1170/2024,PRESENCIAL,Pregrado
43,Universidad Tecnológica Nacional,TÉCNICO/A UNIVERSITARIO/A EN PROGRAMACIÓN,TECNICATURA UNIVERSITARIA EN PROGRAMACIÓN,R.M./1354/2024,PRESENCIAL,Pregrado
43,Universidad Tecnológica Nacional,TÉCNICO/A UNIVERSITARIO/A EN PROGRAMACIÓN,TECNICATURA UNIVERSITARIA EN PROGRAMACIÓN,R.M./634/2020,PRESENCIAL,Pregrado
43,Universidad Tecnológica Nacional,TÉCNICO/A UNIVERSITARIO/A EN PROGRAMACIÓN,TECNICATURA UNIVERSITARIA EN PROGRAMACIÓN,R.M./954/2020,PRESENCIAL,Pregrado
43,Universidad Tecnológica Nacional,TÉCNICO/A UNIVERSITARIO/A EN PROGRAMACIÓN,TECNICATURA UNIVERSITARIA EN PROGRAMACIÓN,R.M./662/2020,PRESENCIAL,Pregrado
43,Universidad Tecnológica Nacional,TÉCNICO/A UNIVERSITARIO/A EN PROGRAMACIÓN,TECNICATURA UNIVERSITARIA EN PROGRAMACIÓN,D./393/2025,PRESENCIAL,Pregrado
43,Universidad Tecnológica Nacional,TECNICO/A UNIVERSITARIO/A EN QUÍMICA,TECNICATURA UNIVERSITARIA EN QUÍMICA,R.M./373/2023,PRESENCIAL,Pregrado
43,Universidad Tecnológica Nacional,TECNICO/A UNIVERSITARIO/A EN QUÍMICA,TECNICATURA UNIVERSITARIA EN QUÍMICA,R.M./382/2023,PRESENCIAL,Pregrado
43,Universidad Tecnológica Nacional,TECNICO/A UNIVERSITARIO/A EN QUÍMICA,INGENIERÍA QUÍMICA,R.M./1642/2018,PRESENCIAL,Pregrado
43,Universidad Tecnológica Nacional,TECNICO/A UNIVERSITARIO/A EN QUÍMICA,TECNICATURA UNIVERSITARIA EN QUÍMICA,R.M./379/2023,PRESENCIAL,Pregrado
43,Universidad Tecnológica Nacional,TECNICO/A UNIVERSITARIO/A EN QUÍMICA,TECNICATURA UNIVERSITARIA EN QUÍMICA,R.M./599/2023,PRESENCIAL,Pregrado
43,Universidad Tecnológica Nacional,TECNICO/A UNIVERSITARIO/A EN QUÍMICA,TECNICATURA UNIVERSITARIA EN QUÍMICA,R.M./431/2023,PRESENCIAL,Pregrado
43,Universidad Tecnológica Nacional,TECNICO/A UNIVERSITARIO/A EN QUÍMICA,TECNICATURA UNIVERSITARIA EN QUÍMICA,R.M./468/2023,PRESENCIAL,Pregrado
43,Universidad Tecnológica Nacional,TECNICO/A UNIVERSITARIO/A EN QUÍMICA,TECNICATURA UNIVERSITARIA EN QUÍMICA,R.M./372/2023,PRESENCIAL,Pregrado
43,Universidad Tecnológica Nacional,TECNICO/A UNIVERSITARIO/A EN QUÍMICA,TECNICATURA UNIVERSITARIA EN QUÍMICA,R.M./425/2023,PRESENCIAL,Pregrado
43,Universidad Tecnológica Nacional,TECNICO/A UNIVERSITARIO/A EN QUÍMICA,TECNICATURA UNIVERSITARIA EN QUÍMICA,R.M./392/2023,PRESENCIAL,Pregrado
43,Universidad Tecnológica Nacional,TÉCNICO/A UNIVERSITARIO/A EN QUÍMICA,TECNICATURA UNIVERSITARIA EN QUÍMICA,R.M./380/2023,PRESENCIAL,Pregrado
43,Universidad Tecnológica Nacional,TÉCNICO/A UNIVERSITARIO/A EN QUÍMICA,INGENIERÍA QUÍMICA,R.M./1374/2021,PRESENCIAL,Pregrado
43,Universidad Tecnológica Nacional,TÉCNICO/A UNIVERSITARIO/A EN QUÍMICA,TECNICATURA UNIVERSITARIA EN QUÍMICA,R.M./2082/2021,PRESENCIAL,Pregrado
43,Universidad Tecnológica Nacional,TÉCNICO/A UNIVERSITARIO/A EN QUÍMICA,TECNICATURA UNIVERSITARIA EN QUÍMICA,R.M./2083/2021,PRESENCIAL,Pregrado
43,Universidad Tecnológica Nacional,TÉCNICO/A UNIVERSITARIO/A EN QUÍMICA,INGENIERÍA QUÍMICA,R.M./2081/2021,PRESENCIAL,Pregrado
43,Universidad Tecnológica Nacional,TÉCNICO/A UNIVERSITARIO/A EN QUÍMICA,INGENIERÍA QUÍMICA,R.M./1363/2021,PRESENCIAL,Pregrado
43,Universidad Tecnológica Nacional,TÉCNICO/A UNIVERSITARIO/A EN QUÍMICA,TECNICATURA UNIVERSITARIA EN QUÍMICA,R.M./1503/2021,PRESENCIAL,Pregrado
43,Universidad Tecnológica Nacional,TÉCNICO/A UNIVERSITARIO/A EN QUÍMICA,INGENIERÍA QUÍMICA,R.M./1204/2021,PRESENCIAL,Pregrado
43,Universidad Tecnológica Nacional,TÉCNICO/A UNIVERSITARIO/A EN QUÍMICA,INGENIERÍA QUÍMICA,R.M./2714/2021,PRESENCIAL,Pregrado
43,Universidad Tecnológica Nacional,TÉCNICO/A UNIVERSITARIO/A EN QUÍMICA,INGENIERÍA QUÍMICA,R.M./1048/2021,PRESENCIAL,Pregrado
43,Universidad Tecnológica Nacional,TÉCNICO/A UNIVERSITARIO/A EN QUÍMICA,TECNICATURA UNIVERSITARIA EN QUÍMICA,R.M./1371/2021,PRESENCIAL,Pregrado
43,Universidad Tecnológica Nacional,TÉCNICO/A UNIVERSITARIO/A EN QUÍMICA,TECNICATURA UNIVERSITARIA EN QUÍMICA,R.M./769/2023,PRESENCIAL,Pregrado
43,Universidad Tecnológica Nacional,TÉCNICO/A UNIVERSITARIO/A EN QUÍMICA,INGENIERÍA QUÍMICA,R.M./1033/2021,PRESENCIAL,Pregrado
43,Universidad Tecnológica Nacional,TÉCNICO/A UNIVERSITARIO/A EN QUÍMICA,INGENIERÍA QUÍMICA,R.M./1084/2021,PRESENCIAL,Pregrado
43,Universidad Tecnológica Nacional,TÉCNICO/A UNIVERSITARIO/A EN QUÍMICA,TECNICATURA UNIVERSITARIA EN QUÍMICA,R.M./511/2023,PRESENCIAL,Pregrado
43,Universidad Tecnológica Nacional,TÉCNICO/A UNIVERSITARIO/A EN RADIOLOGÍA,TECNICATURA UNIVERSITARIA EN RADIOLOGÍA,R.M./3201/2021 - D./782/2025 - D./786/2025,PRESENCIAL,Pregrado
43,Universidad Tecnológica Nacional,TECNICO/A UNIVERSITARIO/A EN SANEAMIENTO Y PRODUCCIÓN DE AGUA POTABLE,TECNICATURA UNIVERSITARIA EN SANEAMIENTO Y PRODUCCIÓN DE AGUA POTABLE,R.M./947/2024,PRESENCIAL,Pregrado
43,Universidad Tecnológica Nacional,TÉCNICO/A UNIVERSITARIO/A EN SEGURIDAD URBANA Y PORTUARIA,TECNICATURA UNIVERSITARIA EN SEGURIDAD URBANA Y PORTUARIA,R.M./4238/2019 - R.M./691/2021,PRESENCIAL,Pregrado
43,Universidad Tecnológica Nacional,TÉCNICO/A UNIVERSITARI/OA EN SEGURIDAD VIAL,TECNICATURA UNIVERSITARIA EN SEGURIDAD VIAL,R.M./556/2020,PRESENCIAL,Pregrado
43,Universidad Tecnológica Nacional,TÉCNICO/A UNIVERSITARIO/A EN SEGURIDAD VIAL,TECNICATURA UNIVERSITARIA EN SEGURIDAD VIAL,R.M./510/2024,PRESENCIAL,Pregrado
43,Universidad Tecnológica Nacional,TÉCNICO/A UNIVERSITARIO/A EN SEGURIDAD VIAL,TECNICATURA UNIVERSITARIA EN SEGURIDAD VIAL,R.M./590/2020,PRESENCIAL,Pregrado
43,Universidad Tecnológica Nacional,TÉCNICO/A UNIVERSITARIO/A EN SEGURIDAD VIAL,TECNICATURA UNIVERSITARIA EN SEGURIDAD VIAL,D./337/2025,PRESENCIAL,Pregrado
43,Universidad Tecnológica Nacional,TÉCNICO/A UNIVERSITARIO/A EN SEGURIDAD VIAL,TECNICATURA UNIVERSITARIA EN SEGURIDAD VIAL,R.M./672/2020,PRESENCIAL,Pregrado
43,Universidad Tecnológica Nacional,TÉCNICO/A UNIVERSITARIO/A EN SEGURIDAD VIAL,TECNICATURA UNIVERSITARIA EN SEGURIDAD VIAL,R.M./995/2020,PRESENCIAL,Pregrado
43,Universidad Tecnológica Nacional,TÉCNICO/A UNIVERSITARIO/A EN SEGURIDAD VIAL,TECNICATURA UNIVERSITARIA EN SEGURIDAD VIAL,R.M./652/2020,PRESENCIAL,Pregrado
43,Universidad Tecnológica Nacional,TÉCNICO/A UNIVERSITARIO/A EN SEGURIDAD VIAL,TECNICATURA UNIVERSITARIA EN SEGURIDAD VIAL,R.M./902/2020,PRESENCIAL,Pregrado
43,Universidad Tecnológica Nacional,TÉCNICO/A UNIVERSITARIO/A EN SEGURIDAD VIAL,TECNICATURA UNIVERSITARIA EN SEGURIDAD VIAL,R.M./1621/2019,PRESENCIAL,Pregrado
43,Universidad Tecnológica Nacional,TÉCNICO/A UNIVERSITARIO/A EN SISTEMAS INFORMÁTICOS,TECNICATURA UNIVERSITARIA EN SISTEMAS INFORMÁTICOS,D./205/2024,PRESENCIAL,Pregrado
43,Universidad Tecnológica Nacional,TÉCNICO/A UNIVERSITARIO/A EN SISTEMAS INFORMÁTICOS,TECNICATURA UNIVERSITARIA EN SISTEMAS INFORMÁTICOS,D./197/2024,PRESENCIAL,Pregrado
43,Universidad Tecnológica Nacional,TÉCNICO/A UNIVERSITARIO/A EN SISTEMAS INFORMÁTICOS,TECNICATURA UNIVERSITARIA EN SISTEMAS INFORMÁTICOS,D./219/2024,PRESENCIAL,Pregrado
43,Universidad Tecnológica Nacional,TÉCNICO/A UNIVERSITARIO/A EN SISTEMAS INFORMÁTICOS,TECNICATURA UNIVERSITARIA EN SISTEMAS INFORMÁTICOS,R.M./377/2023,PRESENCIAL,Pregrado
43,Universidad Tecnológica Nacional,TÉCNICO/A UNIVERSITARIO/A EN SISTEMAS INFORMÁTICOS,TECNICATURA UNIVERSITARIA EN SISTEMAS INFORMÁTICOS,D./232/2024,PRESENCIAL,Pregrado
43,Universidad Tecnológica Nacional,TÉCNICO/A UNIVERSITARIO/A EN SISTEMAS INFORMÁTICOS,TECNICATURA UNIVERSITARIA EN SISTEMAS INFORMÁTICOS,D./258/2024,PRESENCIAL,Pregrado
43,Universidad Tecnológica Nacional,TÉCNICO/A UNIVERSITARIO/A EN SISTEMAS INFORMÁTICOS,TECNICATURA UNIVERSITARIA EN SISTEMAS INFORMÁTICOS,R.M./371/2023,PRESENCIAL,Pregrado
43,Universidad Tecnológica Nacional,TÉCNICO/A UNIVERSITARIO/A EN TECNOLOGÍAS DE LA INFORMACIÓN,TECNICATURA UNIVERSITARIA EN TECNOLOGÍA DE LA INFORMACIÓN,R.M./1781/2020 - R.M./2223/2023,A DISTANCIA,Pregrado
43,Universidad Tecnológica Nacional,TÉCNICO/A UNIVERSITARIO/A EN TELECOMUNICACIONES,TECNICATURA SUPERIOR EN TELECOMUNICACIONES,R.M./793/2012 - R.M./828/2020 - R.M./1019/2024 - D./1037/2025,PRESENCIAL,Pregrado
43,Universidad Tecnológica Nacional,TÉCNICO/A UNIVERSITARIO/A EN YACIMIENTOS HIDROCARBURÍFEROS NO CONVENCIONALES,TECNICATURA SUPERIOR EN YACIMIENTOS HIDROCARBURÍFEROS NO CONVENCIONALES,R.M./923/2014 - R.M./460/2020,PRESENCIAL,Pregrado
43,Universidad Tecnológica Nacional,TECNICO EN ELECTRONICA, ,R.M./0757/2013,PRESENCIAL,Preuniversitario
43,Universidad Tecnológica Nacional,TECNICO EN RADIOLOGIA, ,R.M.1477/06,PRESENCIAL,Pregrado
43,Universidad Tecnológica Nacional,TECNICO SUPERIOR EN ACUICULTURA Y PROCESAMIENTO PESQUERO, ,R.M.0022/06,PRESENCIAL,Pregrado
43,Universidad Tecnológica Nacional,TECNICO SUPERIOR EN ADMINISTRACION, ,R.M.1119/06,PRESENCIAL,Pregrado
43,Universidad Tecnológica Nacional,TECNICO SUPERIOR EN ADMINISTRACION PORTUARIA, ,R.M.0720/07,PRESENCIAL,Pregrado
43,Universidad Tecnológica Nacional,TECNICO SUPERIOR EN ADMINISTRACION Y GESTION EN INSTITUCIONES DE EDUCACION SUPERIOR, ,R.M.0188/09,PRESENCIAL,Pregrado
43,Universidad Tecnológica Nacional,TECNICO SUPERIOR EN AUTOMATIZACION Y ROBOTICA, ,R.M.0568/06,PRESENCIAL,Pregrado
43,Universidad Tecnológica Nacional,TECNICO SUPERIOR EN BROMATOLOGIA Y MEDIO AMBIENTE, ,R.M.0136/06,PRESENCIAL,Pregrado
43,Universidad Tecnológica Nacional,TECNICO SUPERIOR EN CELULOSA Y PAPEL, ,R.M.1039/07,PRESENCIAL,Pregrado
43,Universidad Tecnológica Nacional,TECNICO SUPERIOR EN CONTROL ELECTRICO Y ACCIONAMIENTOS, ,R.M.0916/06,PRESENCIAL,Pregrado
43,Universidad Tecnológica Nacional,TECNICO SUPERIOR EN DESARROLLO LOCAL Y REGIONAL, ,R.M.1480/08,PRESENCIAL,Pregrado
43,Universidad Tecnológica Nacional,TECNICO SUPERIOR EN DISEÑO TECNOLOGICO, ,R.M.0771/06,PRESENCIAL,Pregrado
43,Universidad Tecnológica Nacional,TECNICO SUPERIOR EN ELECTRONICA, ,R.M.0709/06,PRESENCIAL,Pregrado
43,Universidad Tecnológica Nacional,TECNICO SUPERIOR EN ENERGIA RENOVABLE Y MEDIO AMBIENTE, ,R.M.0231/04,PRESENCIAL,Pregrado
43,Universidad Tecnológica Nacional,TECNICO SUPERIOR EN ENOLOGIA, ,R.M.1019/06,PRESENCIAL,Pregrado
43,Universidad Tecnológica Nacional,"TECNICO SUPERIOR EN EQUIPOS VIALES, MINEROS Y AGRICOLAS", ,R.M.1025/07,PRESENCIAL,Pregrado
43,Universidad Tecnológica Nacional,TÉCNICO SUPERIOR EN FABRICACIÓN DE MAQUINARIA AGRÍCOLA,TECNICATURA SUPERIOR EN FABRICACIÓN DE MAQUINARIA AGRÍCOLA,R.M./1454/2016,PRESENCIAL,Pregrado
43,Universidad Tecnológica Nacional,TECNICO SUPERIOR EN FISICA Y FISICA APLICADA, ,R.M.0769/06,PRESENCIAL,Pregrado
43,Universidad Tecnológica Nacional,TECNICO SUPERIOR EN GESTION DE LA CALIDAD, ,R.M.0994/06,PRESENCIAL,Pregrado
43,Universidad Tecnológica Nacional,TECNICO SUPERIOR EN GESTION DE LA INDUSTRIA AUTOMOTRIZ,TECNICATURA SUPERIOR EN GESTIÓN DE LA INDUSTRIA AUTOMOTRÍZ,R.M.1017/11 - R.M./1017/2011,PRESENCIAL,Pregrado
43,Universidad Tecnológica Nacional,TECNICO SUPERIOR EN GESTION DE MANTENIMIENTO EN INSTITUCIONES DE SALUD, ,R.M.0386/03,PRESENCIAL,Pregrado
43,Universidad Tecnológica Nacional,TECNICO SUPERIOR EN INDUSTRIAS ALIMENTARIAS, ,R.M.1298/02,PRESENCIAL,Pregrado
43,Universidad Tecnológica Nacional,TECNICO SUPERIOR EN INFORMATICA APLICADA, ,R.M.0766/06,PRESENCIAL,Pregrado
43,Universidad Tecnológica Nacional,TECNICO SUPERIOR EN INTERIORISMO, ,R.M.0393/11,PRESENCIAL,Pregrado
43,Universidad Tecnológica Nacional,TECNICO SUPERIOR EN MANTENIMIENTO INDUSTRIAL, ,R.M.0091/03,PRESENCIAL,Pregrado
43,Universidad Tecnológica Nacional,"TECNICO SUPERIOR EN MECANICA, AUTOMOTORES Y MAQUINAS TERMICAS", ,R.M.0706/06,PRESENCIAL,Pregrado
43,Universidad Tecnológica Nacional,TECNICO SUPERIOR EN MECATRONICA, ,R.M.0501/02 - R.M.1390/05,PRESENCIAL,Pregrado
43,Universidad Tecnológica Nacional,TÉCNICO SUPERIOR EN MEDIO AMBIENTE ANTÁRTICO Y SUBANTÁRTICO,TECNICATURA SUPERIOR EN MEDIO AMBIENTE ANTÁRTICO Y SUBANTÁRTICO,R.M./166/2017,PRESENCIAL,Pregrado
43,Universidad Tecnológica Nacional,TECNICO SUPERIOR EN MEDIO AMBIENTE MARINO Y COSTERO, ,R.M.0749/07,PRESENCIAL,Pregrado
43,Universidad Tecnológica Nacional,TECNICO SUPERIOR EN METALURGIA,TECNICATURA SUPERIOR EN METALURGIA,R.M./2066/2012,PRESENCIAL,Pregrado
43,Universidad Tecnológica Nacional,TECNICO SUPERIOR EN NEGOCIACION DE BIENES, ,R.M.0161/03,PRESENCIAL,Pregrado
43,Universidad Tecnológica Nacional,TECNICO SUPERIOR EN OBRAS VIALES, ,R.M.1391/06,PRESENCIAL,Pregrado
43,Universidad Tecnológica Nacional,TECNICO SUPERIOR EN PERIODISMO, ,R.M.1087/06,PRESENCIAL,Pregrado
43,Universidad Tecnológica Nacional,TECNICO SUPERIOR EN PROCESOS INDUSTRIALES, ,R.M.0708/06,PRESENCIAL,Pregrado
43,Universidad Tecnológica Nacional,TECNICO SUPERIOR EN PROCESOS PRODUCTIVOS DEL CAUCHO, ,R.M.0478/09,PRESENCIAL,Pregrado
43,Universidad Tecnológica Nacional,TECNICO SUPERIOR EN PROGRAMACION, ,R.M.1274/02,PRESENCIAL,Pregrado
43,Universidad Tecnológica Nacional,TECNICO SUPERIOR EN QUIMICA Y QUIMICA APLICADA, ,R.M.0770/06,PRESENCIAL,Pregrado
43,Universidad Tecnológica Nacional,TECNICO SUPERIOR EN RECUPERO CREDITICIO, ,R.M.0114/06,PRESENCIAL,Pregrado
43,Universidad Tecnológica Nacional,TECNICO SUPERIOR EN SEGURIDAD URBANA Y PORTUARIA, ,R.M.0612/07,PRESENCIAL,Pregrado
43,Universidad Tecnológica Nacional,TECNICO SUPERIOR EN SEGURIDAD VIAL, ,R.M.1342/06,PRESENCIAL,Pregrado
43,Universidad Tecnológica Nacional,TECNICO SUPERIOR EN SISTEMAS INFORMATICOS -CICLO DE TECNICATURA, ,R.M.0769/04,PRESENCIAL,Pregrado
43,Universidad Tecnológica Nacional,TECNICO SUPERIOR EN SUPERVISION DE PROCESOS INDUSTRIALES CON ORIENTACION EN PETROQUIMICA, ,R.M.0331/04,PRESENCIAL,Pregrado
43,Universidad Tecnológica Nacional,TECNICO SUPERIOR EN TECNOLOGIAS DE LA INFORMACION, ,R.M.0857/02,A DISTANCIA,Pregrado
43,Universidad Tecnológica Nacional,TECNICO SUPERIOR EN TRATAMIENTOS DE AGUAS, ,R.M.1086/06,PRESENCIAL,Pregrado
43,Universidad Tecnológica Nacional,TECNICO UNIVERSITARIO EN ADMINISTRACION RURAL, ,R.M.0029/03,PRESENCIAL,Pregrado
43,Universidad Tecnológica Nacional,TÉCNICO UNIVERSITARIO EN QUÍMICA, ,R.M.0842/04,PRESENCIAL,Pregrado
43,Universidad Tecnológica Nacional,TÉCNICO UNIVERSITARIO EN YACIMIENTOS HIDROCARBURÍFEROS NO CONVENCIONALES,TECNICATURA UNIVERSITARIA EN YACIMIENTOS HIDROCARBURÍFEROS NO CONVENCIONALES,R.M./610/2021,A DISTANCIA,Pregrado
43,Universidad Tecnológica Nacional,TECNICO UNIVERSITARIO PESQUERO, ,R.M.0993/97,PRESENCIAL,Pregrado
43,Universidad Tecnológica Nacional,TRADUCTOR CIENTIFICO-TECNICO Y LITERARIO EN IDIOMA INGLES,TRADUCTORADO CIENTÍFICO TÉCNICO Y LITERARIO EN IDIOMA INGLÉS,R.M./41/2013,PRESENCIAL,Grado
174,Universidad Empresarial Siglo 21,ABOGADO,ABOGACÍA -MODALIDAD A DISTANCIA-,R.M./2174/2015,A DISTANCIA,Grado
174,Universidad Empresarial Siglo 21,ABOGADO/A, ,R.M.1468/99,PRESENCIAL,Grado
174,Universidad Empresarial Siglo 21,ABOGADO/A,ABOGACÍA,D./1050/2025,PRESENCIAL,Grado
174,Universidad Empresarial Siglo 21,ABOGADO/A,ABOGACÍA.,D./1231/2025,PRESENCIAL,Grado
174,Universidad Empresarial Siglo 21,ABOGADO/A,ABOGACÍA,D./1352/2025,A DISTANCIA,Grado
174,Universidad Empresarial Siglo 21,ABOGADO/A, ,R.M.0700/02,A DISTANCIA,Grado
174,Universidad Empresarial Siglo 21,ACTUARIO/A,ACTUARIO,R.M./1139/2021,PRESENCIAL,Grado
174,Universidad Empresarial Siglo 21,ANALISTA DE SISTEMAS DE INFORMACIÓN, ,R.M.0667/05,PRESENCIAL,Pregrado
174,Universidad Empresarial Siglo 21,ANALISTA DE SOFTWARE, ,R.M.0551/05,PRESENCIAL,Pregrado
174,Universidad Empresarial Siglo 21,ANALISTA UNIVERSITARIO/A EN ADMINISTRACIÓN PÚBLICA,LICENCIATURA EN ADMINISTRACIÓN PÚBLICA,R.M./966/2023,A DISTANCIA,Pregrado
174,Universidad Empresarial Siglo 21,ANALISTA UNIVERSITARIO/A EN MERCADO Y ESTRATEGIAS DE COMERCIALIZACIÓN,LICENCIATURA EN COMERCIALIZACIÓN - MARKETING,R.M./543/2023,A DISTANCIA,Pregrado
174,Universidad Empresarial Siglo 21,ANALISTA UNIVERSITARIO/A EN RELACIONES PÚBLICAS E INSTITUCIONALES,LICENCIATURA EN RELACIONES PÚBLICAS E INSTITUCIONALES, ,PRESENCIAL,Pregrado
174,Universidad Empresarial Siglo 21,ANALISTA UNIVERSITARIO/A EN RELACIONES PÚBLICAS E INSTITUCIONALES,LICENCIATURA EN RELACIONES PÚBLICAS E INSTITUCIONALES,R.M./853/2018,PRESENCIAL,Pregrado
174,Universidad Empresarial Siglo 21,ANALISTA UNIVERSITARIO/A EN RELACIONES PÚBLICAS E INSTITUCIONALES,LICENCIATURA EN RELACIONES PÚBLICAS E INSTITUCIONALES,R.M.0924/95 - R.M./2070/2015,A DISTANCIA,Pregrado
174,Universidad Empresarial Siglo 21,ANALISTA UNIVERSITARIO/A EN SISTEMAS DE COMPUTACIÓN,LICENCIATURA EN INFORMÁTICA,R.M./2615/2021,A DISTANCIA,Pregrado
174,Universidad Empresarial Siglo 21,ANALISTA UNIVERSITARIO DE MERCADO Y ESTRATEGIAS DE COMERCIALIZACION, ,R.M.0924/95,PRESENCIAL,Pregrado
174,Universidad Empresarial Siglo 21,ANALISTA UNIVERSITARIO EN ADMINISTRACIÓN PÚBLICA,LICENCIATURA EN ADMINISTRACIÓN PÚBLICA,R.M./1732/2015,PRESENCIAL,Pregrado
174,Universidad Empresarial Siglo 21,ANALISTA UNIVERSITARIO EN ADMINISTRACIÓN PÚBLICA -MODALIDAD A DISTANCIA-,LICENCIATURA EN ADMINISTRACIÓN PÚBLICA -MODALIDAD A DISTANCIA-,R.M./291/2015,A DISTANCIA,Pregrado
174,Universidad Empresarial Siglo 21,ANALISTA UNIVERSITARIO EN MERCADO Y ESTRATEGIAS DE COMERCIALIZACIÓN,LICENCIATURA EN COMERCIALIZACIÓN-MARKETING,R.M./2155/2015 - R.M./2820/2015,PRESENCIAL,Pregrado
174,Universidad Empresarial Siglo 21,ANALISTA UNIVERSITARIO EN SISTEMAS DE COMPUTACIÓN, ,R.M.0924/95,PRESENCIAL,Pregrado
174,Universidad Empresarial Siglo 21,CONTADOR/A PÚBLICO/A, ,R.M.0999/02 - 2294,A DISTANCIA,Grado
174,Universidad Empresarial Siglo 21,CONTADOR/A PÚBLICO/A, ,R.M.0278/99,PRESENCIAL,Grado
174,Universidad Empresarial Siglo 21,CONTADOR/A PÚBLICO/A,CONTADOR PÚBLICO.,D./1051/2025,PRESENCIAL,Grado
174,Universidad Empresarial Siglo 21,CONTADOR/A PÚBLICO/A,CONTADOR PÚBLICO,R.M./2436/2019,PRESENCIAL,Grado
174,Universidad Empresarial Siglo 21,CONTADOR/A PÚBLICO/A,CONTADOR PÚBLICO,D./1028/2025,PRESENCIAL,Grado
174,Universidad Empresarial Siglo 21,CONTADOR/A PÚBLICO/A,CONTADOR PÚBLICO,D./1024/2025,A DISTANCIA,Grado
174,Universidad Empresarial Siglo 21,ESCRIBANO,ESCRIBANIA -CICLO-,R.M./203/2012,A DISTANCIA,Grado
174,Universidad Empresarial Siglo 21,ESCRIBANO/A,ESCRIBANÍA-CICLO DE COMPLEMENTACIÓN CURRICULAR,R.M./1479/2021,A DISTANCIA,Grado
174,Universidad Empresarial Siglo 21,ESPECIALISTA EN CIBERCRIMEN,ESPECIALIZACIÓN EN CIBERCRIMEN,R.M./1145/2021,PRESENCIAL,Posgrado
174,Universidad Empresarial Siglo 21,ESPECIALISTA EN CIBERCRIMEN,ESPECIALIZACIÓN EN CIBERCRIMEN,D./918/2025,PRESENCIAL,Posgrado
174,Universidad Empresarial Siglo 21,ESPECIALISTA EN CIBERCRIMEN,ESPECIALIZACIÓN EN CIBERCRIMEN,R.M./2792/2022,A DISTANCIA,Posgrado
174,Universidad Empresarial Siglo 21,ESPECIALISTA EN CONTABILIDAD Y AUDITORÍA,ESPECIALIZACIÓN EN CONTABILIDAD Y AUDITORÍA,R.M./1342/2024,A DISTANCIA,Posgrado
174,Universidad Empresarial Siglo 21,"ESPECIALISTA EN DERECHO DE FAMILIA, NIÑEZ Y ADOLESCENCIA","ESPECIALIZACIÓN EN DERECHO DE FAMILIA, NIÑEZ Y ADOLESCENCIA",R.M./1151/2021 - R.M./226/2022,PRESENCIAL,Posgrado
174,Universidad Empresarial Siglo 21,"ESPECIALISTA EN DERECHO DE FAMILIA, NIÑEZ Y ADOLESCENCIA","ESPECIALIZACIÓN EN DERECHO DE FAMILIA, NIÑEZ Y ADOLESCENCIA",D./1185/2025,PRESENCIAL,Posgrado
174,Universidad Empresarial Siglo 21,ESPECIALISTA EN DERECHO PENAL ECONÓMICO,ESPECIALIZACIÓN EN DERECHO PENAL TRIBUTARIO Y ECONÓMICO,R.M./1378/2021,PRESENCIAL,Posgrado
174,Universidad Empresarial Siglo 21,"ESPECIALISTA EN DERECHO PENAL, TRIBUTARIO Y ECONÓMICO","ESPECIALIZACIÓN EN DERECHO PENAL, TRIBUTARIO Y ECONÓMICO",D./915/2025,PRESENCIAL,Posgrado
174,Universidad Empresarial Siglo 21,ESPECIALISTA EN FINANZAS CORPORATIVAS Y MERCADO DE CAPITALES,ESPECIALIZACIÓN EN FINANZAS CORPORATIVAS Y MERCADO DE CAPITALES,R.M./109/2018 - R.M./2388/2021,PRESENCIAL,Posgrado
174,Universidad Empresarial Siglo 21,ESPECIALISTA EN FINANZAS CORPORATIVAS Y MERCADO DE CAPITALES,ESPECIALIZACIÓN EN FINANZAS CORPORATIVAS Y MERCADO DE CAPITALES,R.M./1249/2022,A DISTANCIA,Posgrado
174,Universidad Empresarial Siglo 21,ESPECIALISTA EN GESTIÓN DE ENERGÍAS RENOVABLES,ESPECIALIZACIÓN EN GESTIÓN DE ENERGÍAS RENOVABLES,D./1112/2025,A DISTANCIA,Posgrado
174,Universidad Empresarial Siglo 21,ESPECIALISTA EN GESTIÓN Y GOBIERNO DE EMPRESAS FAMILIARES,ESPECIALIZACIÓN EN GESTIÓN Y GOBIERNO DE EMPRESAS FAMILIARES,R.M./2422/2021,PRESENCIAL,Posgrado
174,Universidad Empresarial Siglo 21,ESPECIALISTA EN GESTIÓN Y GOBIERNO DE EMPRESAS FAMILIARES,ESPECIALIZACIÓN EN GESTIÓN Y GOBIERNO DE EMPRESAS FAMILIARES,R.M./1534/2015,PRESENCIAL,Posgrado
174,Universidad Empresarial Siglo 21,ESPECIALISTA EN GESTIÓN Y GOBIERNO DE EMPRESAS FAMILIARES,ESPECIALIZACIÓN EN GESTIÓN Y GOBIERNO DE EMPRESAS FAMILIARES,R.M./1413/2022,A DISTANCIA,Posgrado
174,Universidad Empresarial Siglo 21,ESPECIALISTA EN INGENIERIA EN SOFTWARE, ,R.M.0651/05,PRESENCIAL,Posgrado
174,Universidad Empresarial Siglo 21,ESPECIALISTA EN INTELIGENCIA ARTIFICIAL,ESPECIALIZACIÓN EN INTELIGENCIA ARTIFICIAL,D./393/2026,A DISTANCIA,Posgrado
174,Universidad Empresarial Siglo 21,ESPECIALISTA EN LOGÍSTICA Y CADENA DE SUMINISTRO,ESPECIALIZACIÓN EN LOGÍSTICA Y CADENA DE SUMINISTRO,R.M./131/2025,A DISTANCIA,Posgrado
174,Universidad Empresarial Siglo 21,ESPECIALISTA EN MARKETING Y DIRECCIÓN COMERCIAL, ,R.M.0663/11,PRESENCIAL,Posgrado
174,Universidad Empresarial Siglo 21,ESPECIALISTA EN MARKETING Y DIRECCIÓN COMERCIAL,ESPECIALIZACIÓN EN MARKETING Y DIRECCIÓN COMERCIAL,D./295/2026,PRESENCIAL,Posgrado
174,Universidad Empresarial Siglo 21,ESPECIALISTA EN MARKETING Y DIRECCIÓN COMERCIAL,ESPECIALIZACIÓN EN MARKETING Y DIRECCIÓN COMERCIAL,R.M./2822/2021,A DISTANCIA,Posgrado
174,Universidad Empresarial Siglo 21,ESPECIALISTA EN MARKETING Y DIRECCIÓN COMERCIAL,ESPECIALIZACIÓN EN MARKETING Y DIRECCIÓN COMERCIAL,R.M./1037/2018,PRESENCIAL,Posgrado
174,Universidad Empresarial Siglo 21,ESPECIALISTA EN NEGOCIOS INTERNACIONALES,ESPECIALIZACIÓN EN NEGOCIOS INTERNACIONALES,R.M./3451/2021,A DISTANCIA,Posgrado
174,Universidad Empresarial Siglo 21,ESPECIALISTA EN NEGOCIOS INTERNACIONALES,ESPECIALIZACIÓN EN NEGOCIOS INTERNACIONALES,R.M./2979/2019,PRESENCIAL,Posgrado
174,Universidad Empresarial Siglo 21,ESPECIALISTA EN POLÍTICAS PÚBLICAS DE SEGURIDAD Y CRIMINOLÓGICAS,ESPECIALIZACIÓN EN POLÍTICAS PÚBLICAS DE SEGURIDAD Y CRIMINOLÓGICAS,D./1037/2025,A DISTANCIA,Posgrado
174,Universidad Empresarial Siglo 21,ESPECIALISTA EN PSICOLOGÍA CLÍNICA BASADA EN LA EVIDENCIA,ESPECIALIZACIÓN EN PSICOLOGÍA CLÍNICA BASADA EN LA EVIDENCIA,D./311/2026,PRESENCIAL,Posgrado
174,Universidad Empresarial Siglo 21,INGENIERO/A EN INNOVACIÓN Y DESARROLLO,INGENIERÍA EN INNOVACIÓN Y DESARROLLO,R.M./1090/2018,PRESENCIAL,Grado
174,Universidad Empresarial Siglo 21,INGENIERO/A EN SISTEMAS DE INFORMACIÓN, ,R.M.0667/05,PRESENCIAL,Grado
174,Universidad Empresarial Siglo 21,INGENIERO/A EN TRANSPORTES Y CAMINOS,INGENIERÍA EN TRANSPORTES Y CAMINOS,R.M./278/2018,PRESENCIAL,Grado
174,Universidad Empresarial Siglo 21,INGENIERO EN SOFTWARE, ,R.M.0551/05,PRESENCIAL,Grado
174,Universidad Empresarial Siglo 21,LICENCIADO/A EN ADMINISTRACIÓN AGRARIA,LICENCIATURA EN ADMINISTRACIÓN AGRARIA,R.M./806/2019,PRESENCIAL,Grado
174,Universidad Empresarial Siglo 21,LICENCIADO/A EN ADMINISTRACIÓN AGRARIA,LICENCIATURA EN ADMINISTRACIÓN AGRARIA,D./598/2026,A DISTANCIA,Grado
174,Universidad Empresarial Siglo 21,LICENCIADO/A EN ADMINISTRACIÓN DE INFRAESTRUCTURA TECNOLÓGICA,LICENCIATURA EN ADMINISTRACIÓN DE INFRAESTRUCTURA TECNOLÓGICA,R.M./2375/2021,A DISTANCIA,Grado
174,Universidad Empresarial Siglo 21,LICENCIADO/A EN ADMINISTRACIÓN DE INFRAESTRUCTURA TECNOLÓGICA,LICENCIATURA EN ADMINISTRACIÓN DE INFRAESTRUCTURA TECNOLÓGICA,R.M./3324/2021,PRESENCIAL,Grado
174,Universidad Empresarial Siglo 21,LICENCIADO/A EN ADMINISTRACIÓN DE SERVICIOS DE SALUD,LICENCIATURA EN ADMINISTRACIÓN DE SERVICIOS DE SALUD - CICLO DE COMPLEMENTACIÓN CURRICULAR,R.M./136/2022,A DISTANCIA,Grado
174,Universidad Empresarial Siglo 21,LICENCIADO/A EN ADMINISTRACIÓN DE SERVICIOS DE SALUD,LICENCIATURA EN ADMINISTRACIÓN DE SERVICIOS DE SALUD - C.C.C,R.M./235/2022,PRESENCIAL,Grado
174,Universidad Empresarial Siglo 21,LICENCIADO/A EN ADMINISTRACIÓN HOTELERA,LICENCIATURA EN ADMINISTRACIÓN HOTELERA,R.M./1263/2019,PRESENCIAL,Grado
174,Universidad Empresarial Siglo 21,LICENCIADO/A EN ADMINISTRACIÓN HOTELERA,LICENCIATURA EN ADMINISTRACIÓN HOTELERA,R.M./47669778/2023 - R.M./2593/2023,A DISTANCIA,Grado
174,Universidad Empresarial Siglo 21,LICENCIADO/A EN ADMINISTRACIÓN HOTELERA,LICENCIATURA EN ADMINISTRACIÓN HOTELERA, ,PRESENCIAL,Grado
174,Universidad Empresarial Siglo 21,LICENCIADO/A EN ADMINISTRACIÓN ORIENTACIÓN MANAGEMENT,LICENCIATURA EN ADMINISTRACIÓN,R.M./2188/2022,A DISTANCIA,Grado
174,Universidad Empresarial Siglo 21,"LICENCIADO/A EN ADMINISTRACIÓN, ORIENTACIÓN MANAGEMENT",LICENCIATURA EN ADMINISTRACIÓN,R.M./1095/2019,PRESENCIAL,Grado
174,Universidad Empresarial Siglo 21,LICENCIADO/A EN ADMINISTRACIÓN PÚBLICA,LICENCIATURA EN ADMINISTRACIÓN PÚBLICA,R.M./966/2023,A DISTANCIA,Grado
174,Universidad Empresarial Siglo 21,LICENCIADO/A EN AGROINFORMÁTICA,LICENCIATURA EN AGROINFORMÁTICA,D./125/2025,A DISTANCIA,Grado
174,Universidad Empresarial Siglo 21,LICENCIADO/A EN AMBIENTE Y ENERGÍAS RENOVABLES,LICENCIATURA EN AMBIENTE Y ENERGÍAS RENOVABLES,R.M./13/2025,A DISTANCIA,Grado
174,Universidad Empresarial Siglo 21,LICENCIADO/A EN ANTROPOLOGÍA ORGANIZACIONAL,LICENCIATURA EN ANTROPOLOGÍA ORGANIZACIONAL,R.M./1784/2021,PRESENCIAL,Grado
174,Universidad Empresarial Siglo 21,LICENCIADO/A EN BIOINFORMÁTICA,LICENCIATURA EN BIOINFORMÁTICA,R.M./1834/2023,A DISTANCIA,Grado
174,Universidad Empresarial Siglo 21,LICENCIADO/A EN CIENCIA DE DATOS,LICENCIATURA EN CIENCIA DE DATOS,R.M./1369/2021,A DISTANCIA,Grado
174,Universidad Empresarial Siglo 21,LICENCIADO/A EN CIENCIA DE DATOS,LICENCIATURA EN CIENCIA DE DATOS,R.M./2075/2021,PRESENCIAL,Grado
174,Universidad Empresarial Siglo 21,LICENCIADO/A EN CIENCIA POLÍTICA, ,R.M.1207/07,PRESENCIAL,Grado
174,Universidad Empresarial Siglo 21,LICENCIADO/A EN CIENCIA POLÍTICA Y GOBIERNO,LICENCIATURA EN CIENCIA POLÍTICA Y GOBIERNO,R.M./3452/2021,A DISTANCIA,Grado
174,Universidad Empresarial Siglo 21,LICENCIADO/A EN CIENCIA POLÍTICA Y GOBIERNO,LICENCIATURA EN CIENCIA POLÍTICA Y GOBIERNO,R.M./3491/2021,PRESENCIAL,Grado
174,Universidad Empresarial Siglo 21,LICENCIADO/A EN COMERCIALIZACIÓN - MARKETING,LICENCIATURA EN COMERCIALIZACIÓN - MARKETING,R.M./543/2023,A DISTANCIA,Grado
174,Universidad Empresarial Siglo 21,LICENCIADO/A EN COMERCIO INTERNACIONAL,LICENCIATURA EN COMERCIO INTERNACIONAL, ,A DISTANCIA,Grado
174,Universidad Empresarial Siglo 21,LICENCIADO/A EN COMERCIO INTERNACIONAL - MODALIDAD A DISTANCIA-,LICENCIATURA EN COMERCIO INTERNACIONAL -MODALIDAD A DISTANCIA-,R.M./1382/2015,A DISTANCIA,Grado
174,Universidad Empresarial Siglo 21,LICENCIADO/A EN CRIMINOLOGÍA Y SEGURIDAD,LICENCIATURA EN CRIMINOLOGÍA Y SEGURIDAD,R.M./481/2019,A DISTANCIA,Grado
174,Universidad Empresarial Siglo 21,LICENCIADO/A EN CRIMINOLOGÍA Y SEGURIDAD,LICENCIATURA EN CRIMINOLOGÍA Y SEGURIDAD,R.M./4229/2017,PRESENCIAL,Grado
174,Universidad Empresarial Siglo 21,LICENCIADO/A EN DESARROLLO DE NEGOCIOS INMOBILIARIOS,LICENCIATURA EN DESARROLLO DE NEGOCIOS INMOBILIARIOS - CICLO DE COMPLEMENTACIÓN CURRICULAR,R.M./2935/2023,A DISTANCIA,Grado
174,Universidad Empresarial Siglo 21,LICENCIADO/A EN DISEÑO GRÁFICO, ,R.M.1079/98,PRESENCIAL,Grado
174,Universidad Empresarial Siglo 21,LICENCIADO/A EN DISEÑO GRÁFICO,LICENCIATURA EN DISEÑO GRÁFICO,R.M./1268/2019,PRESENCIAL,Grado
174,Universidad Empresarial Siglo 21,LICENCIADO/A EN DISEÑO INDUSTRIAL,LICENCIATURA EN DISEÑO INDUSTRIAL, ,PRESENCIAL,Grado
174,Universidad Empresarial Siglo 21,LICENCIADO/A EN DISEÑO INDUSTRIAL,LICENCIATURA EN DISEÑO INDUSTRIAL,R.M./1953/2019,PRESENCIAL,Grado
174,Universidad Empresarial Siglo 21,LICENCIADO/A EN DISEÑO Y ANIMACIÓN DIGITAL,LICENCIATURA EN DISEÑO Y ANIMACIÓN DIGITAL,D./762/2025,PRESENCIAL,Grado
174,Universidad Empresarial Siglo 21,LICENCIADO/A EN DISEÑO Y ANIMACIÓN DIGITAL,LICENCIATURA EN DISEÑO Y ANIMACIÓN DIGITAL,D./26/2025,A DISTANCIA,Grado
174,Universidad Empresarial Siglo 21,LICENCIADO/A EN EDUCACIÓN,LICENCIATURA EN EDUCACIÓN-CICLO DE COMPLEMENTACIÓN CURRICULAR,R.M./1155/2021,A DISTANCIA,Grado
174,Universidad Empresarial Siglo 21,LICENCIADO/A EN EDUCACIÓN Y NUEVAS TECNOLOGÍAS,LICENCIATURA EN EDUCACIÓN Y NUEVAS TECNOLOGÍAS,R.M./755/2022,A DISTANCIA,Grado
174,Universidad Empresarial Siglo 21,LICENCIADO/A EN EDUCACIÓN Y NUEVAS TECNOLOGÍAS,LICENCIATURA EN EDUCACIÓN Y NUEVAS TECNOLOGÍAS,R.M./2582/2021,PRESENCIAL,Grado
174,Universidad Empresarial Siglo 21,LICENCIADO/A EN EMPRENDIMIENTO,LICENCIATURA EN EMPRENDIMIENTO - CICLO DE COMPLEMENTACIÓN CURRICULAR,R.M./1372/2021,A DISTANCIA,Grado
174,Universidad Empresarial Siglo 21,LICENCIADO/A EN EMPRENDIMIENTO,LICENCIATURA EN EMPRENDIMIENTO - CICLO DE COMPLEMENTACIÓN CURRICULAR,R.M./2019/2021,PRESENCIAL,Grado
174,Universidad Empresarial Siglo 21,LICENCIADO/A EN FINANZAS,LICENCIATURA EN FINANZAS,R.M./843/2023,A DISTANCIA,Grado
174,Universidad Empresarial Siglo 21,LICENCIADO/A EN FONOAUDIOLOGÍA,LICENCIATURA EN FONOAUDIOLOGÍA,R.M./109/2023,PRESENCIAL,Grado
174,Universidad Empresarial Siglo 21,LICENCIADO/A EN GERONTOLOGÍA,LICENCIATURA EN GERONTOLOGÍA-CICLO DE COMPLEMENTACIÓN CURRICULAR,R.M./78/2018,PRESENCIAL,Grado
174,Universidad Empresarial Siglo 21,LICENCIADO/A EN GESTIÓN AMBIENTAL,LICENCIATURA EN GESTIÓN AMBIENTAL,R.M./1158/2021,PRESENCIAL,Grado
174,Universidad Empresarial Siglo 21,LICENCIADO/A EN GESTIÓN AMBIENTAL,LICENCIATURA EN GESTIÓN AMBIENTAL,R.M./1112/2023,A DISTANCIA,Grado
174,Universidad Empresarial Siglo 21,LICENCIADO/A EN GESTIÓN DE LA INFORMACIÓN,LICENCIATURA EN GESTIÓN DE LA INFORMACIÓN,R.M./1152/2021,PRESENCIAL,Grado
174,Universidad Empresarial Siglo 21,LICENCIADO/A EN GESTIÓN DE LA INFORMACIÓN,LICENCIATURA EN GESTIÓN DE LA INFORMACIÓN,R.M./1003/2024,A DISTANCIA,Grado
174,Universidad Empresarial Siglo 21,LICENCIADO/A EN GESTIÓN DEL COMERCIO INTERNACIONAL,LICENCIATURA EN COMERCIO INTERNACIONAL,R.M./2185/2019,PRESENCIAL,Grado
174,Universidad Empresarial Siglo 21,LICENCIADO/A EN GESTIÓN DEL COMERCIO INTERNACIONAL, ,R.M.0699/02,A DISTANCIA,Grado
174,Universidad Empresarial Siglo 21,LICENCIADO/A EN GESTIÓN DEL COMERCIO INTERNACIONAL, ,R.M.1080/98,PRESENCIAL,Grado
174,Universidad Empresarial Siglo 21,LICENCIADO/A EN GESTIÓN DEPORTIVA,LICENCIATURA EN GESTIÓN DEPORTIVA,D./1084/2025,A DISTANCIA,Grado
174,Universidad Empresarial Siglo 21,LICENCIADO/A EN GESTIÓN DE RECURSOS HUMANOS, ,R.M.0703/02,A DISTANCIA,Grado
174,Universidad Empresarial Siglo 21,LICENCIADO/A EN GESTIÓN DE RECURSOS HUMANOS, ,R.M.1571/98,PRESENCIAL,Grado
174,Universidad Empresarial Siglo 21,LICENCIADO/A EN GESTIÓN DE RECURSOS HUMANOS,LICENCIATURA EN GESTIÓN DE RECURSOS HUMANOS,D./1154/2025,PRESENCIAL,Grado
174,Universidad Empresarial Siglo 21,LICENCIADO/A EN GESTIÓN DE RECURSOS HUMANOS Y RELACIONES LABORALES,LICENCIATURA EN GESTIÓN DE RECURSOS HUMANOS,R.M./1669/2019,PRESENCIAL,Grado
174,Universidad Empresarial Siglo 21,LICENCIADO/A EN GESTIÓN DE RECURSOS HUMANOS Y RELACIONES LABORALES,LICENCIATURA EN GESTIÓN DE RECURSOS HUMANOS,R.M./1340/2024,A DISTANCIA,Grado
174,Universidad Empresarial Siglo 21,LICENCIADO/A EN GESTIÓN TURÍSTICA,LICENCIATURA EN GESTIÓN TURÍSTICA,R.M./695/2023,A DISTANCIA,Grado
174,Universidad Empresarial Siglo 21,LICENCIADO/A EN HIDROCARBUROS Y GEOCIENCIA,LICENCIATURA EN HIDROCARBUROS Y GEOCIENCIA,R.M./1361/2021 - R.M./1317/2024,PRESENCIAL,Grado
174,Universidad Empresarial Siglo 21,"LICENCIADO/A EN HIGIENE, SEGURIDAD Y MEDIO AMBIENTE DEL TRABAJO","LICENCIATURA EN HIGIENE, SEGURIDAD Y MEDIO AMBIENTE DEL TRABAJO",R.M./513/2023,A DISTANCIA,Grado
174,Universidad Empresarial Siglo 21,LICENCIADO/A EN INFORMÁTICA,LICENCIATURA EN INFORMÁTICA,D./1290/2025,A DISTANCIA,Grado
174,Universidad Empresarial Siglo 21,LICENCIADO/A EN INSTRUMENTACIÓN QUIRÚRGICA,LICENCIATURA EN INSTRUMENTACIÓN QUIRÚRGICA,R.M./3196/2022,PRESENCIAL,Grado
174,Universidad Empresarial Siglo 21,LICENCIADO/A EN INTELIGENCIA ARTIFICIAL Y ROBÓTICA,LICENCIATURA EN INTELIGENCIA ARTIFICIAL Y ROBÓTICA,R.M./1364/2021,A DISTANCIA,Grado
174,Universidad Empresarial Siglo 21,LICENCIADO/A EN INTELIGENCIA ARTIFICIAL Y ROBÓTICA,LICENCIATURA EN INTELIGENCIA ARTIFICIAL Y ROBÓTICA,R.M./1142/2021,PRESENCIAL,Grado
174,Universidad Empresarial Siglo 21,LICENCIADO/A EN INTELIGENCIA DE NEGOCIOS DIGITALES,LICENCIATURA EN INTELIGENCIA DE NEGOCIOS DIGITALES,R.M./1464/2023,A DISTANCIA,Grado
174,Universidad Empresarial Siglo 21,LICENCIADO/A EN KINESIOLOGÍA Y FISIOTERAPIA,LICENCIATURA EN KINESIOLOGÍA Y FISIOTERAPIA,R.M./2626/2018,PRESENCIAL,Grado
174,Universidad Empresarial Siglo 21,LICENCIADO/A EN LOGÍSTICA GLOBAL,LICENCIATURA EN LOGÍSTICA GLOBAL,R.M./397/2019,A DISTANCIA,Grado
174,Universidad Empresarial Siglo 21,LICENCIADO/A EN LOGÍSTICA GLOBAL,LICENCIATURA EN LOGÍSTICA GLOBAL,R.M./1610/2018,PRESENCIAL,Grado
174,Universidad Empresarial Siglo 21,LICENCIADO/A EN MATEMÁTICA,LICENCIATURA EN MATEMÁTICA,R.M./1356/2021,PRESENCIAL,Grado
174,Universidad Empresarial Siglo 21,LICENCIADO/A EN MATEMÁTICA,CONTADOR PÚBLICO -MODALIDAD A DISTANCIA-,R.M./2294/2015 - R.M./1236/2021 - R.M./1770/2021 - R.M./2831/2021 - R.M./1365/2021,A DISTANCIA,Grado
174,Universidad Empresarial Siglo 21,LICENCIADO/A EN PERIODISMO,LICENCIATURA EN PERIODISMO,R.M./3137/2022,A DISTANCIA,Grado
174,Universidad Empresarial Siglo 21,LICENCIADO/A EN PRODUCCIÓN ARTÍSTICA,LICENCIATURA EN PRODUCCIÓN ARTÍSTICA,D./1254/2025,A DISTANCIA,Grado
174,Universidad Empresarial Siglo 21,LICENCIADO/A EN PRODUCCIÓN DE BIOIMÁGENES,LICENCIATURA EN PRODUCCIÓN DE BIOIMÁGENES,R.M./1587/2023,PRESENCIAL,Grado
174,Universidad Empresarial Siglo 21,LICENCIADO/A EN PSICOLOGÍA,LICENCIATURA EN PSICOLOGÍA,R.M./1642/2022,PRESENCIAL,Grado
174,Universidad Empresarial Siglo 21,LICENCIADO/A EN PSICOLOGÍA, ,R.M.0924/95 - R.M./2425/2016,PRESENCIAL,Grado
174,Universidad Empresarial Siglo 21,LICENCIADO/A EN PSICOLOGÍA, ,702/02,A DISTANCIA,Grado
174,Universidad Empresarial Siglo 21,LICENCIADO/A EN PSICOLOGÍA,LICENCIATURA EN PSICOLOGÍA,R.M./2425/2016,PRESENCIAL,Grado
174,Universidad Empresarial Siglo 21,LICENCIADO/A EN PSICOLOGÍA,LICENCIATURA EN PSICOLOGÍA,R.M./763/2017,PRESENCIAL,Grado
174,Universidad Empresarial Siglo 21,LICENCIADO/A EN PSICOPEDAGOGÍA,LICENCIATURA EN PSICOPEDAGOGÍA,R.M./1214/2021,PRESENCIAL,Grado
174,Universidad Empresarial Siglo 21,LICENCIADO/A EN PUBLICIDAD, ,R.M.2412/98,PRESENCIAL,Grado
174,Universidad Empresarial Siglo 21,LICENCIADO/A EN PUBLICIDAD,LICENCIATURA EN PUBLICIDAD,R.M./1173/2019,PRESENCIAL,Grado
174,Universidad Empresarial Siglo 21,LICENCIADO/A EN PUBLICIDAD, ,R.M.0875/02,A DISTANCIA,Grado
174,Universidad Empresarial Siglo 21,LICENCIADO/A EN PUBLICIDAD,LICENCIATURA EN PUBLICIDAD,R.M./1633/2019,A DISTANCIA,Grado
174,Universidad Empresarial Siglo 21,LICENCIADO/A EN RELACIONES INTERNACIONALES, ,R.M.0874/02,A DISTANCIA,Grado
174,Universidad Empresarial Siglo 21,LICENCIADO/A EN RELACIONES INTERNACIONALES,LICENCIATURA EN RELACIONES INTERNACIONALES,R.M./583/2023,A DISTANCIA,Grado
174,Universidad Empresarial Siglo 21,LICENCIADO/A EN RELACIONES INTERNACIONALES,LICENCIATURA EN RELACIONES INTERNACIONALES,R.M.0338/99 - R.M./2173/2015,A DISTANCIA,Grado
174,Universidad Empresarial Siglo 21,LICENCIADO/A EN RELACIONES INTERNACIONALES,LICENCIATURA EN RELACIONES INTERNACIONALES,R.M./1175/2019,PRESENCIAL,Grado
174,Universidad Empresarial Siglo 21,LICENCIADO/A EN RELACIONES PÚBLICAS E INSTITUCIONALES,LICENCIATURA EN RELACIONES PÚBLICAS E INSTITUCIONALES,R.M./699/2023,A DISTANCIA,Grado
174,Universidad Empresarial Siglo 21,LICENCIADO/A EN RELACIONES PÚBLICAS E INSTITUCIONALES,LICENCIATURA EN RELACIONES PÚBLICAS E INSTITUCIONALES,R.M./853/2018,PRESENCIAL,Grado
174,Universidad Empresarial Siglo 21,LICENCIADO/A EN RELACIONES PÚBLICAS E INSTITUCIONALES, ,R.M.0822/02,A DISTANCIA,Grado
174,Universidad Empresarial Siglo 21,LICENCIADO/A EN RELACIONES PÚBLICAS E INSTITUCIONALES,LICENCIATURA EN RELACIONES PÚBLICAS E INSTITUCIONALES,R.M.0924/95 - R.M./2070/2015,A DISTANCIA,Grado
174,Universidad Empresarial Siglo 21,LICENCIADO/A EN RELACIONES PÚBLICAS E INSTITUCIONALES,LICENCIATURA EN RELACIONES PÚBLICAS E INSTITUCIONALES, ,PRESENCIAL,Grado
174,Universidad Empresarial Siglo 21,LICENCIADO/A EN SEGURIDAD INFORMÁTICA,LICENCIATURA EN SEGURIDAD INFORMÁTICA,R.M./1346/2021,A DISTANCIA,Grado
174,Universidad Empresarial Siglo 21,LICENCIADO/A EN SEGURIDAD INFORMÁTICA,LICENCIATURA EN SEGURIDAD INFORMÁTICA,R.M./2074/2021,PRESENCIAL,Grado
174,Universidad Empresarial Siglo 21,LICENCIADO/A EN SOCIOLOGÍA,LICENCIATURA EN SOCIOLOGÍA,R.M./2993/2022,A DISTANCIA,Grado
174,Universidad Empresarial Siglo 21,LICENCIADO/A EN SOCIOLOGÍA,LICENCIATURA EN SOCIOLOGÍA,R.M.0924/95 - R.M./1810/2015,A DISTANCIA,Grado
174,Universidad Empresarial Siglo 21,LICENCIADO/A EN SOCIOLOGÍA, ,R.M.1004/02,A DISTANCIA,Grado
174,Universidad Empresarial Siglo 21,LICENCIADO/A EN SOCIOLOGÍA,LICENCIATURA EN SOCIOLOGÍA,R.M./1269/2019,PRESENCIAL,Grado
174,Universidad Empresarial Siglo 21,LICENCIADO/A EN TECNOLOGÍA DE LOS ALIMENTOS,LICENCIATURA EN TECNOLOGÍA DE LOS ALIMENTOS,R.M./1373/2021,PRESENCIAL,Grado
174,Universidad Empresarial Siglo 21,LICENCIADO/A EN TERAPIA OCUPACIONAL Y DESARROLLO HUMANO,LICENCIATURA EN TERAPIA OCUPACIONAL Y DESARROLLO HUMANO,R.M./3956/2019,PRESENCIAL,Grado
174,Universidad Empresarial Siglo 21,LICENCIADO/A EN TERAPIA OCUPACIONAL Y DESARROLLO HUMANO.,LICENCIATURA EN TERAPIA OCUPACIONAL Y DESARROLLO HUMANO.,R.M./1430/2000,A DISTANCIA,Grado
174,Universidad Empresarial Siglo 21,LICENCIADO EN ADMINISTRACIÓN AGRARIA,LICENCIATURA EN ADMINISTRACIÓN AGRARIA,R.M.1013/02 - R.M.1082/10 - R.M./2702/2016,A DISTANCIA,Grado
174,Universidad Empresarial Siglo 21,LICENCIADO EN ADMINISTRACIÓN AGRARIA, ,R.M.1078/98,PRESENCIAL,Grado
174,Universidad Empresarial Siglo 21,LICENCIADO EN ADMINISTRACION CON ORIENTACION MANAGEMENT, ,R.M.0924/95,PRESENCIAL,Grado
174,Universidad Empresarial Siglo 21,LICENCIADO EN ADMINISTRACION HOTELERA,LICENCIATURA EN ADMINISTRACIÓN HOTELERA,R.M.0600/05 - R.M./1857/2015,A DISTANCIA,Grado
174,Universidad Empresarial Siglo 21,LICENCIADO EN ADMINISTRACION - ORIENTACION MANAGEMENT, ,R.M.0432/02,A DISTANCIA,Grado
174,Universidad Empresarial Siglo 21,"LICENCIADO EN ADMINISTRACIÓN, ORIENTACIÓN MANAGEMENT -MODALIDAD A DISTANCIA-",LICENCIATURA EN ADMINISTRACIÓN -MODALIDAD A DISTANCIA-,R.M./1307/2015,A DISTANCIA,Grado
174,Universidad Empresarial Siglo 21,LICENCIADO EN ADMINISTRACIÓN PÚBLICA,LICENCIATURA EN ADMINISTRACIÓN PÚBLICA,R.M./1732/2015,PRESENCIAL,Grado
174,Universidad Empresarial Siglo 21,LICENCIADO EN ADMINISTRACIÓN PÚBLICA -MODALIDAD A DISTANCIA-,LICENCIATURA EN ADMINISTRACIÓN PÚBLICA -MODALIDAD A DISTANCIA-,R.M./291/2015,A DISTANCIA,Grado
174,Universidad Empresarial Siglo 21,LICENCIADO EN AMBIENTE Y ENERGÍAS RENOVABLES,LICENCIATURA EN AMBIENTE Y ENERGÍAS RENOVABLES,R.M./308/2017,PRESENCIAL,Grado
174,Universidad Empresarial Siglo 21,LICENCIADO EN COMERCIALIZACION CON ORIENTACION EN MARKETING, ,R.M.0924/95,PRESENCIAL,Grado
174,Universidad Empresarial Siglo 21,LICENCIADO EN COMERCIALIZACIÓN-MARKETING,LICENCIATURA EN COMERCIALIZACIÓN-MARKETING,R.M.1017/02 - R.M./2155/2015 - R.M./2820/2015,A DISTANCIA,Grado
174,Universidad Empresarial Siglo 21,LICENCIADO EN DISEÑO DE INDUMENTARIA Y TEXTIL, ,R.M.1137/07,PRESENCIAL,Grado
174,Universidad Empresarial Siglo 21,LICENCIADO EN DISEÑO INDUSTRIAL, ,R.M.0246/01,PRESENCIAL,Grado
174,Universidad Empresarial Siglo 21,LICENCIADO EN DISEÑO Y ANIMACIÓN DIGITAL,LICENCIATURA EN DISEÑO Y ANIMACIÓN DIGITAL,R.M./325/2017,PRESENCIAL,Grado
174,Universidad Empresarial Siglo 21,LICENCIADO EN DISEÑO Y ANIMACIÓN DIGITAL,LICENCIATURA EN DISEÑO Y ANIMACIÓN DIGITAL,R.M./426/2017,A DISTANCIA,Grado
174,Universidad Empresarial Siglo 21,LICENCIADO EN EDUCACION -CICLO DE LICENCIATURA, ,R.M./1932/2011,A DISTANCIA,Grado
174,Universidad Empresarial Siglo 21,LICENCIADO EN GESTIÓN AMBIENTAL, ,R.M.1711/99,PRESENCIAL,Grado
174,Universidad Empresarial Siglo 21,LICENCIADO EN GESTIÓN AMBIENTAL, ,R.M.1020/02,A DISTANCIA,Grado
174,Universidad Empresarial Siglo 21,LICENCIADO EN GESTIÓN AMBIENTAL,LICENCIATURA EN GESTIÓN AMBIENTAL,R.M./808/2016,A DISTANCIA,Grado
174,Universidad Empresarial Siglo 21,LICENCIADO EN GESTIÓN DE RECURSOS HUMANOS,LICENCIATURA EN GESTIÓN DE RECURSOS HUMANOS,R.M./2172/2015,A DISTANCIA,Grado
174,Universidad Empresarial Siglo 21,LICENCIADO EN GESTIÓN TURÍSTICA,LICENCIATURA EN GESTIÓN TURÍSTICA,R.M./1966/2019,PRESENCIAL,Grado
174,Universidad Empresarial Siglo 21,LICENCIADO EN GESTIÓN TURÍSTICA,LICENCIATURA EN GESTIÓN TURÍSTICA,R.M.0346/00 - R.M./2133/2015,A DISTANCIA,Grado
174,Universidad Empresarial Siglo 21,LICENCIADO EN GESTION TURISTICA - TURISMO, ,R.M.0876/02,A DISTANCIA,Grado
174,Universidad Empresarial Siglo 21,"LICENCIADO EN HIGIENE, SEGURIDAD Y MEDIO AMBIENTE DEL TRABAJO","LICENCIATURA EN HIGIENE, SEGURIDAD Y MEDIO AMBIENTE DEL TRABAJO",R.M./580/2015 - R.M./2348/2015,A DISTANCIA,Grado
174,Universidad Empresarial Siglo 21,LICENCIADO EN INFORMÁTICA, ,R.M.0701/02,A DISTANCIA,Grado
174,Universidad Empresarial Siglo 21,LICENCIADO EN INFORMATICA CON ORIENTACION EN ADMINISTRACION DE RECURSOS INFORMATICOS, ,R.M.0924/95,PRESENCIAL,Grado
174,Universidad Empresarial Siglo 21,LICENCIADO EN LENGUA INGLESA, ,R.M.1712/99,PRESENCIAL,Grado
174,Universidad Empresarial Siglo 21,LICENCIADO EN NUTRICIÓN,LICENCIATURA EN NUTRICIÓN,R.M./336/2018,PRESENCIAL,Grado
174,Universidad Empresarial Siglo 21,LICENCIADO EN PERIODISMO,LICENCIATURA EN PERIODISMO,R.M./2317/2015,A DISTANCIA,Grado
174,Universidad Empresarial Siglo 21,LICENCIADO EN PERIODISMO,LICENCIATURA EN PERIODISMO,R.M./785/2017,PRESENCIAL,Grado
174,Universidad Empresarial Siglo 21,LICENCIADO EN PUBLICIDAD - ORIENTACION EN ARTE Y DISEÑO, ,R.M.0924/95,PRESENCIAL,Grado
174,Universidad Empresarial Siglo 21,LICENCIADO EN PUBLICIDAD - ORIENTACION EN CUENTAS Y MEDIOS, ,R.M.0924/95,PRESENCIAL,Grado
174,Universidad Empresarial Siglo 21,MAGÍSTER EN ADMINISTRACIÓN DE EMPRESAS,MAESTRÍA EN ADMINISTRACIÓN DE EMPRESAS,D./211/2026,A DISTANCIA,Posgrado
174,Universidad Empresarial Siglo 21,MAGÍSTER EN ADMINISTRACIÓN DE EMPRESAS,MAESTRÍA EN ADMINISTRACIÓN DE EMPRESAS,R.M./4015/2017,PRESENCIAL,Posgrado
174,Universidad Empresarial Siglo 21,MAGÍSTER EN ADMINISTRACIÓN DE EMPRESAS, ,R.M.0495/01,PRESENCIAL,Posgrado
174,Universidad Empresarial Siglo 21,MAGÍSTER EN ADMINISTRACIÓN DE EMPRESAS,MAESTRÍA EN ADMINISTRACIÓN DE EMPRESAS,R.M./2133/2021,PRESENCIAL,Posgrado
174,Universidad Empresarial Siglo 21,MAGÍSTER EN ADMINISTRACIÓN DE NEGOCIOS Y APLICACIONES TECNOLÓGICAS EN LA EMPRESA,MAESTRÍA EN ADMINISTRACIÓN DE NEGOCIOS Y APLICACIONES TECNOLÓGICAS EN LA EMPRESA,R.M./277/2023,A DISTANCIA,Posgrado
174,Universidad Empresarial Siglo 21,MAGÍSTER EN ADMINISTRACIÓN DE NEGOCIOS Y APLICACIONES TECNOLÓGICAS EN LA EMPRESA,MAESTRÍA EN ADMINISTRACIÓN DE NEGOCIOS Y APLICACIONES TECNOLÓGICAS EN LA EMPRESA,D./578/2026,PRESENCIAL,Posgrado
174,Universidad Empresarial Siglo 21,MAGÍSTER EN ADMINISTRACIÓN DE NEGOCIOS Y APLICACIONES TECNOLÓGICAS EN LA EMPRESA,MAESTRÍA EN ADMINISTRACIÓN DE NEGOCIOS Y APLICACIONES TECNOLÓGICAS EN LA EMPRESA,R.M./535/2018,PRESENCIAL,Posgrado
174,Universidad Empresarial Siglo 21,MAGÍSTER EN CRIMINOLOGÍA Y CIENCIAS FORENSES,MAESTRÍA EN CRIMINOLOGÍA Y CIENCIAS FORENSES,R.M./1820/2023,PRESENCIAL,Posgrado
174,Universidad Empresarial Siglo 21,MAGÍSTER EN DERECHO EMPRESARIO, ,R.M.1733/99,PRESENCIAL,Posgrado
174,Universidad Empresarial Siglo 21,MAGISTER EN DERECHO INTERNACIONAL,MAESTRÍA EN DERECHO INTERNACIONAL,R.M./1136/2021,PRESENCIAL,Posgrado
174,Universidad Empresarial Siglo 21,MAGÍSTER EN DERECHO INTERNACIONAL,MAESTRÍA EN DERECHO INTERNACIONAL,R.M./809/2022,A DISTANCIA,Posgrado
174,Universidad Empresarial Siglo 21,MAGISTER EN DERECHO PROCESAL,MAESTRÍA EN DERECHO PROCESAL,R.M./727/2022,A DISTANCIA,Posgrado
174,Universidad Empresarial Siglo 21,MAGISTER EN DERECHO PROCESAL,MAESTRÍA EN DERECHO PROCESAL,R.M./3490/2021,PRESENCIAL,Posgrado
174,Universidad Empresarial Siglo 21,MAGÍSTER EN DERECHO PROCESAL,MAESTRÍA EN DERECHO PROCESAL,R.M./1252/2014,PRESENCIAL,Posgrado
174,Universidad Empresarial Siglo 21,MAGISTER EN ECONOMÍA, ,R.M.0496/01,PRESENCIAL,Posgrado
174,Universidad Empresarial Siglo 21,MAGÍSTER EN FEDERALISMO,MAESTRÍA EN FEDERALISMO,R.M./1149/2021,PRESENCIAL,Posgrado
174,Universidad Empresarial Siglo 21,MAGISTER EN GESTION HOSPITALARIA Y SERVICIOS DE SALUD, ,R.M.0829/02 - R.M.1008/02,PRESENCIAL,Posgrado
174,Universidad Empresarial Siglo 21,MAGÍSTER EN INNOVACIÓN EDUCATIVA,MAESTRÍA EN INNOVACIÓN EDUCATIVA,R.M./2382/2021,A DISTANCIA,Posgrado
174,Universidad Empresarial Siglo 21,MAGÍSTER EN INTELIGENCIA DE NEGOCIOS Y EXPLOTACIÓN DE DATOS,MAESTRÍA EN INTELIGENCIA DE NEGOCIOS Y EXPLOTACIÓN DE DATOS,D./663/2026,PRESENCIAL,Posgrado
174,Universidad Empresarial Siglo 21,MAGISTER EN POLITICA Y GESTION PUBLICA, ,R.M.0787/99,PRESENCIAL,Posgrado
174,Universidad Empresarial Siglo 21,MAGISTER EN PSICOLOGIA CLINICA, ,R.M.0504/02,PRESENCIAL,Posgrado
174,Universidad Empresarial Siglo 21,"MARTILLERO/A, CORREDOR/A PÚBLICO/A Y CORREDOR/A INMOBILIARIO/A","MARTILLERO, CORREDOR PÚBLICO Y CORREDOR INMOBILIARIO",R.M./2998/2022,A DISTANCIA,Pregrado
174,Universidad Empresarial Siglo 21,MARTILLERO/A Y CORREDOR/A PÚBLICO/A, ,R.M.1386/05,PRESENCIAL,Pregrado
174,Universidad Empresarial Siglo 21,MARTILLERO/A Y CORREDOR/A PÚBLICO/A,MARTILLERO Y CORREDOR PÚBLICO,R.M./2136/2016,A DISTANCIA,Pregrado
174,Universidad Empresarial Siglo 21,MARTILLERO/A Y CORREDOR/A PÚBLICO/A, ,R.M./424/2009 - R.M./2136/2016,A DISTANCIA,Pregrado
174,Universidad Empresarial Siglo 21,"MARTILLERO, CORREDOR PÚBLICO Y CORREDOR INMOBILIARIO","MARTILLERO, CORREDOR PÚBLICO Y CORREDOR INNMOBILIARIO -MODALIDAD A DISTANCIA-",R.M./0326/2013 - R.M./326/2013,A DISTANCIA,Pregrado
174,Universidad Empresarial Siglo 21,MÉDICO/A,MEDICINA,D./1015/2025,PRESENCIAL,Grado
174,Universidad Empresarial Siglo 21,PROCURADOR,PROCURADOR,R.M./1160/2021,A DISTANCIA,Pregrado
174,Universidad Empresarial Siglo 21,PROCURADOR/A,PROCURADOR -MODALIDAD A DISTANCIA-,R.M./1437/2013,A DISTANCIA,Pregrado
174,Universidad Empresarial Siglo 21,PROFESOR/A UNIVERSITARIO/A PARA EL NIVEL SECUNDARIO Y SUPERIOR (EN LA DISCIPLINA DE BASE),PROFESORADO UNIVERSITARIO PARA EL NIVEL SECUNDARIO Y SUPERIOR - CICLO DE COMPLEMENTACIÓN CURRICULAR,R.M./46/2022 - R.M./62/2025,PRESENCIAL,Grado
174,Universidad Empresarial Siglo 21,PROFESOR UNIVERSITARIO EN LENGUA INGLESA, ,R.M.1712/99,PRESENCIAL,Grado
174,Universidad Empresarial Siglo 21,TÉCNICA/O UNIVERSITARIA/O EN TURISMO,LICENCIATURA EN GESTIÓN TURÍSTICA,R.M.0346/00 - R.M./2133/2015,A DISTANCIA,Pregrado
174,Universidad Empresarial Siglo 21,TÉCNICO/A EN DISEÑO GRÁFICO,LICENCIATURA EN DISEÑO GRÁFICO,R.M./1268/2019,PRESENCIAL,Pregrado
174,Universidad Empresarial Siglo 21,TÉCNICO/A UNIVERSITARIO/A EN ADMINISTRACIÓN AGRARIA.,LICENCIATURA EN ADMINISTRACIÓN AGRARIA,D./598/2026,A DISTANCIA,Pregrado
174,Universidad Empresarial Siglo 21,TÉCNICO/A UNIVERSITARIO/A EN ADMINISTRACIÓN DE LA PROPIEDAD HORIZONTAL Y CONJUNTOS INMOBILIARIOS,TECNICATURA UNIVERSITARIA EN ADMINISTRACIÓN DE LA PROPIEDAD HORIZONTAL Y CONJUNTOS INMOBILIARIOS,R.M./302/2023,A DISTANCIA,Pregrado
174,Universidad Empresarial Siglo 21,TÉCNICO/A UNIVERSITARIO/A EN ADMINISTRACIÓN Y GESTIÓN DE POLÍTICAS PÚBLICAS,TECNICATURA UNIVERSITARIA EN ADMINISTRACIÓN Y GESTIÓN DE POLÍTICAS PÚBLICAS,R.M./2446/2022,A DISTANCIA,Pregrado
174,Universidad Empresarial Siglo 21,TÉCNICO/A UNIVERSITARIO/A EN ADMINISTRACIÓN Y GESTIÓN TRIBUTARIA,TECNICATURA EN ADMINISTRACIÓN Y GESTIÓN TRIBUTARIA,R.M./1347/2021,A DISTANCIA,Pregrado
174,Universidad Empresarial Siglo 21,TÉCNICO/A UNIVERSITARIO/A EN ATENCIÓN PREHOSPITALARIA DE EMERGENCIAS,TECNICATURA UNIVERSITARIA EN ATENCIÓN PREHOSPITALARIA DE EMERGENCIAS,R.M./3362/2022,PRESENCIAL,Pregrado
174,Universidad Empresarial Siglo 21,TÉCNICO/A UNIVERSITARIO/A EN COMERCIO INTERNACIONAL,LICENCIATURA EN COMERCIO INTERNACIONAL, ,A DISTANCIA,Pregrado
174,Universidad Empresarial Siglo 21,TÉCNICO/A UNIVERSITARIO/A EN COMERCIO INTERNACIONAL,LICENCIATURA EN COMERCIO INTERNACIONAL,R.M./2185/2019,PRESENCIAL,Pregrado
174,Universidad Empresarial Siglo 21,TÉCNICO/A UNIVERSITARIO/A EN DIRECCIÓN DE EQUIPOS DE VENTAS,TECNICATURA EN DIRECCIÓN DE EQUIPOS DE VENTAS,R.M./3435/2017 - D./75/2026,A DISTANCIA,Pregrado
174,Universidad Empresarial Siglo 21,"TÉCNICO/A UNIVERSITARIO/A EN DIRECCIÓN DE PROTOCOLO, ORGANIZACIÓN DE EVENTOS Y RELACIONES PÚBLICAS","TECNICATURA EN DIRECCIÓN DE PROTOCOLO, ORGANIZACIÓN DE EVENTOS Y RELACIONES PÚBLICAS",R.M./1603/2019,A DISTANCIA,Pregrado
174,Universidad Empresarial Siglo 21,TÉCNICO/A UNIVERSITARIO/A EN DIRECCIÓN TÉCNICA DE EQUIPOS DE SEGURIDAD,TECNICATURA UNIVERSITARIA EN DIRECCIÓN TÉCNICA DE EQUIPOS DE SEGURIDAD,D./658/2026,A DISTANCIA,Pregrado
174,Universidad Empresarial Siglo 21,TÉCNICO/A UNIVERSITARIO/A EN DISEÑO INDUSTRIAL,LICENCIATURA EN DISEÑO INDUSTRIAL, ,PRESENCIAL,Pregrado
174,Universidad Empresarial Siglo 21,TÉCNICO/A UNIVERSITARIO/A EN DISEÑO INDUSTRIAL,LICENCIATURA EN DISEÑO INDUSTRIAL,R.M./1953/2019,PRESENCIAL,Pregrado
174,Universidad Empresarial Siglo 21,TÉCNICO/A UNIVERSITARIO/A EN DISEÑO Y DESARROLLO DE VIDEOJUEGOS,TECNICATURA UNIVERSITARIA EN DISEÑO Y DESARROLLO DE VIDEOJUEGOS,R.M./297/2023,A DISTANCIA,Pregrado
174,Universidad Empresarial Siglo 21,TÉCNICO/A UNIVERSITARIO/A EN ESTADÍSTICA APLICADA Y ANÁLISIS AVANZADO,TECNICATURA UNIVERSITARIA EN ESTADÍSTICA APLICADA Y ANÁLISIS AVANZADO,D./1083/2025,A DISTANCIA,Pregrado
174,Universidad Empresarial Siglo 21,TÉCNICO/A UNIVERSITARIO/A EN EVALUACIÓN DEL IMPACTO AMBIENTAL,LICENCIATURA EN GESTIÓN AMBIENTAL,R.M./1158/2021,PRESENCIAL,Pregrado
174,Universidad Empresarial Siglo 21,TÉCNICO/A UNIVERSITARIO/A EN GESTIÓN ADMINISTRATIVA DE SERVICIOS DE SALUD,TECNICATURA UNIVERSITARIA EN GESTIÓN ADMINISTRATIVA DE SERVICIOS DE SALUD,R.M./2818/2017 - R.M./184/2025,A DISTANCIA,Pregrado
174,Universidad Empresarial Siglo 21,TÉCNICO/A UNIVERSITARIO/A EN GESTIÓN CONTABLE E IMPOSITIVA,TECNICATURA EN GESTIÓN CONTABLE E IMPOSITIVA,R.M./4132/2017 - D./160/2024,A DISTANCIA,Pregrado
174,Universidad Empresarial Siglo 21,TÉCNICO/A UNIVERSITARIO/A EN GESTIÓN DE EMPRESAS FAMILIARES,TECNICATURA EN GESTIÓN DE EMPRESAS FAMILIARES,R.M./1353/2021,A DISTANCIA,Pregrado
174,Universidad Empresarial Siglo 21,TÉCNICO/A UNIVERSITARIO/A EN GESTIÓN DEL CLIMA LABORAL EN LA ORGANIZACIÓN,TECNICATURA UNIVERSITARIA EN GESTIÓN DEL CLIMA LABORAL EN LA ORGANIZACIÓN,R.M./2437/2022,A DISTANCIA,Pregrado
174,Universidad Empresarial Siglo 21,TÉCNICO/A UNIVERSITARIO/A EN GESTIÓN DE MODA,TECNICATURA UNIVERSITARIA EN GESTIÓN DE MODA,R.M./3051/2022,A DISTANCIA,Pregrado
174,Universidad Empresarial Siglo 21,TÉCNICO/A UNIVERSITARIO/A EN GESTIÓN DEPORTIVA,LICENCIATURA EN GESTIÓN DEPORTIVA,D./1084/2025,A DISTANCIA,Pregrado
174,Universidad Empresarial Siglo 21,TÉCNICO/A UNIVERSITARIO/A EN GESTIÓN DE RECURSOS HUMANOS,LICENCIATURA EN GESTIÓN DE RECURSOS HUMANOS,D./1154/2025,PRESENCIAL,Pregrado
174,Universidad Empresarial Siglo 21,TÉCNICO/A UNIVERSITARIO/A EN GESTIÓN DE RECURSOS HUMANOS,LICENCIATURA EN GESTIÓN DE RECURSOS HUMANOS,R.M./1669/2019,PRESENCIAL,Pregrado
174,Universidad Empresarial Siglo 21,TÉCNICO/A UNIVERSITARIO/A EN GESTIÓN DE RECURSOS HUMANOS,LICENCIATURA EN GESTIÓN DE RECURSOS HUMANOS,R.M./1340/2024,A DISTANCIA,Pregrado
174,Universidad Empresarial Siglo 21,TÉCNICO/A UNIVERSITARIO/A EN GESTIÓN DE RECURSOS TURÍSTICOS,TECNICATURA UNIVERSITARIA EN GESTIÓN DE RECURSOS TURÍSTICOS,R.M./3254/2022,A DISTANCIA,Pregrado
174,Universidad Empresarial Siglo 21,TÉCNICO/A UNIVERSITARIO/A EN GESTIÓN Y AUDITORÍAS AMBIENTALES,TECNICATURA UNIVERSITARIA EN GESTIÓN Y AUDITORÍAS AMBIENTALES,R.M./898/2016 - R.M./1255/2024,A DISTANCIA,Pregrado
174,Universidad Empresarial Siglo 21,TÉCNICO/A UNIVERSITARIO/A EN HIDROCARBUROS Y GEOCIENCIA,TECNICATURA UNIVERSITARIA EN HIDROCARBUROS Y GEOCIENCIA,R.M./977/2017 - R.M./108/2024,A DISTANCIA,Pregrado
174,Universidad Empresarial Siglo 21,TÉCNICO/A UNIVERSITARIO/A EN HIGIENE Y SEGURIDAD LABORAL,TECNICATURA EN HIGIENE Y SEGURIDAD LABORAL,D./45/2026,A DISTANCIA,Pregrado
174,Universidad Empresarial Siglo 21,TÉCNICO/A UNIVERSITARIO/A EN HOTELERÍA,LICENCIATURA EN ADMINISTRACIÓN HOTELERA,R.M./47669778/2023 - R.M./2593/2023,A DISTANCIA,Pregrado
174,Universidad Empresarial Siglo 21,TÉCNICO/A UNIVERSITARIO/A EN INSTRUMENTACIÓN QUIRÚRGICA,LICENCIATURA EN INSTRUMENTACIÓN QUIRÚRGICA,R.M./3196/2022,PRESENCIAL,Pregrado
174,Universidad Empresarial Siglo 21,TÉCNICO/A UNIVERSITARIO/A EN INVESTIGACIÓN DE LA ESCENA DEL CRÍMEN,TECNICATURA EN INVESTIGACIÓN DE LA ESCENA DEL CRÍMEN,R.M./2311/2022,A DISTANCIA,Pregrado
174,Universidad Empresarial Siglo 21,TÉCNICO/A UNIVERSITARIO/A EN MARKETING Y PUBLICIDAD DIGITAL,TECNICATURA UNIVERSITARIA EN MARKETING Y PUBLICIDAD DIGITAL,R.M./2848/2022,A DISTANCIA,Pregrado
174,Universidad Empresarial Siglo 21,TÉCNICO/A UNIVERSITARIO/A EN NEGOCIOS AGROECOLÓGICOS,TECNICATURA UNIVERSITARIA EN NEGOCIOS AGROECOLÓGICOS,D./112/2025,A DISTANCIA,Pregrado
174,Universidad Empresarial Siglo 21,TÉCNICO/A UNIVERSITARIO/A EN PERIODISMO Y NUEVAS TECNOLOGÍAS,TECNICATURA UNIVERSITARIA EN PERIODISMO Y NUEVAS TECNOLOGÍAS,R.M./579/2017 - D./44/2025,A DISTANCIA,Pregrado
174,Universidad Empresarial Siglo 21,TÉCNICO/A UNIVERSITARIO/A EN PLANIFICACIÓN GERENCIAL,LICENCIATURA EN ADMINISTRACIÓN,R.M./1095/2019,PRESENCIAL,Pregrado
174,Universidad Empresarial Siglo 21,TÉCNICO/A UNIVERSITARIO/A EN PRODUCCIÓN ARTÍSTICA,LICENCIATURA EN PRODUCCIÓN ARTÍSTICA,D./1254/2025,A DISTANCIA,Pregrado
174,Universidad Empresarial Siglo 21,TÉCNICO/A UNIVERSITARIO/A EN PROMOCIÓN COMUNITARIA EN NIÑEZ Y ADOLESCENCIA,TECNICATURA UNIVERSITARIA EN PROMOCIÓN COMUNITARIA EN NIÑEZ Y ADOLESCENCIA,R.M./1164/2017 - D./1125/2025,A DISTANCIA,Pregrado
174,Universidad Empresarial Siglo 21,TÉCNICO/A UNIVERSITARIO/A EN REDES INFORMÁTICAS Y TELECOMUNICACIONES,TECNICATURA UNIVERSITARIA EN REDES INFORMÁTICAS Y TELECOMUNICACIONES,R.M./2582/2016 - R.M./852/2024,A DISTANCIA,Pregrado
174,Universidad Empresarial Siglo 21,TÉCNICO/A UNIVERSITARIO/A EN RELACIONES LABORALES,TECNICATURA EN RELACIONES LABORALES,R.M./1760/2021,A DISTANCIA,Pregrado
174,Universidad Empresarial Siglo 21,TÉCNICO/A UNIVERSITARIO/A EN RESPONSABILIDAD Y GESTIÓN SOCIAL,TECNICATURA EN RESPONSABILIDAD Y GESTIÓN SOCIAL,R.M./1483/2021,A DISTANCIA,Pregrado
174,Universidad Empresarial Siglo 21,TÉCNICO/A UNIVERSITARIO/A EN SIMULACIÓN CLÍNICA,TECNICATURA UNIVERSITARIA EN SIMULACIÓN CLÍNICA,D./480/2026,PRESENCIAL,Pregrado
174,Universidad Empresarial Siglo 21,TÉCNICO/A UNIVERSITARIO EN ADMINISTRACIÓN AGRARIA,LICENCIATURA EN ADMINISTRACIÓN AGRARIA,R.M./806/2019,PRESENCIAL,Pregrado
174,Universidad Empresarial Siglo 21,TECNICO/A UNIVERSITARIO EN ENFERMERÍA,TECNICATURA UNIVERSITARIA EN ENFERMERÍA,R.M./3471/2021,PRESENCIAL,Pregrado
174,Universidad Empresarial Siglo 21,TÉCNICO/A UNIVERSITARIO EN EVALUACIÓN DEL IMPACTO AMBIENTAL,LICENCIATURA EN GESTIÓN AMBIENTAL,R.M./1112/2023,A DISTANCIA,Pregrado
174,Universidad Empresarial Siglo 21,TÉCNICO/A UNIVERSITARIO EN HOTELERÍA,LICENCIATURA EN ADMINISTRACIÓN HOTELERA, ,PRESENCIAL,Pregrado
174,Universidad Empresarial Siglo 21,TÉCNICO/A UNIVERSITARIO EN HOTELERÍA,LICENCIATURA EN ADMINISTRACIÓN HOTELERA,R.M./1263/2019,PRESENCIAL,Pregrado
174,Universidad Empresarial Siglo 21,TÉCNICO/A UNIVERSITARIO EN PUBLICIDAD,LICENCIATURA EN PUBLICIDAD,R.M./1633/2019,A DISTANCIA,Pregrado
174,Universidad Empresarial Siglo 21,TECNICO EN ADMINISTRACION Y GESTION TRIBUTARIA,TECNICATURA EN ADMINISTRACIÓN Y GESTIÓN TRIBUTARIA -MODALIDAD A DISTANCIA-,R.M./1690/2013,A DISTANCIA,Pregrado
174,Universidad Empresarial Siglo 21,TECNICO EN DESARROLLO WEB,TECNICATURA EN DESARROLLO WEB,R.M.1056/11 - R.M./1056/2011,A DISTANCIA,Pregrado
174,Universidad Empresarial Siglo 21,TECNICO EN DIRECCION DE EQUIPOS DE VENTA, ,R.M.0901/09,A DISTANCIA,Pregrado
174,Universidad Empresarial Siglo 21,"TECNICO EN DIRECCION DE PROTOCOLO,ORGANIZACIÓN DE EVENTOS Y RELACIONES PUBLICAS", ,R.M.0166/10,A DISTANCIA,Pregrado
174,Universidad Empresarial Siglo 21,TECNICO EN GESTION CONTABLE IMPOSITIVA, ,R.M.0164/10,A DISTANCIA,Pregrado
174,Universidad Empresarial Siglo 21,TECNICO EN GESTION DE EMPRESAS FAMILIARES,TÉCNICATURA EN GESTIÓN DE EMPRESAS FAMILIARES -MODALIDAD A DISTANCIA-,R.M./1692/2013,A DISTANCIA,Pregrado
174,Universidad Empresarial Siglo 21,TÉCNICO EN GESTIÓN DE LA EMPRESA AGRARIA -MODALIDAD A DISTANCIA-,TECNICATURA EN GESTIÓN DE LA EMPRESA AGRARIA - MODALIDAD A DISTANCIA-,R.M./1760/2015,A DISTANCIA,Pregrado
174,Universidad Empresarial Siglo 21,TECNICO EN HIGIENE Y SEGURIDAD LABORAL,TECNICATURA EN HIGIENE Y SEGURIDAD LABORAL,R.M./1933/2011,A DISTANCIA,Pregrado
174,Universidad Empresarial Siglo 21,TÉCNICO EN INVESTIGACIÓN DE LA ESCENA DEL CRIMEN -MODALIDAD A DISTANCIA-,TECNICATURA EN INVESTIGACIÓN DE LA ESCENA DEL CRIMEN -MODALIDAD A DISTANCIA-,R.M./2214/2014,A DISTANCIA,Pregrado
174,Universidad Empresarial Siglo 21,TECNICO EN PROGRAMACION JAVA,TECNICATURA EN PROGRAMACIÓN JAVA -MODALIDAD A DISTANCIA-,R.M./592/2012,A DISTANCIA,Pregrado
174,Universidad Empresarial Siglo 21,TECNICO EN RELACIONES LABORALES,TECNICATURA EN RELACIONES LABORALES -MODALIDAD A DISTANCIA-,R.M./1138/2013,A DISTANCIA,Pregrado
174,Universidad Empresarial Siglo 21,TECNICO EN RESPONSABILIDAD Y GESTION SOCIAL,TECNICATURA EN RESPONSABILIDAD Y GESTIÓN SOCIAL- MODALIDAD A DISTANCIA-,R.M./1328/2013,A DISTANCIA,Pregrado
174,Universidad Empresarial Siglo 21,TECNICO EN SOPORTE DE COMPUTACION, ,R.M.0163/10,A DISTANCIA,Pregrado
174,Universidad Empresarial Siglo 21,TECNICO UNIVERSITARIO EN ADMINISTRACION AGRARIA, ,R.M.1078/98,PRESENCIAL,Pregrado
174,Universidad Empresarial Siglo 21,TÉCNICO UNIVERSITARIO EN ADMINISTRACIÓN AGRARIA,LICENCIATURA EN ADMINISTRACIÓN AGRARIA,R.M./2702/2016,A DISTANCIA,Pregrado
174,Universidad Empresarial Siglo 21,TECNICO UNIVERSITARIO EN ADMINISTRACION DE EMPRESAS GASTRONOMICAS, ,R.M.0642/05,PRESENCIAL,Pregrado
174,Universidad Empresarial Siglo 21,TÉCNICO UNIVERSITARIO EN ADMINISTRACIÓN Y GESTIÓN DE POLÍTICAS PÚBLICAS -MODALIDAD A DISTANCIA-,TECNICATURA UNIVERSITARIA EN ADMINISTRACIÓN Y GESTIÓN DE POLÍTICAS PÚBLICAS -MODALIDAD A DISTANCIA-,R.M./11/2015,A DISTANCIA,Pregrado
174,Universidad Empresarial Siglo 21,TÉCNICO UNIVERSITARIO EN COMERCIO INTERNACIONAL, ,R.M. 1080/98,PRESENCIAL,Pregrado
174,Universidad Empresarial Siglo 21,TÉCNICO UNIVERSITARIO EN COMERCIO INTERNACIONAL,LICENCIATURA EN COMERCIO INTERNACIONAL -MODALIDAD A DISTANCIA-,R.M./1382/2015,A DISTANCIA,Pregrado
174,Universidad Empresarial Siglo 21,TECNICO UNIVERSITARIO EN DISEÑO DE INDUMENTARIA Y TEXTIL, ,R.M.1137/07,PRESENCIAL,Pregrado
174,Universidad Empresarial Siglo 21,TECNICO UNIVERSITARIO EN DISEÑO GRAFICO, ,R.M.1079/98,PRESENCIAL,Pregrado
174,Universidad Empresarial Siglo 21,TÉCNICO UNIVERSITARIO EN DISEÑO INDUSTRIAL, ,R.M.0246/01,PRESENCIAL,Pregrado
174,Universidad Empresarial Siglo 21,TÉCNICO UNIVERSITARIO EN DISEÑO Y ANIMACIÓN DIGITAL,TECNICATURA UNIVERSITARIA EN DISEÑO Y ANIMACIÓN DIGITAL,R.M./2177/2015,A DISTANCIA,Pregrado
174,Universidad Empresarial Siglo 21,TÉCNICO UNIVERSITARIO EN EVALUACIÓN DEL IMPACTO AMBIENTAL, ,R.M.1711/99,PRESENCIAL,Pregrado
174,Universidad Empresarial Siglo 21,TÉCNICO UNIVERSITARIO EN EVALUACIÓN DEL IMPACTO AMBIENTAL,LICENCIATURA EN GESTIÓN AMBIENTAL,R.M./808/2016,A DISTANCIA,Pregrado
174,Universidad Empresarial Siglo 21,TÉCNICO UNIVERSITARIO EN GESTIÓN DEL CLIMA LABORAL EN LA ORGANIZACIÓN,TECNICATURA UNIVERSITARIA EN GESTIÓN DEL CLIMA LABORAL EN LA ORGANIZACIÓN,R.M./2952/2015,A DISTANCIA,Pregrado
174,Universidad Empresarial Siglo 21,TÉCNICO UNIVERSITARIO EN GESTIÓN DE MODA -MODALIDAD A DISTANCIA-,TECNICATURA UNIVERSITARIA EN GESTIÓN DE MODA -MODALIDAD A DISTANCIA-,R.M./3067/2015,A DISTANCIA,Pregrado
174,Universidad Empresarial Siglo 21,TÉCNICO UNIVERSITARIO EN GESTIÓN DE RECURSOS HUMANOS,LICENCIATURA EN GESTIÓN DE RECURSOS HUMANOS,R.M.1571/98 - R.M./2172/2015,A DISTANCIA,Pregrado
174,Universidad Empresarial Siglo 21,TÉCNICO UNIVERSITARIO EN GESTIÓN DE RECURSOS TURÍSTICOS,TECNICATURA UNIVERSITARIA EN GESTIÓN DE RECURSOS TURÍSTICOS,R.M./2289/2015,A DISTANCIA,Pregrado
174,Universidad Empresarial Siglo 21,TÉCNICO UNIVERSITARIO EN HOTELERÍA,LICENCIATURA EN ADMINISTRACIÓN HOTELERA,R.M.0600/05 - R.M./1857/2015,A DISTANCIA,Pregrado
174,Universidad Empresarial Siglo 21,TÉCNICO UNIVERSITARIO EN MARKETING Y PUBLICIDAD DIGITAL,TECNICATURA UNIVERSITARIA EN MARKETING Y PUBLICIDAD DIGITAL,R.M./2176/2015,A DISTANCIA,Pregrado
174,Universidad Empresarial Siglo 21,TECNICO UNIVERSITARIO EN PLANIFICACION GERENCIAL, ,R.M.0924/95,PRESENCIAL,Pregrado
174,Universidad Empresarial Siglo 21,TÉCNICO UNIVERSITARIO EN PLANIFICACIÓN GERENCIAL -MODALIDAD A DISTANCIA-,LICENCIATURA EN ADMINISTRACIÓN -MODALIDAD A DISTANCIA-,R.M./1307/2015,A DISTANCIA,Pregrado
174,Universidad Empresarial Siglo 21,TÉCNICO UNIVERSITARIO EN PUBLICIDAD,LICENCIATURA EN PUBLICIDAD,R.M./1173/2019,PRESENCIAL,Pregrado
174,Universidad Empresarial Siglo 21,TÉCNICO UNIVERSITARIO EN PUBLICIDAD, ,R.M.2412/98,PRESENCIAL,Pregrado
174,Universidad Empresarial Siglo 21,TÉCNICO UNIVERSITARIO EN TURISMO,LICENCIATURA EN GESTIÓN TURÍSTICA,R.M./1966/2019,PRESENCIAL,Pregrado
